{"type":"FeatureCollection","features":[{"type":"Feature","properties":{"geoid":"4202700","name":"Austin Area School District"},"geometry":{"type":"Polygon","coordinates":[[[-78.2043,41.7364],[-78.0688,41.7365],[-78.0689,41.6506],[-77.9955,41.6504],[-77.9657,41.6488],[-77.9643,41.6229],[-77.8415,41.6244],[-77.8414,41.6517],[-77.8286,41.6521],[-77.8262,41.477],[-77.9892,41.4748],[-78.0504,41.4755],[-78.2036,41.6176],[-78.2043,41.7364]]]}},{"type":"Feature","properties":{"geoid":"4206930","name":"Coudersport Area School District"},"geometry":{"type":"Polygon","coordinates":[[[-78.0916,41.8167],[-78.0898,41.9133],[-77.9632,41.9135],[-77.9632,41.8916],[-77.9558,41.892],[-77.9558,41.8975],[-77.951,41.9006],[-77.9483,41.8991],[-77.9249,41.8991],[-77.9241,41.895],[-77.9066,41.8955],[-77.9065,41.8966],[-77.901,41.8967],[-77.9009,41.8847],[-77.9219,41.8843],[-77.9263,41.8815],[-77.9274,41.8706],[-77.9337,41.8705],[-77.9375,41.8623],[-77.9279,41.8623],[-77.9274,41.8586],[-77.9244,41.8587],[-77.9249,41.8529],[-77.9203,41.8532],[-77.9159,41.859],[-77.9103,41.8591],[-77.9105,41.8566],[-77.9131,41.8563],[-77.9177,41.8515],[-77.9083,41.8517],[-77.9072,41.8546],[-77.8978,41.8547],[-77.8984,41.8425],[-77.8931,41.8424],[-77.8932,41.837],[-77.8883,41.8367],[-77.8885,41.8283],[-77.8829,41.8282],[-77.8826,41.8216],[-77.8762,41.8211],[-77.8759,41.8164],[-77.8454,41.8162],[-77.8452,41.7363],[-77.8414,41.6517],[-77.8415,41.6244],[-77.9643,41.6229],[-77.9657,41.6488],[-77.9955,41.6504],[-78.0689,41.6506],[-78.0688,41.7365],[-78.0925,41.7365],[-78.0916,41.8167]]]}},{"type":"Feature","properties":{"geoid":"4209940","name":"Forest Hills School District"},"geometry":{"type":"Polygon","coordinates":[[[-78.8133,40.3513],[-78.8008,40.3619],[-78.7986,40.3669],[-78.8091,40.3914],[-78.7889,40.3908],[-78.7881,40.4243],[-78.7721,40.4181],[-78.7274,40.4284],[-78.7104,40.425],[-78.7033,40.4326],[-78.7001,40.4331],[-78.6895,40.4281],[-78.6862,40.4287],[-78.6916,40.4158],[-78.6865,40.4131],[-78.6859,40.4109],[-78.6881,40.409],[-78.6949,40.409],[-78.6975,40.4063],[-78.6961,40.4053],[-78.6845,40.3613],[-78.6808,40.3543],[-78.661,40.3445],[-78.6189,40.3265],[-78.6252,40.3143],[-78.6364,40.3055],[-78.6427,40.2831],[-78.6517,40.2815],[-78.6438,40.2591],[-78.6583,40.2432],[-78.8026,40.2443],[-78.8108,40.2675],[-78.8122,40.2965],[-78.8105,40.3108],[-78.8124,40.322],[-78.8133,40.3513]]]}},{"type":"Feature","properties":{"geoid":"4217730","name":"Northern Tioga School District"},"geometry":{"type":"Polygon","coordinates":[[[-77.61,41.9995],[-77.1247,41.9994],[-76.9271,42.0017],[-76.9142,41.9149],[-77.0483,41.9134],[-77.0453,41.856],[-77.1796,41.8559],[-77.1804,41.9071],[-77.3511,41.9037],[-77.3476,41.8239],[-77.4209,41.8227],[-77.4209,41.839],[-77.4737,41.8385],[-77.4734,41.8111],[-77.6055,41.8083],[-77.61,41.9995]]]}},{"type":"Feature","properties":{"geoid":"4220760","name":"Salisbury-Elk Lick School District"},"geometry":{"type":"Polygon","coordinates":[[[-79.2288,39.7982],[-79.1722,39.804],[-79.1498,39.8526],[-79.147,39.8528],[-79.1423,39.8501],[-79.1377,39.8372],[-79.1229,39.8106],[-79.0784,39.8059],[-79.0577,39.7847],[-79.0461,39.7827],[-79.0437,39.7797],[-79.0462,39.7765],[-79.0437,39.7772],[-79.0431,39.7753],[-79.0173,39.7711],[-79.0449,39.7338],[-79.0566,39.7228],[-79.2084,39.7222],[-79.1993,39.7404],[-79.2092,39.7454],[-79.2369,39.7778],[-79.2288,39.7982]]]}},{"type":"Feature","properties":{"geoid":"4222920","name":"Sullivan County School District"},"geometry":{"type":"Polygon","coordinates":[[[-76.8137,41.59],[-76.2201,41.5413],[-76.2281,41.5111],[-76.3103,41.3102],[-76.4079,41.3084],[-76.4476,41.2756],[-76.5485,41.2931],[-76.5478,41.2957],[-76.5925,41.3043],[-76.7495,41.4056],[-76.8137,41.59]]]}},{"type":"Feature","properties":{"geoid":"4209540","name":"Fairfield Area School District"},"geometry":{"type":"Polygon","coordinates":[[[-77.466,39.8598],[-77.4593,39.866],[-77.4507,39.8705],[-77.448,39.8679],[-77.434,39.8617],[-77.4296,39.8569],[-77.4003,39.8428],[-77.3968,39.8364],[-77.3929,39.8373],[-77.3875,39.8365],[-77.3793,39.8394],[-77.3785,39.8414],[-77.374,39.8414],[-77.3725,39.8426],[-77.3681,39.8413],[-77.3614,39.8473],[-77.3569,39.8496],[-77.3559,39.8488],[-77.3512,39.8381],[-77.345,39.8304],[-77.3476,39.8124],[-77.3521,39.8048],[-77.3499,39.8003],[-77.3424,39.793],[-77.3404,39.7875],[-77.3246,39.787],[-77.3219,39.7886],[-77.3203,39.72],[-77.4591,39.72],[-77.4632,39.8205],[-77.466,39.8598]]]}},{"type":"Feature","properties":{"geoid":"4221490","name":"Shenandoah Valley School District"},"geometry":{"type":"MultiPolygon","coordinates":[[[[-76.2439,40.7882],[-76.1943,40.7972],[-76.1918,40.7898],[-76.1849,40.7914],[-76.1809,40.7816],[-76.2239,40.7721],[-76.2304,40.7774],[-76.2236,40.7785],[-76.2295,40.7904],[-76.242,40.7879],[-76.2415,40.7867],[-76.2439,40.7882]]],[[[-76.2751,40.8133],[-76.1795,40.8477],[-76.1736,40.8276],[-76.1826,40.8261],[-76.1808,40.8175],[-76.2024,40.8137],[-76.1995,40.8046],[-76.2516,40.7946],[-76.2751,40.8133]]]]}},{"type":"Feature","properties":{"geoid":"4222710","name":"St. Clair Area School District"},"geometry":{"type":"Polygon","coordinates":[[[-76.2689,40.762],[-76.2369,40.7768],[-76.2304,40.7774],[-76.2197,40.7686],[-76.0828,40.7714],[-76.0579,40.6988],[-76.1252,40.6858],[-76.13,40.6958],[-76.1511,40.6886],[-76.1585,40.705],[-76.1638,40.7043],[-76.1823,40.6948],[-76.1921,40.7102],[-76.1962,40.7142],[-76.2471,40.711],[-76.2464,40.7158],[-76.2477,40.7221],[-76.2689,40.762]]]}},{"type":"Feature","properties":{"geoid":"4223700","name":"Tri-Valley School District"},"geometry":{"type":"Polygon","coordinates":[[[-76.7005,40.6631],[-76.6947,40.6629],[-76.6001,40.6971],[-76.5654,40.7078],[-76.4695,40.7432],[-76.4638,40.7435],[-76.4601,40.7451],[-76.4536,40.7446],[-76.4451,40.7501],[-76.4413,40.7491],[-76.4362,40.7511],[-76.4287,40.7504],[-76.4171,40.7517],[-76.4058,40.7497],[-76.3944,40.7531],[-76.3893,40.7523],[-76.3889,40.7484],[-76.3844,40.7449],[-76.3823,40.7448],[-76.3812,40.7452],[-76.3803,40.7511],[-76.377,40.7536],[-76.3727,40.7521],[-76.3534,40.7308],[-76.3628,40.7215],[-76.42,40.6791],[-76.3941,40.6651],[-76.4087,40.6606],[-76.442,40.6396],[-76.4578,40.6358],[-76.4568,40.6314],[-76.6096,40.6009],[-76.7016,40.6581],[-76.7005,40.6631]]]}},{"type":"Feature","properties":{"geoid":"4212570","name":"Johnsonburg Area School District"},"geometry":{"type":"Polygon","coordinates":[[[-78.7833,41.6247],[-78.676,41.625],[-78.4838,41.6315],[-78.4829,41.6023],[-78.4205,41.6019],[-78.4184,41.5572],[-78.4184,41.544],[-78.4202,41.544],[-78.4202,41.5153],[-78.484,41.516],[-78.4839,41.5215],[-78.611,41.5233],[-78.611,41.5182],[-78.6422,41.5181],[-78.6412,41.4428],[-78.6485,41.4428],[-78.6485,41.4409],[-78.6938,41.4408],[-78.6914,41.4542],[-78.6978,41.4508],[-78.7012,41.4507],[-78.6928,41.4601],[-78.6962,41.4602],[-78.6959,41.4679],[-78.7289,41.4677],[-78.7295,41.4907],[-78.7252,41.4907],[-78.7284,41.4968],[-78.7285,41.5025],[-78.7393,41.5033],[-78.7406,41.513],[-78.7465,41.513],[-78.749,41.5183],[-78.7828,41.5183],[-78.7833,41.6247]]]}},{"type":"Feature","properties":{"geoid":"4220640","name":"St. Marys Area School District"},"geometry":{"type":"Polygon","coordinates":[[[-78.6797,41.3756],[-78.6483,41.3755],[-78.6485,41.4428],[-78.6412,41.4428],[-78.6422,41.5181],[-78.611,41.5182],[-78.611,41.5233],[-78.4839,41.5215],[-78.484,41.516],[-78.4202,41.5153],[-78.4212,41.4738],[-78.4196,41.4737],[-78.42,41.405],[-78.254,41.4047],[-78.2544,41.3236],[-78.2347,41.3234],[-78.2368,41.2305],[-78.5278,41.2462],[-78.6787,41.2557],[-78.6797,41.3756]]]}},{"type":"Feature","properties":{"geoid":"4223760","name":"Trinity Area School District"},"geometry":{"type":"Polygon","coordinates":[[[-80.3382,40.2099],[-80.3249,40.2232],[-80.3322,40.2382],[-80.3113,40.25],[-80.3076,40.2472],[-80.3036,40.2462],[-80.2997,40.2368],[-80.295,40.234],[-80.2869,40.2251],[-80.286,40.2192],[-80.2868,40.2132],[-80.2858,40.21],[-80.2792,40.2038],[-80.2663,40.2014],[-80.2656,40.2052],[-80.2635,40.2067],[-80.253,40.2053],[-80.2472,40.2089],[-80.2369,40.2118],[-80.226,40.2117],[-80.2162,40.2189],[-80.2145,40.2235],[-80.208,40.221],[-80.1959,40.212],[-80.1852,40.2019],[-80.174,40.1974],[-80.17,40.1933],[-80.1655,40.1844],[-80.1528,40.1862],[-80.1349,40.1828],[-80.1362,40.1803],[-80.1365,40.1696],[-80.134,40.1654],[-80.1327,40.1579],[-80.1341,40.1564],[-80.1309,40.1493],[-80.132,40.1383],[-80.1333,40.1353],[-80.1328,40.1326],[-80.1401,40.1216],[-80.1472,40.1129],[-80.1507,40.1107],[-80.1556,40.1036],[-80.1566,40.0994],[-80.1663,40.0867],[-80.1718,40.0728],[-80.1686,40.0701],[-80.1682,40.068],[-80.1614,40.0634],[-80.155,40.0603],[-80.1458,40.059],[-80.1436,40.0575],[-80.1467,40.0551],[-80.1415,40.0529],[-80.1452,40.0494],[-80.1439,40.0419],[-80.1377,40.0343],[-80.1397,40.0304],[-80.1376,40.0268],[-80.1311,40.0221],[-80.1256,40.0207],[-80.1296,40.0174],[-80.1252,40.015],[-80.1265,40.0128],[-80.1297,40.0115],[-80.1345,40.0126],[-80.1395,40.0113],[-80.1432,40.0118],[-80.1456,40.0104],[-80.1475,40.006],[-80.1573,39.9996],[-80.1605,40.0033],[-80.1698,40.0062],[-80.1721,40.0055],[-80.1753,40.008],[-80.1813,40.0066],[-80.1824,40.0032],[-80.1878,40.0033],[-80.1903,40.0018],[-80.1939,40.0049],[-80.1971,40.0048],[-80.1994,40.0032],[-80.2048,40.0035],[-80.2082,40.0051],[-80.2148,40.0028],[-80.2228,40.0047],[-80.2264,40.0078],[-80.2217,40.0217],[-80.2206,40.0308],[-80.2223,40.0362],[-80.2273,40.0412],[-80.2323,40.0419],[-80.2345,40.0535],[-80.2422,40.0606],[-80.2428,40.0626],[-80.255,40.0728],[-80.2342,40.082],[-80.2384,40.0846],[-80.2417,40.0888],[-80.2414,40.0965],[-80.2438,40.1049],[-80.2433,40.107],[-80.2501,40.1168],[-80.2472,40.1177],[-80.246,40.1205],[-80.2413,40.1247],[-80.3076,40.1456],[-80.3125,40.1623],[-80.3121,40.1692],[-80.3166,40.1777],[-80.3165,40.1813],[-80.3129,40.1846],[-80.3274,40.1929],[-80.3353,40.2017],[-80.3382,40.2099]],[[-80.2682,40.1666],[-80.2578,40.17],[-80.2533,40.1696],[-80.2527,40.1666],[-80.247,40.1648],[-80.2478,40.1596],[-80.2432,40.1564],[-80.2401,40.159],[-80.2401,40.1611],[-80.2235,40.1607],[-80.2229,40.163],[-80.2179,40.1685],[-80.2161,40.1677],[-80.2152,40.1705],[-80.2225,40.1742],[-80.2256,40.1722],[-80.2287,40.172],[-80.2272,40.1748],[-80.2233,40.1754],[-80.2242,40.1781],[-80.226,40.1792],[-80.2239,40.1799],[-80.228,40.1808],[-80.2325,40.1776],[-80.2357,40.1793],[-80.2355,40.1803],[-80.2472,40.184],[-80.2499,40.184],[-80.2495,40.1819],[-80.2534,40.1832],[-80.2522,40.1853],[-80.2545,40.1855],[-80.2651,40.1965],[-80.2685,40.1927],[-80.2694,40.1859],[-80.2579,40.1759],[-80.2668,40.1726],[-80.2678,40.1687],[-80.2699,40.169],[-80.2682,40.1666]]]}},{"type":"Feature","properties":{"geoid":"4224150","name":"Uniontown Area School District"},"geometry":{"type":"MultiPolygon","coordinates":[[[[-79.7291,39.7462],[-79.7227,39.7543],[-79.7181,39.7546],[-79.7144,39.7656],[-79.7039,39.7714],[-79.7036,39.7826],[-79.7015,39.7867],[-79.7025,39.7892],[-79.7021,39.7948],[-79.6972,39.8],[-79.692,39.8098],[-79.688,39.812],[-79.6821,39.8184],[-79.6769,39.8312],[-79.6705,39.8336],[-79.662,39.8437],[-79.6549,39.8472],[-79.6564,39.8497],[-79.645,39.8476],[-79.6298,39.8606],[-79.5839,39.8856],[-79.5852,39.8874],[-79.5073,39.92],[-79.4868,39.9273],[-79.4806,39.9251],[-79.4728,39.9191],[-79.4652,39.9192],[-79.4569,39.9236],[-79.4519,39.9243],[-79.3873,39.9223],[-79.3916,39.9195],[-79.3876,39.9157],[-79.3988,39.9005],[-79.4176,39.8538],[-79.4098,39.8493],[-79.3937,39.8435],[-79.3896,39.8396],[-79.3815,39.8363],[-79.383,39.83],[-79.3821,39.8271],[-79.3752,39.828],[-79.3716,39.8271],[-79.3673,39.8227],[-79.3657,39.8205],[-79.364,39.8068],[-79.3688,39.8015],[-79.3683,39.7959],[-79.3653,39.7901],[-79.3626,39.7885],[-79.3544,39.7885],[-79.3513,39.7866],[-79.3545,39.7825],[-79.3568,39.7815],[-79.3801,39.7901],[-79.3831,39.7825],[-79.3893,39.7841],[-79.395,39.7834],[-79.3954,39.7825],[-79.3917,39.778],[-79.3803,39.7732],[-79.3787,39.7689],[-79.3863,39.7619],[-79.3986,39.7583],[-79.3997,39.7549],[-79.3942,39.7473],[-79.3941,39.7433],[-79.408,39.742],[-79.41,39.735],[-79.4062,39.7336],[-79.402,39.7342],[-79.3987,39.7332],[-79.3969,39.7341],[-79.3927,39.7327],[-79.3895,39.7271],[-79.3925,39.7214],[-79.719,39.7209],[-79.7192,39.7429],[-79.7259,39.7431],[-79.7255,39.7458],[-79.7291,39.7462]]],[[[-79.7455,39.9012],[-79.744,39.903],[-79.7452,39.903],[-79.7431,39.9038],[-79.7421,39.9022],[-79.736,39.9023],[-79.736,39.9039],[-79.7388,39.9059],[-79.7367,39.9084],[-79.7349,39.9079],[-79.7335,39.9112],[-79.7309,39.9118],[-79.7272,39.9096],[-79.7276,39.9061],[-79.723,39.9103],[-79.7241,39.9084],[-79.7216,39.9087],[-79.7225,39.9093],[-79.7218,39.9109],[-79.7201,39.9113],[-79.7142,39.907],[-79.7154,39.9059],[-79.7116,39.9035],[-79.7056,39.9027],[-79.7033,39.8985],[-79.7048,39.8983],[-79.7081,39.894],[-79.7126,39.8928],[-79.7146,39.8944],[-79.7165,39.8944],[-79.7182,39.8926],[-79.7213,39.8943],[-79.7233,39.8937],[-79.7213,39.8872],[-79.7261,39.8875],[-79.7258,39.8922],[-79.7275,39.8917],[-79.7283,39.8894],[-79.7316,39.8899],[-79.7322,39.889],[-79.7304,39.8877],[-79.732,39.8867],[-79.733,39.8827],[-79.7352,39.883],[-79.7348,39.8874],[-79.736,39.8887],[-79.7382,39.8886],[-79.734,39.8951],[-79.7351,39.896],[-79.7381,39.895],[-79.742,39.9002],[-79.7409,39.9005],[-79.7388,39.8974],[-79.7365,39.8988],[-79.7389,39.9008],[-79.7455,39.9012]]],[[[-79.8496,39.9373],[-79.8441,39.9404],[-79.8312,39.943],[-79.8259,39.942],[-79.8196,39.9606],[-79.8108,39.9653],[-79.7999,39.9877],[-79.7923,39.9913],[-79.7882,39.998],[-79.7908,39.9999],[-79.7904,40.0053],[-79.8,40.0101],[-79.7998,40.012],[-79.7954,40.0127],[-79.7946,40.0142],[-79.8012,40.0164],[-79.8009,40.0236],[-79.7963,40.0236],[-79.7896,40.0282],[-79.787,40.0361],[-79.7836,40.0388],[-79.7798,40.0499],[-79.7759,40.0497],[-79.777,40.0467],[-79.7739,40.0458],[-79.7718,40.0422],[-79.7606,40.0424],[-79.7521,40.0402],[-79.7414,40.0394],[-79.7342,40.0338],[-79.7311,40.0364],[-79.7234,40.0383],[-79.7228,40.0408],[-79.7181,40.044],[-79.716,40.0502],[-79.7148,40.0504],[-79.7141,40.0552],[-79.7105,40.0591],[-79.7091,40.0629],[-79.7035,40.0613],[-79.7,40.0532],[-79.6958,40.0514],[-79.6942,40.0521],[-79.6928,40.0558],[-79.6888,40.0606],[-79.6849,40.0611],[-79.6816,40.0598],[-79.6784,40.0536],[-79.6741,40.0517],[-79.6741,40.0495],[-79.6696,40.0452],[-79.6733,40.0333],[-79.6725,40.0328],[-79.6735,40.0329],[-79.6794,40.0229],[-79.6789,40.022],[-79.6956,39.9889],[-79.6919,39.9855],[-79.6881,39.9848],[-79.6889,39.9835],[-79.697,39.9833],[-79.699,39.9811],[-79.7021,39.968],[-79.7034,39.9663],[-79.7029,39.9585],[-79.7105,39.9626],[-79.7241,39.9555],[-79.7293,39.9513],[-79.7453,39.9532],[-79.7462,39.9542],[-79.7436,39.9554],[-79.7435,39.9566],[-79.7465,39.9573],[-79.7505,39.9539],[-79.7507,39.9501],[-79.7529,39.9493],[-79.7521,39.9472],[-79.7535,39.9431],[-79.7499,39.932],[-79.748,39.9312],[-79.7481,39.9293],[-79.7501,39.9285],[-79.7489,39.9229],[-79.7496,39.921],[-79.7532,39.9192],[-79.7662,39.9183],[-79.7689,39.9161],[-79.7714,39.9124],[-79.7696,39.9091],[-79.7727,39.9019],[-79.7675,39.8997],[-79.7748,39.8993],[-79.7805,39.8969],[-79.7985,39.8965],[-79.7982,39.8984],[-79.8005,39.9007],[-79.8056,39.9026],[-79.809,39.9113],[-79.813,39.9177],[-79.8212,39.9186],[-79.8322,39.923],[-79.8362,39.9227],[-79.8392,39.9182],[-79.8416,39.9189],[-79.8433,39.9204],[-79.841,39.923],[-79.8415,39.9257],[-79.845,39.9283],[-79.848,39.9337],[-79.8492,39.9333],[-79.8502,39.9349],[-79.8496,39.9373]]]]}},{"type":"Feature","properties":{"geoid":"4204860","name":"Camp Hill School District"},"geometry":{"type":"Polygon","coordinates":[[[-76.9436,40.2353],[-76.9401,40.2365],[-76.9428,40.2429],[-76.9371,40.2441],[-76.9369,40.2466],[-76.9329,40.2475],[-76.94,40.2567],[-76.934,40.2593],[-76.9307,40.256],[-76.9252,40.2557],[-76.9258,40.2549],[-76.9241,40.2538],[-76.9227,40.2491],[-76.9167,40.2504],[-76.9151,40.2468],[-76.9163,40.2461],[-76.9071,40.2383],[-76.9173,40.233],[-76.9322,40.2298],[-76.933,40.2328],[-76.9423,40.2305],[-76.9436,40.2353]]]}},{"type":"Feature","properties":{"geoid":"4222050","name":"South Middleton School District"},"geometry":{"type":"Polygon","coordinates":[[[-77.242,40.1857],[-77.231,40.1877],[-77.2315,40.1897],[-77.2224,40.1947],[-77.2175,40.1934],[-77.2135,40.1872],[-77.2083,40.1878],[-77.2098,40.1861],[-77.2075,40.1837],[-77.2056,40.1846],[-77.2062,40.1807],[-77.2023,40.1811],[-77.2024,40.183],[-77.1872,40.1816],[-77.1874,40.1844],[-77.1894,40.1866],[-77.1873,40.1865],[-77.186,40.194],[-77.1823,40.194],[-77.1728,40.1975],[-77.1715,40.1968],[-77.1711,40.2],[-77.1043,40.1949],[-77.1118,40.181],[-77.1191,40.172],[-77.1235,40.1507],[-77.1227,40.1471],[-77.1142,40.1223],[-77.0804,40.111],[-77.1556,40.0567],[-77.1774,40.0374],[-77.2101,40.1138],[-77.2189,40.1375],[-77.237,40.1668],[-77.242,40.1857]],[[-77.1952,40.123],[-77.195,40.1105],[-77.1814,40.0962],[-77.1757,40.1017],[-77.1787,40.1158],[-77.177,40.1175],[-77.1776,40.1196],[-77.1806,40.1248],[-77.1952,40.1249],[-77.1952,40.123]]]}},{"type":"Feature","properties":{"geoid":"4223490","name":"Titusville Area School District"},"geometry":{"type":"Polygon","coordinates":[[[-79.7729,41.7478],[-79.7696,41.7488],[-79.7714,41.7746],[-79.6126,41.7746],[-79.613,41.7053],[-79.5327,41.7042],[-79.5325,41.7065],[-79.4941,41.7061],[-79.4956,41.6793],[-79.4954,41.63],[-79.4934,41.63],[-79.4935,41.6247],[-79.5121,41.6246],[-79.5113,41.5064],[-79.5707,41.5066],[-79.5714,41.5369],[-79.6517,41.5364],[-79.6516,41.534],[-79.6594,41.5336],[-79.6602,41.5309],[-79.6634,41.5298],[-79.6714,41.5318],[-79.6769,41.531],[-79.6773,41.5257],[-79.7082,41.5263],[-79.7082,41.5277],[-79.7466,41.5273],[-79.7472,41.5354],[-79.7592,41.5337],[-79.77,41.5561],[-79.7662,41.5571],[-79.7708,41.5674],[-79.7622,41.57],[-79.7684,41.5836],[-79.7684,41.6177],[-79.748,41.6179],[-79.7469,41.7174],[-79.7501,41.7174],[-79.7501,41.7164],[-79.7708,41.7166],[-79.7729,41.7478]]]}},{"type":"Feature","properties":{"geoid":"4203690","name":"Blacklick Valley School District"},"geometry":{"type":"Polygon","coordinates":[[[-78.9225,40.4825],[-78.8747,40.5767],[-78.8478,40.5768],[-78.8489,40.5735],[-78.8511,40.5737],[-78.8501,40.5702],[-78.8532,40.5646],[-78.7998,40.5447],[-78.8012,40.5235],[-78.8009,40.503],[-78.79,40.459],[-78.7962,40.4595],[-78.798,40.4582],[-78.8053,40.458],[-78.8118,40.4604],[-78.8128,40.4592],[-78.8212,40.4605],[-78.821,40.4594],[-78.8227,40.4588],[-78.8239,40.4595],[-78.8301,40.4572],[-78.8343,40.4575],[-78.849,40.4652],[-78.8483,40.4745],[-78.8422,40.4762],[-78.845,40.4812],[-78.8512,40.484],[-78.8544,40.4842],[-78.858,40.4882],[-78.8653,40.4919],[-78.8682,40.4968],[-78.87,40.4965],[-78.8704,40.4946],[-78.8681,40.4925],[-78.8684,40.4895],[-78.8815,40.4869],[-78.8816,40.4858],[-78.8837,40.4853],[-78.8889,40.4871],[-78.8915,40.4843],[-78.8984,40.4877],[-78.9038,40.4884],[-78.9059,40.4869],[-78.9068,40.484],[-78.905,40.486],[-78.9017,40.4804],[-78.9086,40.4729],[-78.9237,40.4805],[-78.9225,40.4825]]]}},{"type":"Feature","properties":{"geoid":"4219560","name":"Portage Area School District"},"geometry":{"type":"Polygon","coordinates":[[[-78.6975,40.4063],[-78.6949,40.409],[-78.6881,40.409],[-78.6859,40.4109],[-78.6865,40.4131],[-78.6916,40.4158],[-78.6862,40.4287],[-78.6782,40.4267],[-78.6737,40.4289],[-78.6699,40.4275],[-78.661,40.4303],[-78.6546,40.4348],[-78.642,40.4112],[-78.6384,40.4105],[-78.6382,40.4072],[-78.6415,40.4057],[-78.5615,40.3697],[-78.6022,40.3536],[-78.6189,40.3265],[-78.661,40.3445],[-78.6808,40.3543],[-78.6845,40.3613],[-78.6961,40.4053],[-78.6975,40.4063]]]}},{"type":"Feature","properties":{"geoid":"4218360","name":"Palmerton Area School District"},"geometry":{"type":"Polygon","coordinates":[[[-75.6735,40.8153],[-75.6175,40.8277],[-75.633,40.8946],[-75.5564,40.9287],[-75.4936,40.8464],[-75.4742,40.8147],[-75.4785,40.8131],[-75.508,40.8091],[-75.519,40.8088],[-75.5284,40.8067],[-75.5415,40.8068],[-75.5514,40.8046],[-75.5575,40.8012],[-75.5775,40.7994],[-75.5955,40.7933],[-75.5984,40.7901],[-75.6026,40.788],[-75.609,40.7874],[-75.6115,40.7909],[-75.6181,40.795],[-75.6185,40.7977],[-75.6223,40.7975],[-75.624,40.7954],[-75.64,40.7907],[-75.6448,40.7909],[-75.6466,40.7891],[-75.6509,40.7895],[-75.6527,40.7914],[-75.668,40.7977],[-75.6722,40.8033],[-75.671,40.8051],[-75.6706,40.8116],[-75.6735,40.8153]]]}},{"type":"Feature","properties":{"geoid":"4223640","name":"Tredyffrin-Easttown School District"},"geometry":{"type":"Polygon","coordinates":[[[-75.5304,40.0749],[-75.4566,40.0939],[-75.4562,40.0878],[-75.4407,40.0943],[-75.4379,40.0896],[-75.4201,40.0972],[-75.3926,40.061],[-75.3667,40.0724],[-75.3611,40.0655],[-75.415,40.0418],[-75.4043,40.0274],[-75.4488,39.9969],[-75.4793,40.036],[-75.4827,40.0346],[-75.4943,40.0502],[-75.507,40.0454],[-75.5304,40.0749]]]}},{"type":"Feature","properties":{"geoid":"4225230","name":"West Branch Area School District"},"geometry":{"type":"Polygon","coordinates":[[[-78.2828,40.9836],[-78.2689,40.9836],[-78.2677,41.027],[-78.2566,41.0269],[-78.2565,41.0354],[-78.2592,41.0355],[-78.2596,41.0508],[-78.2553,41.0484],[-78.2518,41.0488],[-78.2489,41.0514],[-78.2489,41.0528],[-78.2541,41.058],[-78.2529,41.0604],[-78.247,41.0613],[-78.2417,41.0596],[-78.2363,41.0611],[-78.2357,41.064],[-78.2382,41.0654],[-78.2448,41.0655],[-78.247,41.0678],[-78.2387,41.0702],[-78.2367,41.0723],[-78.2369,41.0757],[-78.2356,41.0781],[-78.2275,41.0763],[-78.2249,41.0723],[-78.2246,41.0652],[-78.2226,41.0633],[-78.2129,41.0605],[-78.2042,41.0636],[-78.2005,41.0617],[-78.1877,41.0624],[-78.1734,41.0562],[-78.1701,41.0568],[-78.1644,41.0603],[-78.1615,41.0604],[-78.1556,41.0557],[-78.1528,41.0552],[-78.1449,41.0588],[-78.1396,41.0596],[-78.1393,41.0845],[-78.1297,41.0845],[-78.1299,41.105],[-78.1325,41.105],[-78.1328,41.114],[-78.1548,41.1144],[-78.1497,41.2223],[-78.0934,41.2169],[-78.0536,41.2737],[-78.0214,41.2737],[-78.0215,41.2495],[-77.9895,41.2496],[-77.9892,41.2447],[-77.963,41.2457],[-77.9594,41.2175],[-77.9656,41.2096],[-77.9731,41.2042],[-77.9736,41.1891],[-77.9708,41.1747],[-77.973,41.173],[-77.9842,41.1702],[-77.9879,41.1626],[-77.9903,41.1617],[-77.9992,41.163],[-78.0008,41.1617],[-78.0018,41.1581],[-78.0003,41.151],[-78.001,41.1478],[-78.0036,41.1449],[-78.0059,41.1436],[-78.0107,41.1439],[-78.0157,41.1529],[-78.0286,41.1503],[-78.035,41.1539],[-78.0382,41.1536],[-78.0434,41.1465],[-78.0527,41.1453],[-78.056,41.132],[-78.0588,41.1309],[-78.0656,41.1323],[-78.0704,41.1306],[-78.0687,41.1243],[-78.0704,41.1219],[-78.0737,41.1221],[-78.0777,41.1252],[-78.0841,41.1259],[-78.0864,41.1236],[-78.0866,41.1194],[-78.0892,41.116],[-78.0938,41.1164],[-78.0948,41.1197],[-78.1003,41.1218],[-78.1033,41.1212],[-78.1093,41.1171],[-78.1123,41.1136],[-78.0981,41.086],[-78.0927,41.0796],[-78.0937,41.0758],[-78.0972,41.0723],[-78.0958,41.0709],[-78.0851,41.0681],[-78.0888,41.0634],[-78.0904,41.0582],[-78.0846,41.0574],[-78.0756,41.0597],[-78.0732,41.0565],[-78.0728,41.0519],[-78.0714,41.0499],[-78.0682,41.05],[-78.0624,41.0532],[-78.0594,41.0508],[-78.0641,41.0459],[-78.0573,41.0394],[-78.0571,41.0375],[-78.0656,41.0358],[-78.0693,41.0327],[-78.0783,41.0341],[-78.0803,41.0307],[-78.0773,41.0266],[-78.0713,41.0266],[-78.0705,41.0249],[-78.0749,41.0236],[-78.0756,41.0222],[-78.0679,41.0195],[-78.0698,41.0147],[-78.0691,41.0132],[-78.062,41.0133],[-78.0601,41.0122],[-78.056,41.0083],[-78.0557,41.0049],[-78.0583,41.0037],[-78.0628,41.0048],[-78.0651,41.0033],[-78.0644,41.0],[-78.0611,40.9963],[-78.0619,40.9952],[-78.0644,40.9953],[-78.0667,40.9977],[-78.0756,40.9935],[-78.0861,40.9945],[-78.0869,40.9928],[-78.0847,40.9909],[-78.0821,40.9842],[-78.0844,40.9808],[-78.0905,40.9809],[-78.0887,40.9761],[-78.0921,40.9728],[-78.0948,40.9741],[-78.0968,40.9728],[-78.0937,40.9705],[-78.0862,40.9697],[-78.0785,40.9605],[-78.0781,40.9564],[-78.0896,40.9545],[-78.0949,40.9504],[-78.0993,40.9516],[-78.1042,40.9495],[-78.1076,40.9506],[-78.1098,40.9499],[-78.1113,40.9451],[-78.1207,40.9421],[-78.1224,40.9439],[-78.1207,40.9456],[-78.1218,40.9471],[-78.127,40.9457],[-78.1339,40.9467],[-78.1306,40.9513],[-78.1323,40.9532],[-78.1354,40.954],[-78.1364,40.956],[-78.13,40.9618],[-78.1337,40.967],[-78.1364,40.966],[-78.136,40.9626],[-78.1396,40.9571],[-78.1403,40.951],[-78.1443,40.9486],[-78.1476,40.9493],[-78.1471,40.9567],[-78.1516,40.9574],[-78.1598,40.9612],[-78.1661,40.9616],[-78.1687,40.9602],[-78.1696,40.9557],[-78.1682,40.952],[-78.1623,40.9548],[-78.1594,40.9541],[-78.1594,40.9504],[-78.1556,40.9416],[-78.1625,40.9421],[-78.1646,40.9409],[-78.1633,40.9393],[-78.1665,40.9367],[-78.1713,40.9368],[-78.1723,40.9352],[-78.1715,40.9324],[-78.175,40.932],[-78.1772,40.9302],[-78.1791,40.9278],[-78.1778,40.9282],[-78.1799,40.9236],[-78.1818,40.9223],[-78.191,40.9187],[-78.1924,40.9206],[-78.1943,40.9194],[-78.196,40.92],[-78.2016,40.9158],[-78.2104,40.9174],[-78.2148,40.9148],[-78.2152,40.9133],[-78.2174,40.9138],[-78.2216,40.911],[-78.2259,40.9074],[-78.2243,40.906],[-78.225,40.9052],[-78.2383,40.9147],[-78.2326,40.9187],[-78.2418,40.927],[-78.2442,40.923],[-78.2673,40.9296],[-78.2718,40.9295],[-78.2718,40.9405],[-78.2688,40.9405],[-78.2688,40.9693],[-78.2831,40.9693],[-78.2828,40.9836]]]}},{"type":"Feature","properties":{"geoid":"4206120","name":"Claysburg-Kimmel School District"},"geometry":{"type":"Polygon","coordinates":[[[-78.6159,40.3301],[-78.6023,40.3533],[-78.4468,40.3348],[-78.4201,40.3361],[-78.4314,40.3118],[-78.4402,40.2847],[-78.4422,40.2774],[-78.4428,40.2596],[-78.4471,40.2458],[-78.4541,40.23],[-78.467,40.2072],[-78.5502,40.2307],[-78.5389,40.2503],[-78.5522,40.3012],[-78.6189,40.3265],[-78.6159,40.3301]]]}},{"type":"Feature","properties":{"geoid":"4226430","name":"Williamsburg Community School District"},"geometry":{"type":"Polygon","coordinates":[[[-78.2903,40.42],[-78.2789,40.4392],[-78.2589,40.4642],[-78.2377,40.4851],[-78.2398,40.4874],[-78.243,40.4884],[-78.2457,40.5043],[-78.2701,40.5302],[-78.2628,40.5347],[-78.2158,40.5785],[-78.1832,40.5953],[-78.1793,40.5927],[-78.1779,40.5879],[-78.1783,40.5838],[-78.1971,40.5584],[-78.1891,40.5512],[-78.1866,40.5477],[-78.1856,40.5437],[-78.1831,40.5427],[-78.1783,40.5376],[-78.1768,40.5345],[-78.1717,40.5344],[-78.1667,40.5315],[-78.1617,40.5372],[-78.1581,40.5378],[-78.1544,40.5408],[-78.15,40.5414],[-78.149,40.5432],[-78.1499,40.546],[-78.1451,40.5491],[-78.1451,40.5539],[-78.141,40.557],[-78.1362,40.5692],[-78.133,40.5704],[-78.1286,40.568],[-78.1324,40.5645],[-78.1327,40.5616],[-78.1394,40.5506],[-78.1399,40.5462],[-78.1473,40.5333],[-78.1539,40.4922],[-78.1534,40.4886],[-78.1519,40.4872],[-78.1489,40.4876],[-78.1356,40.4982],[-78.1339,40.4983],[-78.1317,40.4968],[-78.13,40.4929],[-78.1301,40.482],[-78.1416,40.4603],[-78.1569,40.4364],[-78.1892,40.3955],[-78.2908,40.4181],[-78.2903,40.42]]]}},{"type":"Feature","properties":{"geoid":"4212930","name":"Kutztown Area School District"},"geometry":{"type":"Polygon","coordinates":[[[-75.9946,40.6355],[-75.9932,40.6397],[-75.8915,40.6773],[-75.6749,40.539],[-75.6816,40.5284],[-75.6927,40.5264],[-75.7428,40.4754],[-75.7506,40.4698],[-75.8184,40.5131],[-75.8113,40.5191],[-75.8256,40.536],[-75.8361,40.5364],[-75.8437,40.5392],[-75.8457,40.5382],[-75.8444,40.5366],[-75.8475,40.5329],[-75.8514,40.5317],[-75.8559,40.534],[-75.859,40.5319],[-75.8576,40.5243],[-75.8608,40.5232],[-75.8628,40.5249],[-75.8746,40.5258],[-75.8783,40.5286],[-75.8789,40.531],[-75.8773,40.5405],[-75.88,40.5416],[-75.8794,40.5453],[-75.8763,40.5486],[-75.8798,40.5549],[-75.9962,40.63],[-75.9946,40.6355]]]}},{"type":"Feature","properties":{"geoid":"4220850","name":"Sayre Area School District"},"geometry":{"type":"MultiPolygon","coordinates":[[[[-76.4823,41.9919],[-76.4764,41.9937],[-76.4734,41.9991],[-76.3816,41.9986],[-76.3789,41.9149],[-76.4789,41.9115],[-76.4823,41.9919]]],[[[-76.5586,41.9972],[-76.5577,42.0002],[-76.5233,41.9997],[-76.5235,41.9987],[-76.5189,41.9967],[-76.5192,41.9951],[-76.5047,41.9928],[-76.5071,41.9909],[-76.5054,41.9901],[-76.5082,41.99],[-76.5065,41.9872],[-76.5072,41.9821],[-76.5109,41.9762],[-76.5117,41.9725],[-76.5295,41.9729],[-76.5291,41.9802],[-76.533,41.9807],[-76.5329,41.9834],[-76.5346,41.9834],[-76.5368,41.991],[-76.5587,41.9916],[-76.5586,41.9972]]]]}},{"type":"Feature","properties":{"geoid":"4215900","name":"Morrisville Borough School District"},"geometry":{"type":"Polygon","coordinates":[[[-74.8028,40.2077],[-74.8002,40.2088],[-74.797,40.2077],[-74.7979,40.2097],[-74.7943,40.2095],[-74.7938,40.2115],[-74.7915,40.2097],[-74.7924,40.2121],[-74.787,40.2146],[-74.789,40.2171],[-74.782,40.2219],[-74.7717,40.2153],[-74.7612,40.1991],[-74.7747,40.194],[-74.7838,40.2036],[-74.7887,40.2008],[-74.7932,40.2031],[-74.8007,40.203],[-74.8003,40.2065],[-74.8028,40.2077]]]}},{"type":"Feature","properties":{"geoid":"4217790","name":"Northwest Area School District"},"geometry":{"type":"Polygon","coordinates":[[[-76.3193,41.2225],[-76.3108,41.3089],[-76.2828,41.3772],[-76.2503,41.378],[-76.2503,41.3723],[-76.2148,41.3148],[-76.2231,41.2363],[-76.2101,41.2141],[-76.1091,41.2833],[-76.0399,41.2123],[-76.0458,41.2089],[-76.0604,41.2046],[-76.0768,41.1967],[-76.0934,41.1818],[-76.1122,41.1765],[-76.1258,41.1712],[-76.1426,41.1593],[-76.1472,41.1497],[-76.1477,41.1446],[-76.16,41.1531],[-76.1574,41.1551],[-76.1786,41.1607],[-76.229,41.1385],[-76.2774,41.1318],[-76.3192,41.2081],[-76.3202,41.2151],[-76.3193,41.2225]]]}},{"type":"Feature","properties":{"geoid":"4208490","name":"East Lycoming School District"},"geometry":{"type":"Polygon","coordinates":[[[-76.8232,41.2895],[-76.8205,41.298],[-76.8167,41.3354],[-76.7375,41.3308],[-76.6984,41.3731],[-76.5925,41.3043],[-76.5478,41.2957],[-76.5485,41.2931],[-76.4476,41.2756],[-76.4997,41.2339],[-76.5217,41.2143],[-76.5925,41.1578],[-76.6788,41.1542],[-76.6946,41.1596],[-76.6926,41.1737],[-76.6938,41.1784],[-76.6928,41.1828],[-76.6943,41.1859],[-76.6943,41.1948],[-76.7226,41.2076],[-76.7299,41.2072],[-76.7454,41.2258],[-76.7526,41.2313],[-76.7563,41.2287],[-76.7598,41.2316],[-76.7563,41.2341],[-76.7567,41.2359],[-76.7468,41.2418],[-76.7535,41.2488],[-76.7565,41.2473],[-76.7595,41.2502],[-76.7567,41.2575],[-76.762,41.2582],[-76.7642,41.2768],[-76.7627,41.2777],[-76.764,41.279],[-76.7632,41.2809],[-76.8246,41.282],[-76.8232,41.2895]]]}},{"type":"Feature","properties":{"geoid":"4216230","name":"Muncy School District"},"geometry":{"type":"Polygon","coordinates":[[[-76.881,41.158],[-76.8737,41.1641],[-76.8574,41.171],[-76.8236,41.1782],[-76.8097,41.1868],[-76.8036,41.1954],[-76.8027,41.2049],[-76.8045,41.2099],[-76.8108,41.2201],[-76.8193,41.2276],[-76.8265,41.2292],[-76.8306,41.2272],[-76.8384,41.2274],[-76.8499,41.2294],[-76.8471,41.2469],[-76.8409,41.2466],[-76.8393,41.2592],[-76.8355,41.2623],[-76.833,41.268],[-76.832,41.2765],[-76.8246,41.282],[-76.7632,41.2809],[-76.764,41.279],[-76.7627,41.2777],[-76.7642,41.2768],[-76.762,41.2582],[-76.7567,41.2575],[-76.7595,41.2502],[-76.7565,41.2473],[-76.7535,41.2488],[-76.7468,41.2418],[-76.7567,41.2359],[-76.7563,41.2341],[-76.7598,41.2316],[-76.7563,41.2287],[-76.7526,41.2313],[-76.7454,41.2258],[-76.7299,41.2072],[-76.7226,41.2076],[-76.6943,41.1948],[-76.6943,41.1859],[-76.6928,41.1828],[-76.6938,41.1784],[-76.6926,41.1737],[-76.6946,41.1596],[-76.73,41.1719],[-76.7908,41.1757],[-76.8282,41.1658],[-76.8569,41.1636],[-76.881,41.158]]]}},{"type":"Feature","properties":{"geoid":"4204020","name":"Bradford Area School District"},"geometry":{"type":"Polygon","coordinates":[[[-78.9189,41.9981],[-78.5344,41.9998],[-78.5342,41.9091],[-78.5367,41.909],[-78.5366,41.8801],[-78.6028,41.88],[-78.6014,41.7622],[-78.7474,41.76],[-78.7476,41.7662],[-78.7803,41.7661],[-78.7795,41.8498],[-78.8137,41.8502],[-78.8138,41.8452],[-78.8441,41.8452],[-78.8441,41.8468],[-78.9097,41.8472],[-78.9098,41.8409],[-78.9156,41.8409],[-78.916,41.8618],[-78.9171,41.8618],[-78.9155,41.9529],[-78.9185,41.9529],[-78.9189,41.9981]]]}},{"type":"Feature","properties":{"geoid":"4221690","name":"Smethport Area School District"},"geometry":{"type":"Polygon","coordinates":[[[-78.7701,41.766],[-78.7476,41.7662],[-78.7474,41.76],[-78.6014,41.7622],[-78.6028,41.88],[-78.5366,41.8801],[-78.5367,41.895],[-78.4604,41.8965],[-78.4601,41.8828],[-78.3757,41.8847],[-78.3737,41.7634],[-78.3012,41.7632],[-78.3008,41.6738],[-78.2039,41.6744],[-78.2036,41.6176],[-78.4208,41.6173],[-78.4205,41.6019],[-78.4829,41.6023],[-78.4838,41.6315],[-78.676,41.625],[-78.7066,41.6251],[-78.7106,41.6874],[-78.7685,41.6863],[-78.7701,41.766]],[[-78.6674,41.7243],[-78.6673,41.7171],[-78.6211,41.7173],[-78.6215,41.7323],[-78.6674,41.7316],[-78.6674,41.7243]]]}},{"type":"Feature","properties":{"geoid":"4213080","name":"Lakeview School District"},"geometry":{"type":"Polygon","coordinates":[[[-80.2616,41.3674],[-80.1786,41.3696],[-80.1798,41.4292],[-79.9998,41.4325],[-79.9998,41.2387],[-80.1822,41.2356],[-80.1814,41.3033],[-80.2377,41.3031],[-80.2381,41.3066],[-80.244,41.3064],[-80.2437,41.3031],[-80.26,41.3032],[-80.2602,41.3179],[-80.2512,41.3181],[-80.2513,41.3261],[-80.2595,41.3246],[-80.2595,41.3263],[-80.2614,41.3263],[-80.2616,41.3674]]]}},{"type":"Feature","properties":{"geoid":"4212420","name":"Jenkintown School District"},"geometry":{"type":"Polygon","coordinates":[[[-75.1382,40.0942],[-75.1376,40.098],[-75.1309,40.1026],[-75.1259,40.1001],[-75.1257,40.1035],[-75.1238,40.101],[-75.1218,40.1023],[-75.1208,40.1013],[-75.122,40.0979],[-75.1212,40.0968],[-75.1266,40.09],[-75.1283,40.0907],[-75.1317,40.0893],[-75.1382,40.0942]]]}},{"type":"Feature","properties":{"geoid":"4222620","name":"Springfield Township School District"},"geometry":{"type":"Polygon","coordinates":[[[-75.2561,40.0671],[-75.1963,40.1278],[-75.1686,40.1106],[-75.1879,40.0915],[-75.1764,40.0846],[-75.1885,40.0727],[-75.2236,40.0929],[-75.2522,40.0653],[-75.2561,40.0671]]]}},{"type":"Feature","properties":{"geoid":"4218570","name":"Pen Argyl Area School District"},"geometry":{"type":"Polygon","coordinates":[[[-75.3161,40.8566],[-75.3006,40.8596],[-75.284,40.866],[-75.2735,40.8732],[-75.2672,40.8825],[-75.2442,40.8942],[-75.2281,40.8225],[-75.2199,40.7785],[-75.2369,40.7656],[-75.2502,40.7591],[-75.2505,40.7604],[-75.2655,40.7581],[-75.2682,40.762],[-75.2699,40.7625],[-75.2702,40.7645],[-75.2721,40.7644],[-75.2709,40.7604],[-75.2761,40.7585],[-75.2793,40.7752],[-75.3161,40.8566]]]}},{"type":"Feature","properties":{"geoid":"4225110","name":"Waynesboro Area School District"},"geometry":{"type":"Polygon","coordinates":[[[-77.6693,39.7223],[-77.6641,39.7282],[-77.6648,39.7293],[-77.6627,39.7336],[-77.6549,39.7393],[-77.6509,39.7446],[-77.6473,39.7551],[-77.6475,39.7609],[-77.6484,39.7643],[-77.6494,39.7644],[-77.646,39.7783],[-77.6431,39.7852],[-77.6404,39.788],[-77.6394,39.7953],[-77.6411,39.8509],[-77.5321,39.8503],[-77.5234,39.8597],[-77.5066,39.8711],[-77.4859,39.8779],[-77.4665,39.8686],[-77.4632,39.8205],[-77.4591,39.72],[-77.6696,39.7208],[-77.6693,39.7223]]]}},{"type":"Feature","properties":{"geoid":"4212150","name":"Indiana Area School District"},"geometry":{"type":"Polygon","coordinates":[[[-79.3585,40.6245],[-79.2897,40.6974],[-79.2688,40.6877],[-79.2613,40.6808],[-79.2501,40.6762],[-79.2447,40.6702],[-79.2343,40.6637],[-79.2136,40.6466],[-79.2134,40.6641],[-79.2163,40.6641],[-79.2162,40.6663],[-79.2135,40.6662],[-79.2134,40.6702],[-79.1838,40.6695],[-79.1822,40.6724],[-79.1564,40.6724],[-79.1582,40.6704],[-79.0897,40.6701],[-79.0886,40.5909],[-79.0956,40.5868],[-79.0967,40.5838],[-79.102,40.581],[-79.1027,40.578],[-79.1051,40.576],[-79.1036,40.5729],[-79.1047,40.5709],[-79.1156,40.5691],[-79.1248,40.5711],[-79.1265,40.5704],[-79.1291,40.5663],[-79.1281,40.5629],[-79.1327,40.5567],[-79.1404,40.5577],[-79.1522,40.564],[-79.1524,40.5743],[-79.2143,40.5754],[-79.2132,40.6198],[-79.2497,40.5911],[-79.267,40.5817],[-79.2691,40.5766],[-79.2678,40.5744],[-79.2685,40.5717],[-79.2761,40.5646],[-79.2767,40.5591],[-79.2844,40.5605],[-79.288,40.5599],[-79.2885,40.5621],[-79.2921,40.5645],[-79.2938,40.5756],[-79.3083,40.5897],[-79.307,40.5928],[-79.3148,40.6056],[-79.3268,40.6139],[-79.3296,40.615],[-79.3417,40.6148],[-79.3468,40.6166],[-79.3494,40.6199],[-79.3585,40.6245]]]}},{"type":"Feature","properties":{"geoid":"4205160","name":"Catasauqua Area School District"},"geometry":{"type":"Polygon","coordinates":[[[-75.4837,40.6603],[-75.4836,40.6669],[-75.4706,40.6707],[-75.4632,40.67],[-75.4622,40.6685],[-75.465,40.6653],[-75.4662,40.6613],[-75.4304,40.6742],[-75.4301,40.6684],[-75.4191,40.6583],[-75.4231,40.658],[-75.4227,40.657],[-75.4288,40.655],[-75.43,40.6511],[-75.4289,40.6509],[-75.4313,40.6442],[-75.4265,40.6426],[-75.4256,40.638],[-75.4237,40.6359],[-75.4626,40.6285],[-75.4652,40.6324],[-75.4639,40.6419],[-75.4668,40.6454],[-75.4727,40.6477],[-75.4782,40.6526],[-75.4815,40.6557],[-75.4837,40.6603]]]}},{"type":"Feature","properties":{"geoid":"4222350","name":"Southern Lehigh School District"},"geometry":{"type":"Polygon","coordinates":[[[-75.5308,40.4477],[-75.4566,40.5172],[-75.4756,40.5301],[-75.4735,40.5356],[-75.4686,40.537],[-75.4487,40.5621],[-75.4279,40.5694],[-75.4173,40.5739],[-75.4091,40.5792],[-75.4038,40.5808],[-75.3335,40.5371],[-75.4097,40.488],[-75.4841,40.4185],[-75.5308,40.4477]]]}},{"type":"Feature","properties":{"geoid":"4218810","name":"Penns Valley Area School District"},"geometry":{"type":"Polygon","coordinates":[[[-77.7386,40.829],[-77.7291,40.8338],[-77.6949,40.86],[-77.6726,40.8751],[-77.6448,40.8899],[-77.6349,40.8979],[-77.6306,40.9047],[-77.6223,40.9126],[-77.5599,40.9474],[-77.5143,40.9696],[-77.5086,40.9629],[-77.4403,40.9744],[-77.3939,40.9783],[-77.3399,40.9872],[-77.1442,41.0443],[-77.1438,41.0429],[-77.204,40.9927],[-77.2792,40.9097],[-77.3642,40.8469],[-77.3747,40.8453],[-77.4296,40.8275],[-77.5934,40.7612],[-77.6526,40.7449],[-77.662,40.7377],[-77.6838,40.7287],[-77.6955,40.7225],[-77.7256,40.7844],[-77.7514,40.8232],[-77.7386,40.829]]]}},{"type":"Feature","properties":{"geoid":"4220100","name":"Red Lion Area School District"},"geometry":{"type":"Polygon","coordinates":[[[-76.6674,39.7912],[-76.6688,39.7957],[-76.6592,39.8038],[-76.6581,39.8061],[-76.6535,39.8077],[-76.6512,39.8125],[-76.6479,39.8159],[-76.6501,39.8187],[-76.6456,39.8207],[-76.6465,39.8224],[-76.6455,39.8259],[-76.647,39.8299],[-76.6456,39.8313],[-76.6464,39.8378],[-76.6508,39.8405],[-76.6488,39.8433],[-76.6536,39.8464],[-76.653,39.8498],[-76.6587,39.8579],[-76.6588,39.8604],[-76.6571,39.8621],[-76.658,39.8654],[-76.6599,39.8657],[-76.6651,39.8704],[-76.66,39.8711],[-76.6597,39.8726],[-76.6528,39.8759],[-76.6489,39.8728],[-76.6432,39.8746],[-76.6397,39.8742],[-76.6328,39.8706],[-76.6228,39.8709],[-76.6203,39.8726],[-76.6154,39.8711],[-76.6126,39.878],[-76.6081,39.8834],[-76.5981,39.8889],[-76.6011,39.8941],[-76.6033,39.8917],[-76.6112,39.8902],[-76.615,39.8873],[-76.6192,39.8918],[-76.6179,39.8934],[-76.6136,39.8944],[-76.6203,39.8959],[-76.6215,39.8996],[-76.6153,39.9022],[-76.6166,39.9037],[-76.613,39.9053],[-76.6148,39.9078],[-76.6235,39.9107],[-76.6302,39.9166],[-76.644,39.935],[-76.6451,39.9419],[-76.6493,39.9535],[-76.6587,39.9573],[-76.6604,39.9618],[-76.6474,39.9657],[-76.6451,39.9678],[-76.6462,39.9691],[-76.638,39.9685],[-76.6179,39.9726],[-76.6154,39.9717],[-76.6161,39.9734],[-76.5987,39.9774],[-76.5962,39.9759],[-76.5971,39.9745],[-76.6007,39.9745],[-76.598,39.9708],[-76.5971,39.9671],[-76.5979,39.9658],[-76.5863,39.9539],[-76.5648,39.9332],[-76.5241,39.9044],[-76.5205,39.9062],[-76.5206,39.9117],[-76.5223,39.9136],[-76.5192,39.9166],[-76.5201,39.9178],[-76.5153,39.9198],[-76.5161,39.9222],[-76.5125,39.9233],[-76.5104,39.9263],[-76.5099,39.9301],[-76.5063,39.9312],[-76.5095,39.9339],[-76.5086,39.9371],[-76.5096,39.9398],[-76.5055,39.9373],[-76.5073,39.9421],[-76.5055,39.9435],[-76.5004,39.9423],[-76.4997,39.9445],[-76.4971,39.9431],[-76.495,39.9399],[-76.4913,39.9382],[-76.4866,39.9404],[-76.4867,39.9422],[-76.4844,39.9416],[-76.4849,39.9452],[-76.4824,39.945],[-76.4838,39.9498],[-76.4801,39.9493],[-76.4806,39.9514],[-76.4786,39.9493],[-76.4779,39.9516],[-76.4676,39.943],[-76.4597,39.9412],[-76.449,39.9343],[-76.4222,39.9258],[-76.4051,39.9154],[-76.3951,39.914],[-76.3905,39.9118],[-76.3855,39.9057],[-76.3838,39.8936],[-76.3798,39.8879],[-76.3801,39.8819],[-76.3817,39.8791],[-76.3779,39.8671],[-76.3696,39.8604],[-76.3617,39.8571],[-76.3521,39.849],[-76.3508,39.8471],[-76.3505,39.8378],[-76.3409,39.8268],[-76.3383,39.8221],[-76.3284,39.8148],[-76.3157,39.81],[-76.3105,39.8031],[-76.297,39.7912],[-76.2994,39.7903],[-76.3043,39.7848],[-76.311,39.7869],[-76.3116,39.7854],[-76.3105,39.7834],[-76.3117,39.7806],[-76.3144,39.7798],[-76.3155,39.7814],[-76.3214,39.7834],[-76.3228,39.7829],[-76.3203,39.7786],[-76.3248,39.7759],[-76.3243,39.7745],[-76.3177,39.7745],[-76.316,39.7721],[-76.3178,39.7677],[-76.3223,39.7661],[-76.3252,39.7695],[-76.3266,39.7686],[-76.3258,39.7676],[-76.3288,39.7666],[-76.3328,39.7609],[-76.3354,39.7602],[-76.3363,39.7635],[-76.3393,39.7635],[-76.3405,39.7608],[-76.3395,39.7568],[-76.3415,39.7553],[-76.3433,39.7557],[-76.3593,39.7665],[-76.3667,39.7694],[-76.3709,39.7692],[-76.3848,39.779],[-76.3921,39.7816],[-76.3954,39.7808],[-76.3963,39.7824],[-76.395,39.7841],[-76.4031,39.7824],[-76.4041,39.7844],[-76.4123,39.7899],[-76.4138,39.7904],[-76.4164,39.7888],[-76.4216,39.791],[-76.4227,39.7926],[-76.4295,39.7958],[-76.4319,39.7995],[-76.4353,39.7978],[-76.4373,39.7985],[-76.4419,39.7937],[-76.4438,39.7934],[-76.4479,39.7973],[-76.4511,39.7966],[-76.4536,39.8012],[-76.4556,39.7995],[-76.4604,39.7998],[-76.4607,39.7955],[-76.462,39.7955],[-76.4642,39.7981],[-76.4649,39.8015],[-76.4704,39.8008],[-76.4717,39.802],[-76.4697,39.8055],[-76.4758,39.8075],[-76.4759,39.8116],[-76.4773,39.8131],[-76.4803,39.8108],[-76.4835,39.8107],[-76.4794,39.8139],[-76.4836,39.8198],[-76.4869,39.8198],[-76.4868,39.8167],[-76.4908,39.8172],[-76.4961,39.8197],[-76.4989,39.8255],[-76.5052,39.8252],[-76.5152,39.827],[-76.5178,39.8259],[-76.5185,39.8282],[-76.5213,39.8281],[-76.5224,39.8293],[-76.5208,39.832],[-76.5251,39.8333],[-76.5276,39.836],[-76.5281,39.8394],[-76.532,39.841],[-76.5372,39.8464],[-76.5396,39.8463],[-76.5387,39.8428],[-76.5372,39.8418],[-76.5377,39.8403],[-76.541,39.8393],[-76.5502,39.8414],[-76.5524,39.8409],[-76.5562,39.8372],[-76.5605,39.8363],[-76.5768,39.8359],[-76.579,39.831],[-76.5765,39.8288],[-76.5782,39.8253],[-76.5781,39.8221],[-76.5933,39.8168],[-76.5973,39.8017],[-76.6213,39.7963],[-76.6359,39.7903],[-76.6664,39.7861],[-76.6714,39.7836],[-76.6674,39.7912]]]}},{"type":"Feature","properties":{"geoid":"4202190","name":"Allegheny Valley School District"},"geometry":{"type":"Polygon","coordinates":[[[-79.869,40.5604],[-79.8236,40.5617],[-79.8222,40.5663],[-79.8114,40.5665],[-79.8113,40.5619],[-79.7721,40.563],[-79.7637,40.546],[-79.7661,40.5407],[-79.7766,40.5349],[-79.7838,40.5341],[-79.805,40.5375],[-79.8285,40.535],[-79.8423,40.5298],[-79.8484,40.5251],[-79.8505,40.5205],[-79.8549,40.5209],[-79.8555,40.5364],[-79.8677,40.5359],[-79.869,40.5604]]]}},{"type":"Feature","properties":{"geoid":"4224990","name":"Washington School District"},"geometry":{"type":"Polygon","coordinates":[[[-80.2699,40.169],[-80.2678,40.1687],[-80.2668,40.1726],[-80.2579,40.1759],[-80.2694,40.1859],[-80.2685,40.1927],[-80.2651,40.1965],[-80.2545,40.1855],[-80.2522,40.1853],[-80.2534,40.1832],[-80.2495,40.1819],[-80.2499,40.184],[-80.2472,40.184],[-80.2355,40.1803],[-80.2357,40.1793],[-80.2325,40.1776],[-80.228,40.1808],[-80.2239,40.1799],[-80.226,40.1792],[-80.2242,40.1781],[-80.2233,40.1754],[-80.2272,40.1748],[-80.2287,40.172],[-80.2256,40.1722],[-80.2225,40.1742],[-80.2152,40.1705],[-80.2161,40.1677],[-80.2179,40.1685],[-80.2229,40.163],[-80.2235,40.1607],[-80.2401,40.1611],[-80.2401,40.159],[-80.2432,40.1564],[-80.2478,40.1596],[-80.247,40.1648],[-80.2527,40.1666],[-80.2533,40.1696],[-80.2578,40.17],[-80.2682,40.1666],[-80.2699,40.169]]]}},{"type":"Feature","properties":{"geoid":"4216890","name":"Newport School District"},"geometry":{"type":"Polygon","coordinates":[[[-77.2872,40.4554],[-77.2274,40.4896],[-77.2288,40.4909],[-77.2073,40.5073],[-77.1901,40.5154],[-77.1713,40.518],[-77.1395,40.5257],[-77.1343,40.52],[-77.1324,40.5156],[-77.1313,40.5045],[-77.1185,40.5048],[-77.1131,40.5079],[-77.0858,40.5166],[-77.0688,40.5253],[-77.0478,40.5336],[-77.0393,40.5386],[-77.0289,40.5474],[-77.0231,40.5497],[-77.0151,40.5568],[-77.0067,40.5608],[-76.9994,40.5626],[-76.998,40.56],[-76.9919,40.5615],[-76.9868,40.5548],[-76.9872,40.5534],[-76.982,40.5434],[-76.9808,40.535],[-76.9857,40.525],[-76.9844,40.5146],[-76.9691,40.4976],[-76.953,40.4906],[-76.9674,40.4883],[-76.9945,40.4878],[-77.0067,40.4824],[-77.0256,40.4795],[-77.0412,40.4749],[-77.034,40.4712],[-77.0289,40.4593],[-77.0267,40.4573],[-77.0352,40.454],[-77.0403,40.4534],[-77.0478,40.4495],[-77.049,40.4446],[-77.0509,40.4434],[-77.0579,40.4409],[-77.0644,40.4419],[-77.0721,40.4396],[-77.1016,40.4282],[-77.1173,40.4446],[-77.1281,40.444],[-77.1352,40.4462],[-77.1476,40.4535],[-77.1527,40.4597],[-77.1576,40.459],[-77.1626,40.4558],[-77.1644,40.4575],[-77.1689,40.4576],[-77.1707,40.4545],[-77.1745,40.4537],[-77.1817,40.4553],[-77.1869,40.4543],[-77.1925,40.4505],[-77.2002,40.4497],[-77.2051,40.4481],[-77.2054,40.4465],[-77.2077,40.4458],[-77.2217,40.4437],[-77.2276,40.4445],[-77.2361,40.4405],[-77.2454,40.438],[-77.2528,40.4332],[-77.2573,40.4327],[-77.2872,40.4554]]]}},{"type":"Feature","properties":{"geoid":"4211310","name":"Halifax Area School District"},"geometry":{"type":"Polygon","coordinates":[[[-76.9921,40.4367],[-76.9805,40.4471],[-76.9566,40.4587],[-76.9528,40.4625],[-76.9496,40.4686],[-76.9495,40.4845],[-76.953,40.4906],[-76.9691,40.4976],[-76.9844,40.5146],[-76.9722,40.5218],[-76.953,40.5245],[-76.9421,40.5274],[-76.9089,40.5267],[-76.8623,40.5304],[-76.8412,40.5332],[-76.7682,40.5528],[-76.732,40.5516],[-76.5771,40.5807],[-76.5695,40.5761],[-76.7991,40.4956],[-76.7806,40.4596],[-76.861,40.4308],[-76.9533,40.4048],[-76.9641,40.4324],[-76.9634,40.434],[-76.9791,40.4395],[-76.9921,40.4367]]]}},{"type":"Feature","properties":{"geoid":"4203360","name":"Bentworth School District"},"geometry":{"type":"Polygon","coordinates":[[[-80.159,40.0959],[-80.1556,40.1036],[-80.1507,40.1107],[-80.1472,40.1129],[-80.1401,40.1216],[-80.1328,40.1326],[-80.1333,40.1353],[-80.132,40.1383],[-80.1309,40.1493],[-80.1341,40.1564],[-80.1327,40.1579],[-80.134,40.1654],[-80.1365,40.1696],[-80.1362,40.1803],[-80.1349,40.1828],[-80.1233,40.1812],[-80.1202,40.1832],[-80.1174,40.1872],[-80.1089,40.1923],[-80.1048,40.1908],[-80.098,40.1927],[-80.0953,40.1872],[-80.0927,40.1881],[-80.0933,40.1846],[-80.091,40.1839],[-80.0852,40.1838],[-80.0761,40.1873],[-80.0657,40.1857],[-80.056,40.1869],[-80.0425,40.1807],[-80.0356,40.1816],[-80.0303,40.1843],[-80.0313,40.1879],[-80.0289,40.1907],[-80.0203,40.1918],[-80.0196,40.1868],[-80.0127,40.1827],[-80.0106,40.175],[-80.0035,40.1641],[-79.9965,40.1472],[-79.9937,40.1461],[-79.99,40.1389],[-79.9955,40.1373],[-79.9921,40.1312],[-79.9951,40.1262],[-79.9887,40.1207],[-79.9868,40.1212],[-79.9844,40.1182],[-79.9844,40.1154],[-79.9891,40.1121],[-79.9892,40.1086],[-79.9954,40.0994],[-80.0031,40.1022],[-80.0032,40.0976],[-80.0203,40.0978],[-80.0216,40.094],[-80.0267,40.0906],[-80.0305,40.09],[-80.0372,40.074],[-80.0429,40.0725],[-80.0521,40.0558],[-80.0976,40.0632],[-80.0969,40.064],[-80.118,40.0684],[-80.1248,40.0719],[-80.1248,40.07],[-80.1602,40.094],[-80.159,40.0959]]]}},{"type":"Feature","properties":{"geoid":"4214880","name":"McGuffey School District"},"geometry":{"type":"Polygon","coordinates":[[[-80.5192,39.9624],[-80.5191,40.1959],[-80.5169,40.1977],[-80.5146,40.1979],[-80.5099,40.1909],[-80.5028,40.1881],[-80.4957,40.1895],[-80.4926,40.1839],[-80.4891,40.183],[-80.4837,40.1855],[-80.4791,40.1847],[-80.4737,40.186],[-80.466,40.1848],[-80.4645,40.1891],[-80.4659,40.192],[-80.4637,40.1941],[-80.4613,40.1936],[-80.4588,40.1896],[-80.4546,40.1876],[-80.4539,40.1922],[-80.4517,40.1946],[-80.4453,40.196],[-80.4433,40.1994],[-80.4363,40.1973],[-80.4354,40.1959],[-80.4317,40.1964],[-80.431,40.199],[-80.4217,40.1996],[-80.4199,40.2025],[-80.4184,40.2025],[-80.4101,40.198],[-80.4052,40.1988],[-80.3923,40.206],[-80.3859,40.2041],[-80.3855,40.2013],[-80.3833,40.1993],[-80.3748,40.2],[-80.3697,40.2028],[-80.3465,40.2085],[-80.3419,40.2079],[-80.3382,40.2099],[-80.3353,40.2017],[-80.3274,40.1929],[-80.3129,40.1846],[-80.3165,40.1813],[-80.3166,40.1777],[-80.3121,40.1692],[-80.3125,40.1623],[-80.3076,40.1456],[-80.2413,40.1247],[-80.246,40.1205],[-80.2472,40.1177],[-80.2501,40.1168],[-80.2433,40.107],[-80.2438,40.1049],[-80.2414,40.0965],[-80.2417,40.0888],[-80.2384,40.0846],[-80.2342,40.082],[-80.255,40.0728],[-80.2428,40.0626],[-80.2422,40.0606],[-80.2345,40.0535],[-80.2323,40.0419],[-80.2273,40.0412],[-80.2223,40.0362],[-80.2206,40.0308],[-80.2217,40.0217],[-80.2264,40.0078],[-80.2401,40.0095],[-80.2443,40.007],[-80.2518,40.0078],[-80.2529,40.0052],[-80.2566,40.0031],[-80.2588,40.0041],[-80.2637,40.0019],[-80.2731,40.0024],[-80.2761,40.0055],[-80.272,40.0077],[-80.2733,40.0133],[-80.2846,40.0124],[-80.2874,40.0192],[-80.2921,40.0206],[-80.2944,40.0185],[-80.3014,40.0206],[-80.3102,40.0177],[-80.3107,40.0131],[-80.309,40.0122],[-80.3099,40.0091],[-80.3088,40.007],[-80.3126,40.0033],[-80.3175,40.0033],[-80.3211,40.0056],[-80.3298,40.0055],[-80.3434,40.0006],[-80.3518,40.0001],[-80.3543,39.9973],[-80.3563,39.9968],[-80.3723,39.9966],[-80.3912,39.988],[-80.3958,39.9835],[-80.3965,39.9779],[-80.4017,39.9787],[-80.4067,39.9768],[-80.4129,39.977],[-80.42,39.9754],[-80.4229,39.9722],[-80.425,39.972],[-80.4298,39.9758],[-80.4348,39.9775],[-80.4385,39.9771],[-80.4406,39.9755],[-80.4451,39.9758],[-80.4441,39.9726],[-80.447,39.9712],[-80.4483,39.9667],[-80.4512,39.9685],[-80.451,39.9709],[-80.4536,39.9734],[-80.4564,39.9694],[-80.4613,39.9674],[-80.4587,39.9641],[-80.4602,39.9623],[-80.4636,39.9609],[-80.4697,39.9618],[-80.4703,39.9605],[-80.4661,39.9568],[-80.4669,39.9546],[-80.4719,39.9546],[-80.4753,39.9521],[-80.4901,39.9545],[-80.4901,39.9575],[-80.4869,39.9596],[-80.488,39.9614],[-80.4898,39.9615],[-80.493,39.9588],[-80.4998,39.9576],[-80.5014,39.9561],[-80.5009,39.9538],[-80.5099,39.9593],[-80.5142,39.9601],[-80.518,39.9635],[-80.5192,39.9624]]]}},{"type":"Feature","properties":{"geoid":"4215810","name":"Montrose Area School District"},"geometry":{"type":"Polygon","coordinates":[[[-76.1455,41.9989],[-75.7734,41.9981],[-75.7656,41.8853],[-75.7923,41.8854],[-75.7891,41.8127],[-75.8316,41.7982],[-75.8357,41.7679],[-75.8459,41.767],[-75.8457,41.7821],[-76.0106,41.7742],[-76.0156,41.7958],[-76.0189,41.7948],[-76.0232,41.8268],[-76.0456,41.8267],[-76.0353,41.9123],[-76.0411,41.9059],[-76.0589,41.9148],[-76.1376,41.9143],[-76.1455,41.9989]]]}},{"type":"Feature","properties":{"geoid":"4212600","name":"Juniata County School District"},"geometry":{"type":"Polygon","coordinates":[[[-77.7468,40.3847],[-77.7219,40.4085],[-77.7107,40.4176],[-77.6342,40.4773],[-77.6125,40.4909],[-77.6125,40.5142],[-77.574,40.5378],[-77.5263,40.563],[-77.5156,40.5696],[-77.5127,40.5731],[-77.4975,40.5817],[-77.4978,40.6095],[-77.4808,40.6195],[-77.4074,40.6522],[-77.3683,40.6676],[-77.3231,40.6831],[-77.2879,40.6936],[-77.1505,40.6771],[-77.1491,40.6805],[-77.1398,40.6836],[-77.1255,40.6857],[-77.1096,40.6916],[-77.1002,40.6879],[-77.0973,40.6784],[-77.0939,40.6762],[-77.088,40.6784],[-77.0848,40.6775],[-77.0681,40.6798],[-77.0658,40.6783],[-77.0605,40.6799],[-77.0592,40.6773],[-77.0567,40.676],[-77.0458,40.6756],[-77.0423,40.6785],[-77.0384,40.6797],[-77.0355,40.6769],[-77.0364,40.6749],[-77.035,40.6724],[-77.0362,40.6713],[-77.0324,40.6647],[-77.0344,40.6599],[-77.0295,40.6556],[-77.0258,40.6561],[-77.0248,40.659],[-77.0225,40.6609],[-77.0191,40.6595],[-77.0164,40.6599],[-77.0138,40.6622],[-77.0102,40.6612],[-77.0084,40.6599],[-77.0072,40.656],[-77.0086,40.6558],[-77.0081,40.6513],[-77.004,40.6456],[-77.0061,40.6426],[-77.0031,40.6387],[-76.9989,40.6378],[-76.997,40.6358],[-76.9866,40.644],[-76.9766,40.6454],[-76.9759,40.6422],[-76.9675,40.6413],[-76.9676,40.6453],[-76.9655,40.6471],[-76.9618,40.6457],[-76.9448,40.6502],[-76.9407,40.6462],[-76.9399,40.6381],[-76.9491,40.6282],[-76.9561,40.6279],[-77.0001,40.6109],[-77.0233,40.6043],[-77.042,40.6042],[-77.0636,40.5996],[-77.0638,40.654],[-77.0857,40.6503],[-77.1168,40.6425],[-77.1534,40.6365],[-77.1667,40.6359],[-77.1747,40.633],[-77.1632,40.5869],[-77.1829,40.5821],[-77.1676,40.5595],[-77.1985,40.5523],[-77.2317,40.5385],[-77.2767,40.5228],[-77.2806,40.5201],[-77.2896,40.5185],[-77.3906,40.471],[-77.4784,40.432],[-77.5401,40.3992],[-77.5323,40.376],[-77.5429,40.3751],[-77.5657,40.3674],[-77.5994,40.3481],[-77.6037,40.3441],[-77.6067,40.3432],[-77.6397,40.3198],[-77.6649,40.2973],[-77.678,40.2826],[-77.703,40.2636],[-77.7521,40.3785],[-77.7468,40.3847]]]}},{"type":"Feature","properties":{"geoid":"4213140","name":"Lancaster School District"},"geometry":{"type":"MultiPolygon","coordinates":[[[[-76.2662,40.034],[-76.2659,40.036],[-76.2582,40.0365],[-76.2607,40.0338],[-76.2584,40.0294],[-76.2662,40.034]]],[[[-76.3535,40.0265],[-76.3501,40.0248],[-76.3439,40.0266],[-76.3424,40.0341],[-76.3433,40.0418],[-76.3453,40.0441],[-76.3417,40.0515],[-76.3421,40.0531],[-76.3269,40.0503],[-76.32,40.051],[-76.3211,40.0517],[-76.3198,40.0535],[-76.3212,40.0548],[-76.3229,40.0526],[-76.3225,40.0555],[-76.3321,40.0575],[-76.3344,40.0593],[-76.3286,40.0618],[-76.3293,40.0624],[-76.3349,40.0598],[-76.3386,40.063],[-76.3379,40.064],[-76.346,40.0654],[-76.3452,40.0672],[-76.3435,40.067],[-76.3418,40.0727],[-76.3379,40.0707],[-76.3261,40.06],[-76.3302,40.064],[-76.328,40.0645],[-76.3283,40.0653],[-76.3318,40.0656],[-76.3285,40.0663],[-76.3287,40.0673],[-76.326,40.0686],[-76.327,40.0718],[-76.3262,40.0727],[-76.3238,40.0695],[-76.3183,40.0704],[-76.3153,40.0664],[-76.3166,40.0657],[-76.3159,40.0642],[-76.3142,40.0635],[-76.3163,40.0627],[-76.3138,40.0626],[-76.3126,40.0598],[-76.315,40.0592],[-76.3142,40.0571],[-76.3216,40.0614],[-76.3176,40.0584],[-76.3183,40.0578],[-76.3169,40.0564],[-76.3053,40.0547],[-76.3056,40.0562],[-76.3014,40.0566],[-76.3019,40.0599],[-76.2982,40.0603],[-76.2971,40.059],[-76.3018,40.0541],[-76.2958,40.0536],[-76.2903,40.0552],[-76.2874,40.0534],[-76.2808,40.0579],[-76.2782,40.0517],[-76.2763,40.0515],[-76.2727,40.052],[-76.273,40.0577],[-76.262,40.0526],[-76.2585,40.0558],[-76.2541,40.0528],[-76.2565,40.0503],[-76.2553,40.0469],[-76.2587,40.0465],[-76.2587,40.0448],[-76.254,40.0438],[-76.2587,40.0443],[-76.2585,40.0432],[-76.2558,40.0431],[-76.2555,40.0413],[-76.2632,40.0396],[-76.2628,40.0417],[-76.2654,40.044],[-76.2641,40.0459],[-76.2795,40.0503],[-76.2872,40.0502],[-76.2823,40.0489],[-76.2825,40.047],[-76.278,40.0484],[-76.2743,40.044],[-76.2733,40.0318],[-76.275,40.0266],[-76.2763,40.0246],[-76.2798,40.0241],[-76.2784,40.0206],[-76.284,40.0195],[-76.2816,40.0153],[-76.2805,40.0098],[-76.2789,40.0106],[-76.278,40.0083],[-76.2824,40.0068],[-76.2844,40.0161],[-76.2867,40.0163],[-76.2868,40.018],[-76.2891,40.0179],[-76.2904,40.0193],[-76.2902,40.0212],[-76.2882,40.0226],[-76.2919,40.0248],[-76.2989,40.024],[-76.2956,40.0221],[-76.2943,40.0193],[-76.2951,40.0157],[-76.2965,40.0153],[-76.2996,40.017],[-76.3026,40.0211],[-76.3045,40.0215],[-76.3054,40.0156],[-76.3026,40.0064],[-76.3058,39.9983],[-76.3079,39.996],[-76.3103,39.9962],[-76.3124,39.9986],[-76.3131,40.0036],[-76.3148,40.006],[-76.3177,40.0069],[-76.3211,40.0052],[-76.3204,40.0012],[-76.3219,39.9996],[-76.3239,40.0008],[-76.3272,40.0105],[-76.3304,40.0119],[-76.3319,40.0093],[-76.328,40.0007],[-76.3289,39.9976],[-76.3264,39.9897],[-76.3285,39.9877],[-76.331,39.9883],[-76.3388,39.9966],[-76.3431,39.9985],[-76.3467,40.0056],[-76.3458,40.0078],[-76.3348,40.013],[-76.3394,40.019],[-76.3413,40.0194],[-76.3453,40.0177],[-76.3477,40.0185],[-76.3522,40.023],[-76.353,40.0226],[-76.3535,40.0265]],[[-76.3123,40.0549],[-76.3135,40.0522],[-76.3024,40.0536],[-76.3104,40.0535],[-76.3108,40.0552],[-76.3138,40.0557],[-76.3123,40.0549]],[[-76.2889,40.0501],[-76.2855,40.0509],[-76.2892,40.0519],[-76.2889,40.0501]],[[-76.2676,40.0473],[-76.264,40.0462],[-76.2618,40.0486],[-76.2646,40.0501],[-76.2676,40.0473]]]]}},{"type":"Feature","properties":{"geoid":"4221510","name":"Shenango Area School District"},"geometry":{"type":"Polygon","coordinates":[[[-80.3523,40.9796],[-80.3364,40.9796],[-80.3358,40.9727],[-80.3249,40.9727],[-80.3216,40.976],[-80.3182,40.9771],[-80.3209,40.9802],[-80.3238,40.9801],[-80.3238,40.9785],[-80.3258,40.9785],[-80.3258,40.977],[-80.3336,40.977],[-80.3337,40.9798],[-80.3167,40.9804],[-80.3174,40.9982],[-80.2669,40.9989],[-80.2663,40.9737],[-80.27,40.9736],[-80.2684,40.9377],[-80.2646,40.9373],[-80.264,40.909],[-80.3495,40.9075],[-80.3523,40.9796]]]}},{"type":"Feature","properties":{"geoid":"4208550","name":"East Penn School District"},"geometry":{"type":"Polygon","coordinates":[[[-75.6354,40.522],[-75.5514,40.5788],[-75.5,40.5459],[-75.4974,40.5452],[-75.4896,40.5531],[-75.4859,40.5521],[-75.4832,40.5565],[-75.479,40.5549],[-75.4817,40.5509],[-75.4809,40.5389],[-75.4817,40.5342],[-75.4566,40.5172],[-75.5308,40.4477],[-75.6415,40.5177],[-75.6354,40.522]]]}},{"type":"Feature","properties":{"geoid":"4203300","name":"Bellwood-Antis School District"},"geometry":{"type":"Polygon","coordinates":[[[-78.4412,40.5972],[-78.4463,40.6242],[-78.441,40.6318],[-78.4404,40.6392],[-78.4421,40.6411],[-78.4397,40.6448],[-78.4325,40.6478],[-78.4289,40.6468],[-78.4235,40.6475],[-78.4088,40.6444],[-78.3589,40.7099],[-78.2604,40.6378],[-78.2672,40.6335],[-78.2674,40.6312],[-78.2819,40.6204],[-78.2935,40.605],[-78.297,40.5983],[-78.3,40.587],[-78.3032,40.5598],[-78.3056,40.5529],[-78.3494,40.5521],[-78.4478,40.5917],[-78.4412,40.5972]]]}},{"type":"Feature","properties":{"geoid":"4225650","name":"West Middlesex Area School District"},"geometry":{"type":"Polygon","coordinates":[[[-80.5192,41.1333],[-80.519,41.1874],[-80.3922,41.1928],[-80.3924,41.2008],[-80.3861,41.2011],[-80.3862,41.2353],[-80.3185,41.2362],[-80.3151,41.2313],[-80.3173,41.2268],[-80.3173,41.2221],[-80.319,41.2194],[-80.3182,41.2187],[-80.3202,41.2157],[-80.3186,41.2135],[-80.3198,41.2083],[-80.3162,41.1945],[-80.3145,41.1933],[-80.3144,41.191],[-80.3108,41.186],[-80.309,41.1806],[-80.3105,41.1746],[-80.3153,41.1704],[-80.3099,41.1606],[-80.3134,41.1585],[-80.3125,41.1558],[-80.3849,41.1539],[-80.3851,41.1265],[-80.519,41.1251],[-80.5192,41.1333]]]}},{"type":"Feature","properties":{"geoid":"4204230","name":"Bristol Township School District"},"geometry":{"type":"Polygon","coordinates":[[[-74.9138,40.0926],[-74.9117,40.0982],[-74.9059,40.0999],[-74.9026,40.1041],[-74.9054,40.117],[-74.9028,40.1196],[-74.8985,40.1322],[-74.8882,40.1321],[-74.8554,40.1542],[-74.8621,40.1568],[-74.8617,40.1593],[-74.8645,40.1601],[-74.8701,40.1645],[-74.8688,40.1658],[-74.8578,40.1667],[-74.8444,40.1753],[-74.8445,40.1739],[-74.8265,40.1663],[-74.8328,40.1611],[-74.8232,40.148],[-74.8288,40.1454],[-74.8156,40.1276],[-74.8225,40.1268],[-74.8262,40.1241],[-74.8331,40.112],[-74.8341,40.1079],[-74.837,40.1092],[-74.8435,40.118],[-74.8488,40.1124],[-74.8497,40.1099],[-74.8532,40.1113],[-74.8609,40.108],[-74.8613,40.102],[-74.8709,40.1066],[-74.8721,40.1037],[-74.8749,40.1024],[-74.8739,40.0985],[-74.8661,40.1009],[-74.8699,40.0964],[-74.8653,40.0948],[-74.8672,40.0939],[-74.8658,40.0916],[-74.8574,40.09],[-74.8598,40.0849],[-74.8621,40.0833],[-74.8746,40.0807],[-74.9091,40.0702],[-74.9097,40.0827],[-74.915,40.0886],[-74.9138,40.0926]]]}},{"type":"Feature","properties":{"geoid":"4225740","name":"West Perry School District"},"geometry":{"type":"Polygon","coordinates":[[[-77.6703,40.2594],[-77.6564,40.2704],[-77.6597,40.2745],[-77.646,40.2827],[-77.5771,40.3343],[-77.5938,40.351],[-77.5657,40.3674],[-77.5429,40.3751],[-77.5323,40.376],[-77.5401,40.3992],[-77.4784,40.432],[-77.3381,40.4953],[-77.2585,40.4327],[-77.2528,40.4332],[-77.2454,40.438],[-77.2361,40.4405],[-77.2276,40.4445],[-77.2217,40.4437],[-77.2077,40.4458],[-77.2054,40.4465],[-77.2051,40.4481],[-77.2002,40.4497],[-77.1925,40.4505],[-77.1869,40.4543],[-77.1817,40.4553],[-77.1745,40.4537],[-77.1707,40.4545],[-77.1689,40.4576],[-77.1644,40.4575],[-77.1626,40.4558],[-77.1576,40.459],[-77.1527,40.4597],[-77.1476,40.4535],[-77.1352,40.4462],[-77.1281,40.444],[-77.1173,40.4446],[-77.1016,40.4282],[-77.1174,40.4235],[-77.1238,40.4188],[-77.1307,40.4176],[-77.1483,40.4055],[-77.1564,40.4022],[-77.1429,40.3861],[-77.1385,40.3836],[-77.1367,40.3809],[-77.1362,40.3766],[-77.1307,40.3729],[-77.1239,40.365],[-77.1251,40.3638],[-77.1253,40.3595],[-77.1213,40.3511],[-77.127,40.3427],[-77.128,40.3386],[-77.1269,40.3389],[-77.1165,40.3222],[-77.1198,40.3124],[-77.1198,40.3069],[-77.1304,40.2998],[-77.1329,40.2951],[-77.1631,40.2895],[-77.2045,40.2871],[-77.2292,40.2837],[-77.2392,40.2841],[-77.2459,40.2821],[-77.27,40.2787],[-77.3055,40.2692],[-77.3165,40.2675],[-77.3305,40.2756],[-77.3315,40.2772],[-77.3307,40.2806],[-77.3239,40.2886],[-77.3232,40.2925],[-77.3286,40.2923],[-77.3406,40.2869],[-77.3607,40.2747],[-77.3851,40.2627],[-77.4025,40.257],[-77.4208,40.2554],[-77.4233,40.2585],[-77.4198,40.2641],[-77.411,40.2693],[-77.4093,40.2746],[-77.4029,40.2801],[-77.3612,40.3052],[-77.3576,40.3125],[-77.3601,40.3141],[-77.366,40.3136],[-77.3944,40.3035],[-77.4195,40.2908],[-77.4609,40.2639],[-77.4736,40.2542],[-77.5369,40.2191],[-77.5581,40.2186],[-77.5783,40.2066],[-77.5935,40.192],[-77.6054,40.1854],[-77.6147,40.1985],[-77.605,40.2055],[-77.6049,40.2249],[-77.6027,40.2282],[-77.6066,40.2297],[-77.6092,40.2328],[-77.6162,40.2326],[-77.6399,40.2177],[-77.6428,40.2181],[-77.6434,40.2232],[-77.6453,40.2225],[-77.6459,40.2238],[-77.6476,40.2225],[-77.6502,40.2287],[-77.6454,40.2389],[-77.65,40.248],[-77.645,40.2539],[-77.6457,40.256],[-77.6495,40.2576],[-77.6534,40.2574],[-77.6677,40.252],[-77.6712,40.2576],[-77.6703,40.2594]]]}},{"type":"Feature","properties":{"geoid":"4210920","name":"Greensburg Salem School District"},"geometry":{"type":"MultiPolygon","coordinates":[[[[-79.5624,40.3165],[-79.5602,40.3181],[-79.5589,40.316],[-79.5601,40.315],[-79.5585,40.3135],[-79.5561,40.3138],[-79.5554,40.3176],[-79.5538,40.3178],[-79.5545,40.3187],[-79.5506,40.3188],[-79.5504,40.3261],[-79.5391,40.3292],[-79.5391,40.3302],[-79.5418,40.3301],[-79.5413,40.3325],[-79.5431,40.3332],[-79.5452,40.3366],[-79.5466,40.3366],[-79.5468,40.3422],[-79.5329,40.3423],[-79.533,40.3395],[-79.532,40.3393],[-79.5302,40.342],[-79.5262,40.3408],[-79.5266,40.3366],[-79.5329,40.3379],[-79.5345,40.3369],[-79.5351,40.3301],[-79.5373,40.33],[-79.5371,40.3285],[-79.5352,40.3284],[-79.5377,40.3151],[-79.5329,40.3155],[-79.5323,40.3131],[-79.5343,40.3104],[-79.5308,40.3112],[-79.5306,40.3086],[-79.5365,40.3088],[-79.5392,40.3076],[-79.5393,40.3064],[-79.5381,40.3051],[-79.5328,40.3061],[-79.5328,40.3048],[-79.5293,40.305],[-79.5296,40.3061],[-79.5259,40.3077],[-79.523,40.3051],[-79.5245,40.3047],[-79.5236,40.3022],[-79.5254,40.3023],[-79.5248,40.3014],[-79.5271,40.2998],[-79.5279,40.2965],[-79.5293,40.2962],[-79.523,40.2903],[-79.5285,40.2901],[-79.5301,40.2938],[-79.5286,40.2944],[-79.5309,40.2973],[-79.5332,40.2958],[-79.5356,40.2986],[-79.5364,40.2973],[-79.5334,40.2935],[-79.5384,40.2852],[-79.5439,40.288],[-79.5452,40.286],[-79.5417,40.2856],[-79.5415,40.2819],[-79.5375,40.2803],[-79.5384,40.2751],[-79.5412,40.2744],[-79.5413,40.2761],[-79.545,40.2733],[-79.5524,40.2716],[-79.5537,40.2734],[-79.5549,40.2714],[-79.5581,40.2745],[-79.5563,40.277],[-79.5551,40.2758],[-79.5538,40.2763],[-79.5511,40.2799],[-79.5546,40.285],[-79.5526,40.2845],[-79.5498,40.287],[-79.5611,40.3008],[-79.5599,40.3013],[-79.5616,40.3052],[-79.5609,40.3067],[-79.5589,40.3059],[-79.5612,40.3077],[-79.562,40.3106],[-79.5613,40.3132],[-79.5588,40.3135],[-79.5624,40.3165]]],[[[-79.5754,40.3063],[-79.5706,40.3069],[-79.5686,40.3027],[-79.5642,40.3032],[-79.5613,40.2964],[-79.5623,40.2964],[-79.5633,40.2997],[-79.5671,40.2983],[-79.5688,40.3008],[-79.5755,40.2998],[-79.5754,40.3063]]],[[[-79.5961,40.4414],[-79.5816,40.4429],[-79.5783,40.4456],[-79.5743,40.4574],[-79.5614,40.4647],[-79.5603,40.466],[-79.5605,40.4686],[-79.5584,40.469],[-79.5557,40.4659],[-79.5486,40.4659],[-79.5428,40.4717],[-79.5295,40.4731],[-79.5008,40.455],[-79.4983,40.4515],[-79.4425,40.4141],[-79.4354,40.4146],[-79.4292,40.408],[-79.4295,40.4064],[-79.4398,40.4041],[-79.4344,40.4008],[-79.4331,40.3941],[-79.4288,40.3923],[-79.4211,40.3938],[-79.4226,40.3918],[-79.4266,40.3904],[-79.4246,40.3863],[-79.4271,40.3801],[-79.4297,40.3787],[-79.4312,40.3748],[-79.4359,40.3748],[-79.4384,40.3723],[-79.4392,40.3687],[-79.4425,40.3666],[-79.4446,40.3682],[-79.4473,40.3672],[-79.4492,40.3639],[-79.4584,40.3601],[-79.4701,40.363],[-79.4732,40.3613],[-79.4803,40.3612],[-79.493,40.3542],[-79.5168,40.3496],[-79.5711,40.3752],[-79.5782,40.3747],[-79.5959,40.3985],[-79.5923,40.3982],[-79.5764,40.4077],[-79.5785,40.4089],[-79.578,40.4102],[-79.5751,40.4112],[-79.5699,40.4088],[-79.5692,40.407],[-79.5665,40.4124],[-79.5697,40.4134],[-79.5708,40.4204],[-79.576,40.4272],[-79.5822,40.4304],[-79.5889,40.4291],[-79.5942,40.4342],[-79.5941,40.438],[-79.5981,40.4417],[-79.5961,40.4414]]]]}},{"type":"Feature","properties":{"geoid":"4213710","name":"Ligonier Valley School District"},"geometry":{"type":"Polygon","coordinates":[[[-79.3839,40.2057],[-79.365,40.2186],[-79.3643,40.2242],[-79.3554,40.239],[-79.3497,40.2408],[-79.3339,40.2511],[-79.3289,40.2519],[-79.3263,40.2565],[-79.3195,40.2609],[-79.317,40.2641],[-79.3115,40.2667],[-79.3139,40.2778],[-79.3134,40.2816],[-79.3113,40.2838],[-79.308,40.2844],[-79.2973,40.2819],[-79.2923,40.2847],[-79.2893,40.2883],[-79.29,40.2905],[-79.2853,40.2934],[-79.2865,40.2969],[-79.282,40.2984],[-79.2826,40.303],[-79.2796,40.3116],[-79.2703,40.3184],[-79.2697,40.3242],[-79.2684,40.3259],[-79.2629,40.329],[-79.2582,40.3284],[-79.2497,40.3341],[-79.2408,40.3372],[-79.2263,40.345],[-79.2224,40.3572],[-79.2164,40.3618],[-79.2136,40.3663],[-79.2082,40.3706],[-79.2073,40.3742],[-79.1994,40.3881],[-79.1866,40.3955],[-79.1886,40.3975],[-79.1841,40.408],[-79.187,40.4117],[-79.1927,40.4149],[-79.1854,40.4143],[-79.1737,40.4106],[-79.1644,40.4102],[-79.1558,40.4118],[-79.1521,40.4088],[-79.154,40.4017],[-79.1527,40.3992],[-79.1479,40.3976],[-79.1368,40.3986],[-79.117,40.3942],[-79.1149,40.3899],[-79.1225,40.3894],[-79.1287,40.3851],[-79.1271,40.3751],[-79.1216,40.3706],[-79.1093,40.3733],[-79.1062,40.3706],[-79.0996,40.3689],[-79.0968,40.3707],[-79.095,40.3759],[-79.0905,40.3802],[-79.0883,40.3866],[-79.0866,40.3886],[-79.083,40.3896],[-79.0772,40.3877],[-79.0699,40.3804],[-79.0646,40.379],[-79.0603,40.3796],[-79.0519,40.3893],[-79.0424,40.3914],[-79.0406,40.393],[-79.0398,40.3963],[-79.035,40.3968],[-79.0322,40.402],[-79.0284,40.4047],[-79.0278,40.4066],[-79.0343,40.4098],[-79.0326,40.4175],[-79.0293,40.4193],[-79.0124,40.4196],[-78.9966,40.4133],[-78.9881,40.4116],[-78.9738,40.3954],[-78.9982,40.3562],[-79.0061,40.3512],[-79.0099,40.343],[-79.0099,40.3405],[-79.0154,40.3392],[-79.02,40.3356],[-79.0234,40.3287],[-79.0312,40.3208],[-79.0317,40.3176],[-79.0373,40.3134],[-79.0364,40.3111],[-79.0376,40.307],[-79.045,40.2996],[-79.051,40.2908],[-79.0548,40.2894],[-79.0566,40.2786],[-79.0594,40.2758],[-79.068,40.2725],[-79.0735,40.2667],[-79.0766,40.2603],[-79.0796,40.2579],[-79.0781,40.2526],[-79.0825,40.2501],[-79.0867,40.2453],[-79.0863,40.2424],[-79.0914,40.2405],[-79.0949,40.2365],[-79.095,40.2336],[-79.0974,40.2322],[-79.1022,40.2323],[-79.0983,40.228],[-79.1003,40.2249],[-79.1045,40.2243],[-79.1015,40.2238],[-79.1003,40.2223],[-79.1035,40.2201],[-79.103,40.2182],[-79.1055,40.217],[-79.1091,40.2183],[-79.1068,40.2149],[-79.1104,40.2115],[-79.1143,40.2103],[-79.1146,40.205],[-79.1162,40.2038],[-79.1219,40.2031],[-79.1225,40.2017],[-79.1262,40.2004],[-79.1238,40.1939],[-79.1275,40.1878],[-79.126,40.185],[-79.1267,40.1833],[-79.1344,40.1787],[-79.143,40.18],[-79.14,40.1639],[-79.1498,40.1604],[-79.1609,40.1611],[-79.1605,40.1569],[-79.1628,40.1541],[-79.1632,40.1463],[-79.1621,40.1433],[-79.1657,40.1391],[-79.168,40.1282],[-79.1723,40.1261],[-79.1742,40.1206],[-79.181,40.1157],[-79.1812,40.1139],[-79.1852,40.1098],[-79.1916,40.11],[-79.1954,40.1133],[-79.1969,40.116],[-79.1966,40.1185],[-79.201,40.1181],[-79.203,40.1149],[-79.2108,40.1189],[-79.2209,40.1127],[-79.2226,40.1042],[-79.2267,40.0983],[-79.229,40.0978],[-79.2316,40.1025],[-79.2305,40.1044],[-79.233,40.1044],[-79.2327,40.1057],[-79.2398,40.1099],[-79.2446,40.1152],[-79.2549,40.1172],[-79.2615,40.1212],[-79.2734,40.1201],[-79.281,40.1261],[-79.2901,40.1267],[-79.3025,40.1296],[-79.3059,40.1315],[-79.311,40.1382],[-79.3186,40.1443],[-79.335,40.1496],[-79.343,40.1549],[-79.3453,40.1596],[-79.3487,40.1623],[-79.3584,40.1654],[-79.3635,40.1692],[-79.3694,40.18],[-79.3769,40.1837],[-79.3839,40.2057]]]}},{"type":"Feature","properties":{"geoid":"4208010","name":"Duquesne City School District"},"geometry":{"type":"Polygon","coordinates":[[[-79.8666,40.383],[-79.8534,40.3884],[-79.8412,40.3784],[-79.8388,40.3751],[-79.8364,40.365],[-79.8372,40.3621],[-79.84,40.3596],[-79.8479,40.3569],[-79.847,40.3603],[-79.8543,40.3611],[-79.8568,40.3656],[-79.8595,40.367],[-79.8573,40.3709],[-79.8689,40.3819],[-79.8666,40.383]]]}},{"type":"Feature","properties":{"geoid":"4211400","name":"Hampton Township School District"},"geometry":{"type":"Polygon","coordinates":[[[-79.9911,40.6143],[-79.9206,40.6161],[-79.9197,40.5963],[-79.9159,40.5964],[-79.9151,40.5549],[-79.9793,40.5538],[-79.979,40.5551],[-79.9827,40.5551],[-79.9827,40.554],[-79.9889,40.5539],[-79.9911,40.6143]]]}},{"type":"Feature","properties":{"geoid":"4217220","name":"North Hills School District"},"geometry":{"type":"Polygon","coordinates":[[[-80.0647,40.5527],[-79.9889,40.5539],[-79.9882,40.5241],[-79.9856,40.502],[-79.9897,40.5007],[-79.9896,40.4972],[-79.9943,40.4971],[-79.9952,40.494],[-80.0107,40.4991],[-80.011,40.5009],[-80.013,40.4987],[-80.017,40.4998],[-80.0178,40.4974],[-80.0201,40.4977],[-80.022,40.4938],[-80.0229,40.4953],[-80.0254,40.4953],[-80.0259,40.4968],[-80.0278,40.4961],[-80.0278,40.4911],[-80.0375,40.4901],[-80.0407,40.4915],[-80.0464,40.4872],[-80.0446,40.4917],[-80.046,40.4949],[-80.0513,40.4965],[-80.0479,40.5022],[-80.0583,40.5082],[-80.0616,40.5058],[-80.0647,40.5527]]]}},{"type":"Feature","properties":{"geoid":"4219170","name":"Pittsburgh School District"},"geometry":{"type":"Polygon","coordinates":[[[-80.0951,40.4593],[-80.0839,40.4595],[-80.0777,40.4647],[-80.0719,40.4613],[-80.0686,40.4608],[-80.0608,40.4642],[-80.0585,40.4634],[-80.0512,40.4656],[-80.0503,40.4693],[-80.0468,40.4724],[-80.0484,40.4771],[-80.0532,40.4822],[-80.0499,40.4855],[-80.0407,40.4915],[-80.0375,40.4901],[-80.0278,40.4911],[-80.0278,40.4961],[-80.0259,40.4968],[-80.0254,40.4953],[-80.0229,40.4953],[-80.022,40.4938],[-80.0201,40.4977],[-80.0178,40.4974],[-80.017,40.4998],[-80.013,40.4987],[-80.011,40.5009],[-80.0107,40.4991],[-80.0039,40.4963],[-80.0032,40.4829],[-80.0018,40.4824],[-80.0017,40.4801],[-79.9965,40.4792],[-79.9953,40.4774],[-79.9958,40.4745],[-79.9976,40.4746],[-79.9975,40.473],[-79.9919,40.4731],[-79.9934,40.4767],[-79.995,40.4774],[-79.9881,40.4768],[-79.9839,40.4663],[-79.9788,40.4715],[-79.9747,40.4694],[-79.97,40.4711],[-79.9607,40.4821],[-79.9554,40.4859],[-79.9476,40.4888],[-79.9356,40.4915],[-79.9279,40.4915],[-79.9014,40.4862],[-79.9016,40.489],[-79.8976,40.4879],[-79.8969,40.4926],[-79.8846,40.4909],[-79.8846,40.4873],[-79.8882,40.4864],[-79.8882,40.4839],[-79.8838,40.4832],[-79.8847,40.4793],[-79.8866,40.4782],[-79.89,40.4618],[-79.8792,40.4592],[-79.8763,40.4597],[-79.8755,40.4615],[-79.8745,40.4593],[-79.8691,40.461],[-79.8717,40.4606],[-79.8726,40.4575],[-79.8658,40.4557],[-79.8676,40.4494],[-79.8841,40.4491],[-79.8859,40.4469],[-79.8924,40.4503],[-79.8971,40.4278],[-79.891,40.4272],[-79.8942,40.4256],[-79.8972,40.4261],[-79.8996,40.4154],[-79.906,40.4157],[-79.9154,40.4132],[-79.9272,40.4009],[-79.933,40.3976],[-79.9324,40.3915],[-79.9296,40.3897],[-79.9182,40.3993],[-79.9133,40.397],[-79.9169,40.3939],[-79.9149,40.3934],[-79.9185,40.3885],[-79.9161,40.3821],[-79.9173,40.3816],[-79.9162,40.3801],[-79.9117,40.3805],[-79.9107,40.3787],[-79.9083,40.3782],[-79.9118,40.3728],[-79.9086,40.3705],[-79.9034,40.3719],[-79.9003,40.3653],[-79.9072,40.3615],[-79.9082,40.3636],[-79.9108,40.3628],[-79.9119,40.365],[-79.9207,40.3654],[-79.925,40.3751],[-79.9394,40.3739],[-79.9427,40.376],[-79.9437,40.375],[-79.9455,40.3761],[-79.9425,40.3797],[-79.9355,40.3809],[-79.9388,40.395],[-79.9371,40.3953],[-79.9377,40.3968],[-79.9426,40.3973],[-79.9481,40.4004],[-79.9508,40.4038],[-79.953,40.4107],[-79.9628,40.4097],[-79.9693,40.4055],[-79.9766,40.4039],[-79.9797,40.4015],[-79.9798,40.3996],[-79.9758,40.3931],[-79.973,40.3925],[-79.9731,40.3887],[-79.9758,40.3872],[-79.9741,40.3848],[-79.9765,40.3854],[-79.9776,40.3841],[-79.9761,40.3813],[-79.9819,40.3806],[-79.9833,40.3815],[-79.986,40.3778],[-79.9911,40.3789],[-79.9935,40.3783],[-79.994,40.3758],[-79.9991,40.3773],[-80.0016,40.3748],[-80.0067,40.3749],[-80.0017,40.3797],[-80.0051,40.3839],[-80.0077,40.383],[-80.0076,40.3811],[-80.0126,40.3809],[-80.0138,40.3866],[-80.0164,40.3851],[-80.0287,40.3913],[-80.0311,40.3966],[-80.0294,40.3972],[-80.0325,40.4017],[-80.0366,40.4008],[-80.0356,40.4043],[-80.0419,40.3994],[-80.0449,40.3991],[-80.0512,40.4019],[-80.0348,40.4284],[-80.0384,40.4278],[-80.0417,40.429],[-80.0431,40.428],[-80.0466,40.4294],[-80.0474,40.426],[-80.0538,40.4279],[-80.0572,40.4264],[-80.0637,40.4264],[-80.0672,40.4229],[-80.0664,40.4168],[-80.0715,40.4158],[-80.0739,40.4134],[-80.0787,40.4165],[-80.076,40.4179],[-80.0749,40.4206],[-80.0796,40.42],[-80.0854,40.4212],[-80.0855,40.4238],[-80.0805,40.4237],[-80.0739,40.4255],[-80.0686,40.4314],[-80.0632,40.4279],[-80.0622,40.429],[-80.0598,40.4283],[-80.0573,40.4316],[-80.0591,40.4371],[-80.0576,40.4375],[-80.0612,40.4406],[-80.0607,40.4421],[-80.0554,40.4439],[-80.0585,40.4446],[-80.0619,40.4478],[-80.064,40.4476],[-80.0662,40.4494],[-80.0686,40.4478],[-80.0731,40.4487],[-80.0785,40.4465],[-80.0764,40.4418],[-80.0807,40.4397],[-80.0829,40.4404],[-80.0902,40.4442],[-80.091,40.449],[-80.0895,40.4504],[-80.0945,40.4513],[-80.0951,40.4593]]]}},{"type":"Feature","properties":{"geoid":"4222830","name":"Sto-Rox School District"},"geometry":{"type":"Polygon","coordinates":[[[-80.0997,40.4982],[-80.0991,40.4994],[-80.081,40.4915],[-80.0675,40.4923],[-80.0517,40.4813],[-80.0484,40.4771],[-80.0468,40.4724],[-80.0503,40.4693],[-80.0512,40.4656],[-80.0585,40.4634],[-80.0608,40.4642],[-80.0686,40.4608],[-80.0719,40.4613],[-80.0777,40.4647],[-80.0776,40.4658],[-80.0795,40.465],[-80.0798,40.4667],[-80.0835,40.4676],[-80.0819,40.47],[-80.0797,40.4692],[-80.0791,40.471],[-80.0841,40.4757],[-80.0835,40.4798],[-80.0914,40.4917],[-80.0999,40.4948],[-80.0997,40.4982]]]}},{"type":"Feature","properties":{"geoid":"4207980","name":"Dunmore School District"},"geometry":{"type":"Polygon","coordinates":[[[-75.6516,41.4177],[-75.6403,41.4304],[-75.6223,41.4427],[-75.5603,41.4128],[-75.5822,41.3941],[-75.6249,41.3927],[-75.6181,41.4012],[-75.6516,41.4177]]]}},{"type":"Feature","properties":{"geoid":"4215170","name":"Mid Valley School District"},"geometry":{"type":"Polygon","coordinates":[[[-75.6622,41.4759],[-75.6321,41.4874],[-75.6066,41.4707],[-75.6038,41.473],[-75.593,41.4766],[-75.5879,41.4753],[-75.5837,41.4756],[-75.5733,41.4689],[-75.5797,41.4634],[-75.5358,41.4339],[-75.5603,41.4128],[-75.6623,41.4625],[-75.6622,41.4759]]]}},{"type":"Feature","properties":{"geoid":"4218120","name":"Old Forge School District"},"geometry":{"type":"Polygon","coordinates":[[[-75.7611,41.361],[-75.7563,41.3614],[-75.7552,41.3797],[-75.7435,41.3928],[-75.7334,41.3854],[-75.7338,41.3842],[-75.7295,41.381],[-75.7223,41.3716],[-75.722,41.3675],[-75.7244,41.3635],[-75.7238,41.3596],[-75.7253,41.3561],[-75.7269,41.3559],[-75.7298,41.3588],[-75.7346,41.3592],[-75.737,41.3573],[-75.7425,41.3564],[-75.7414,41.3552],[-75.7419,41.3483],[-75.7611,41.361]]]}},{"type":"Feature","properties":{"geoid":"4224650","name":"Valley View School District"},"geometry":{"type":"Polygon","coordinates":[[[-75.6223,41.4948],[-75.6061,41.5084],[-75.6052,41.5078],[-75.5853,41.5234],[-75.5845,41.5273],[-75.5704,41.5446],[-75.552,41.5333],[-75.5567,41.5277],[-75.5526,41.5269],[-75.5467,41.5153],[-75.5428,41.5159],[-75.5441,41.5225],[-75.5354,41.5269],[-75.5348,41.5289],[-75.4992,41.5317],[-75.4825,41.5208],[-75.5047,41.5019],[-75.4961,41.4961],[-75.5327,41.4652],[-75.514,41.4525],[-75.5358,41.4339],[-75.5797,41.4634],[-75.5733,41.4689],[-75.5837,41.4756],[-75.5879,41.4753],[-75.593,41.4766],[-75.6038,41.473],[-75.6066,41.4707],[-75.6321,41.4874],[-75.6223,41.4948]]]}},{"type":"Feature","properties":{"geoid":"4203900","name":"Blue Ridge School District"},"geometry":{"type":"Polygon","coordinates":[[[-75.7923,41.8854],[-75.7656,41.8853],[-75.7734,41.9981],[-75.6556,41.9986],[-75.6483,41.9098],[-75.5688,41.9132],[-75.5579,41.8222],[-75.7891,41.8127],[-75.7923,41.8854]]]}},{"type":"Feature","properties":{"geoid":"4222980","name":"Susquehanna Community School District"},"geometry":{"type":"Polygon","coordinates":[[[-75.6556,41.9986],[-75.4831,41.9993],[-75.479,41.9246],[-75.4292,41.9251],[-75.4267,41.8752],[-75.4764,41.8733],[-75.4708,41.7832],[-75.559,41.7783],[-75.5626,41.822],[-75.5579,41.8222],[-75.5688,41.9132],[-75.6483,41.9098],[-75.6556,41.9986]]]}},{"type":"Feature","properties":{"geoid":"4218990","name":"Philadelphia City School District"},"geometry":{"type":"Polygon","coordinates":[[[-75.2803,39.975],[-75.2058,40.0116],[-75.2122,40.0155],[-75.2181,40.0209],[-75.2393,40.0329],[-75.2644,40.0541],[-75.2236,40.0929],[-75.1885,40.0727],[-75.1764,40.0846],[-75.1094,40.0458],[-75.1079,40.0482],[-75.0935,40.0572],[-75.0874,40.0636],[-75.0967,40.069],[-75.0869,40.0786],[-75.0778,40.0858],[-75.0583,40.1059],[-75.0206,40.1323],[-75.0151,40.138],[-74.9979,40.1278],[-74.9936,40.1323],[-74.9923,40.1307],[-74.9937,40.1266],[-74.989,40.1261],[-74.9872,40.1233],[-74.9835,40.1237],[-74.9822,40.1221],[-74.9827,40.1209],[-74.9732,40.1199],[-74.9701,40.1172],[-74.9641,40.1178],[-74.9634,40.11],[-74.9652,40.1078],[-74.9612,40.1034],[-74.9616,40.0978],[-74.9558,40.0951],[-74.9583,40.0841],[-74.9636,40.0771],[-74.9711,40.076],[-74.9724,40.0722],[-74.9809,40.066],[-74.9804,40.0603],[-74.9843,40.0558],[-74.9737,40.0482],[-75.0122,40.0207],[-75.0342,40.0152],[-75.0471,40.0099],[-75.0534,40.0046],[-75.0581,39.9974],[-75.0596,39.9921],[-75.0642,39.986],[-75.0756,39.978],[-75.1023,39.9724],[-75.1192,39.9654],[-75.1301,39.9587],[-75.1339,39.9542],[-75.1357,39.9471],[-75.1361,39.9339],[-75.135,39.9273],[-75.1279,39.9118],[-75.1308,39.9002],[-75.1373,39.89],[-75.1437,39.885],[-75.1893,39.8807],[-75.1999,39.8732],[-75.2115,39.8671],[-75.216,39.8711],[-75.2157,39.8761],[-75.2198,39.8755],[-75.2341,39.8772],[-75.2405,39.8724],[-75.2484,39.8765],[-75.2625,39.8766],[-75.2644,39.8822],[-75.2619,39.883],[-75.2646,39.8847],[-75.2628,39.8857],[-75.2649,39.8879],[-75.2625,39.8884],[-75.2617,39.8918],[-75.2591,39.8924],[-75.2568,39.8952],[-75.2556,39.8996],[-75.2513,39.9044],[-75.2535,39.9056],[-75.2503,39.9076],[-75.2499,39.9094],[-75.2515,39.9101],[-75.2472,39.9136],[-75.2478,39.9217],[-75.2443,39.9263],[-75.2434,39.9319],[-75.2419,39.9335],[-75.2376,39.9325],[-75.2349,39.9375],[-75.2396,39.938],[-75.2406,39.9392],[-75.2404,39.9422],[-75.247,39.9434],[-75.2501,39.947],[-75.2516,39.9521],[-75.249,39.9569],[-75.2509,39.959],[-75.2485,39.9603],[-75.2481,39.9641],[-75.2541,39.9654],[-75.2571,39.9637],[-75.2605,39.9663],[-75.2654,39.9653],[-75.2706,39.9687],[-75.2754,39.9696],[-75.2803,39.975]]]}},{"type":"Feature","properties":{"geoid":"4208460","name":"Eastern Lebanon County School District"},"geometry":{"type":"Polygon","coordinates":[[[-76.3705,40.3881],[-76.341,40.4344],[-76.2319,40.3663],[-76.2055,40.3607],[-76.1512,40.316],[-76.3077,40.255],[-76.3365,40.2513],[-76.343,40.3266],[-76.3532,40.3894],[-76.3705,40.3881]]]}},{"type":"Feature","properties":{"geoid":"4203120","name":"Beaver Area School District"},"geometry":{"type":"Polygon","coordinates":[[[-80.419,40.7159],[-80.3388,40.7405],[-80.3388,40.7355],[-80.3347,40.7303],[-80.3221,40.7222],[-80.3169,40.7224],[-80.3123,40.7209],[-80.3101,40.7169],[-80.3074,40.7151],[-80.3033,40.7162],[-80.2944,40.7059],[-80.2876,40.6955],[-80.2932,40.6914],[-80.3312,40.6784],[-80.344,40.6713],[-80.3472,40.6732],[-80.3463,40.6741],[-80.3653,40.6726],[-80.3665,40.677],[-80.3793,40.6767],[-80.379,40.6681],[-80.4014,40.6675],[-80.4014,40.6686],[-80.4083,40.6686],[-80.4084,40.6702],[-80.4131,40.6702],[-80.4136,40.6763],[-80.4174,40.6762],[-80.419,40.7159]]]}},{"type":"Feature","properties":{"geoid":"4215270","name":"Midland Borough School District"},"geometry":{"type":"Polygon","coordinates":[[[-80.4735,40.6508],[-80.4719,40.6517],[-80.4607,40.6516],[-80.4618,40.6456],[-80.4407,40.6422],[-80.4423,40.6374],[-80.4408,40.6368],[-80.4445,40.6238],[-80.4538,40.624],[-80.4607,40.6281],[-80.4688,40.6369],[-80.4696,40.64],[-80.4731,40.6437],[-80.4723,40.6491],[-80.4735,40.6508]]]}},{"type":"Feature","properties":{"geoid":"4209990","name":"Fort LeBoeuf School District"},"geometry":{"type":"Polygon","coordinates":[[[-80.126,42.0478],[-80.0257,42.0833],[-80.0026,42.0473],[-80.0063,42.0458],[-79.9934,42.0258],[-79.9994,42.0237],[-80.0008,41.999],[-79.892,41.9988],[-79.8907,41.9678],[-79.8884,41.9467],[-79.8878,41.9419],[-79.8855,41.9419],[-79.8869,41.8507],[-80.0352,41.85],[-80.0346,41.9147],[-80.0663,41.9149],[-80.0662,41.9251],[-80.0689,41.9251],[-80.0701,41.9407],[-80.0744,41.9406],[-80.0746,41.9687],[-80.0455,41.9687],[-80.0449,41.9991],[-80.0645,41.9989],[-80.0746,42.0157],[-80.0837,42.0156],[-80.0838,42.0193],[-80.1047,42.0194],[-80.1044,42.034],[-80.1148,42.0299],[-80.126,42.0478]]]}},{"type":"Feature","properties":{"geoid":"4222800","name":"Steelton-Highspire School District"},"geometry":{"type":"Polygon","coordinates":[[[-76.8535,40.2362],[-76.8508,40.2378],[-76.8531,40.2391],[-76.8505,40.2415],[-76.8441,40.2387],[-76.8397,40.2434],[-76.8352,40.2406],[-76.8332,40.2411],[-76.8376,40.2381],[-76.8353,40.2361],[-76.8323,40.2378],[-76.8287,40.2349],[-76.8323,40.2315],[-76.8262,40.2263],[-76.8242,40.2272],[-76.8247,40.225],[-76.8225,40.224],[-76.8146,40.2318],[-76.8143,40.2295],[-76.8167,40.2238],[-76.8157,40.2218],[-76.8072,40.2213],[-76.7959,40.2143],[-76.7965,40.2133],[-76.7859,40.2132],[-76.786,40.2146],[-76.7792,40.2147],[-76.7787,40.2121],[-76.7821,40.209],[-76.7693,40.2057],[-76.7728,40.2009],[-76.7868,40.2061],[-76.7871,40.204],[-76.803,40.2088],[-76.8535,40.2362]]]}},{"type":"Feature","properties":{"geoid":"4211760","name":"Hempfield Area School District"},"geometry":{"type":"Polygon","coordinates":[[[-79.6995,40.2743],[-79.6965,40.2781],[-79.6977,40.2807],[-79.6956,40.2913],[-79.6802,40.3067],[-79.6744,40.3108],[-79.6739,40.313],[-79.6676,40.3128],[-79.6651,40.3209],[-79.6658,40.329],[-79.671,40.3298],[-79.674,40.3336],[-79.6714,40.3338],[-79.6716,40.335],[-79.6651,40.3406],[-79.6633,40.3415],[-79.6588,40.3341],[-79.6547,40.3324],[-79.6537,40.3347],[-79.6501,40.3344],[-79.6476,40.3292],[-79.6487,40.3267],[-79.6391,40.3277],[-79.6327,40.33],[-79.6303,40.3286],[-79.6306,40.3266],[-79.6288,40.3254],[-79.6299,40.3241],[-79.6208,40.3193],[-79.6239,40.316],[-79.6186,40.3157],[-79.6193,40.3129],[-79.6143,40.3125],[-79.6129,40.3104],[-79.605,40.3114],[-79.6019,40.3132],[-79.6026,40.316],[-79.6075,40.3175],[-79.6036,40.3197],[-79.6085,40.322],[-79.6114,40.3254],[-79.6072,40.3281],[-79.601,40.3274],[-79.596,40.331],[-79.5929,40.3303],[-79.5895,40.3397],[-79.5839,40.3452],[-79.578,40.3462],[-79.5747,40.3501],[-79.5726,40.354],[-79.5787,40.3528],[-79.5813,40.3622],[-79.5753,40.372],[-79.5712,40.3751],[-79.5154,40.3493],[-79.493,40.3542],[-79.4803,40.3612],[-79.4732,40.3613],[-79.4718,40.3569],[-79.4681,40.3522],[-79.4689,40.349],[-79.4629,40.3399],[-79.4667,40.3354],[-79.4732,40.3322],[-79.4746,40.3293],[-79.4741,40.3217],[-79.4774,40.3185],[-79.4786,40.3121],[-79.489,40.2941],[-79.5011,40.2783],[-79.5025,40.274],[-79.511,40.2662],[-79.5108,40.2616],[-79.5127,40.2562],[-79.5204,40.2542],[-79.5279,40.2546],[-79.5353,40.2508],[-79.5396,40.2463],[-79.5416,40.2409],[-79.5407,40.2389],[-79.5458,40.2235],[-79.55,40.2232],[-79.5433,40.2211],[-79.5456,40.2192],[-79.5531,40.2169],[-79.5537,40.1963],[-79.5567,40.1922],[-79.5578,40.1866],[-79.5671,40.1894],[-79.5757,40.1896],[-79.5824,40.1933],[-79.5844,40.1921],[-79.5925,40.1939],[-79.598,40.1929],[-79.6222,40.2011],[-79.63,40.2024],[-79.6373,40.2062],[-79.6424,40.2111],[-79.6515,40.2101],[-79.6516,40.2085],[-79.6539,40.2081],[-79.6587,40.2079],[-79.6633,40.2096],[-79.6573,40.2108],[-79.6588,40.2137],[-79.6537,40.2182],[-79.6615,40.2332],[-79.6701,40.2388],[-79.6679,40.2408],[-79.6682,40.247],[-79.674,40.2504],[-79.6788,40.2504],[-79.6803,40.2521],[-79.6835,40.2488],[-79.6933,40.2647],[-79.7001,40.273],[-79.6995,40.2743]],[[-79.6662,40.2739],[-79.6631,40.2694],[-79.6641,40.2639],[-79.6503,40.2616],[-79.6484,40.2637],[-79.6579,40.2758],[-79.6662,40.2739]],[[-79.5755,40.2998],[-79.5688,40.3008],[-79.5671,40.2983],[-79.5633,40.2997],[-79.5623,40.2964],[-79.5613,40.2964],[-79.5642,40.3032],[-79.5686,40.3027],[-79.5706,40.3069],[-79.5754,40.3063],[-79.5755,40.2998]],[[-79.5604,40.3155],[-79.5588,40.3135],[-79.5613,40.3132],[-79.562,40.3106],[-79.5612,40.3077],[-79.5589,40.3059],[-79.5609,40.3067],[-79.5616,40.3052],[-79.5599,40.3013],[-79.5611,40.3008],[-79.5498,40.287],[-79.5526,40.2845],[-79.5546,40.285],[-79.5511,40.2799],[-79.5538,40.2763],[-79.5551,40.2758],[-79.5563,40.277],[-79.5581,40.2745],[-79.5549,40.2714],[-79.5537,40.2734],[-79.5524,40.2716],[-79.545,40.2733],[-79.5413,40.2761],[-79.5412,40.2744],[-79.5384,40.2751],[-79.5375,40.2803],[-79.5415,40.2819],[-79.5417,40.2856],[-79.5452,40.286],[-79.5439,40.288],[-79.5384,40.2852],[-79.5334,40.2935],[-79.5364,40.2973],[-79.5356,40.2986],[-79.5332,40.2958],[-79.5309,40.2973],[-79.5286,40.2944],[-79.5301,40.2938],[-79.5285,40.2901],[-79.523,40.2903],[-79.5293,40.2962],[-79.5279,40.2965],[-79.5271,40.2998],[-79.5248,40.3014],[-79.5254,40.3023],[-79.5236,40.3022],[-79.5245,40.3047],[-79.523,40.3051],[-79.5259,40.3077],[-79.5296,40.3061],[-79.5293,40.305],[-79.5328,40.3048],[-79.5328,40.3061],[-79.5381,40.3051],[-79.5393,40.3064],[-79.5392,40.3076],[-79.5365,40.3088],[-79.5306,40.3086],[-79.5308,40.3112],[-79.5343,40.3104],[-79.5323,40.3131],[-79.5329,40.3155],[-79.5377,40.3151],[-79.5352,40.3284],[-79.5371,40.3285],[-79.5373,40.33],[-79.5351,40.3301],[-79.5345,40.3369],[-79.5329,40.3379],[-79.5266,40.3366],[-79.5262,40.3408],[-79.5302,40.342],[-79.532,40.3393],[-79.533,40.3395],[-79.5329,40.3423],[-79.5468,40.3422],[-79.5466,40.3366],[-79.5452,40.3366],[-79.5431,40.3332],[-79.5413,40.3325],[-79.5418,40.3301],[-79.5391,40.3302],[-79.5391,40.3292],[-79.5504,40.3261],[-79.5506,40.3188],[-79.5545,40.3187],[-79.5538,40.3178],[-79.5554,40.3176],[-79.5561,40.3138],[-79.5585,40.3135],[-79.5601,40.315],[-79.5589,40.316],[-79.5602,40.3181],[-79.5624,40.3165],[-79.5604,40.3155]]]}},{"type":"Feature","properties":{"geoid":"4215600","name":"Monessen City School District"},"geometry":{"type":"Polygon","coordinates":[[[-79.9049,40.1548],[-79.9031,40.1602],[-79.9003,40.1625],[-79.8933,40.165],[-79.8707,40.1621],[-79.8715,40.1601],[-79.8689,40.1593],[-79.87,40.1589],[-79.8685,40.1565],[-79.862,40.1507],[-79.8622,40.1492],[-79.8661,40.1481],[-79.8614,40.1453],[-79.8628,40.1452],[-79.8624,40.1439],[-79.8691,40.1378],[-79.8721,40.1401],[-79.8708,40.1413],[-79.872,40.142],[-79.8761,40.1331],[-79.8779,40.1334],[-79.8773,40.1372],[-79.8808,40.1395],[-79.8842,40.1401],[-79.8855,40.1389],[-79.8966,40.1477],[-79.9042,40.152],[-79.9049,40.1548]]]}},{"type":"Feature","properties":{"geoid":"4211450","name":"Hanover Public School District"},"geometry":{"type":"Polygon","coordinates":[[[-76.9997,39.8196],[-76.999,39.8177],[-76.9966,39.8178],[-76.9956,39.8198],[-76.999,39.826],[-76.9922,39.8256],[-76.9927,39.8297],[-76.9917,39.8307],[-76.9852,39.8306],[-76.9846,39.8318],[-76.9763,39.8257],[-76.9727,39.8274],[-76.9693,39.8244],[-76.9635,39.8217],[-76.9647,39.8203],[-76.967,39.8205],[-76.9631,39.8148],[-76.966,39.8132],[-76.9703,39.8081],[-76.9717,39.7984],[-76.9739,39.798],[-76.9759,39.7948],[-76.9754,39.7933],[-76.9825,39.7932],[-76.9864,39.7912],[-76.9933,39.7966],[-76.994,39.7994],[-76.9996,39.795],[-76.9997,39.8196]]]}},{"type":"Feature","properties":{"geoid":"4225980","name":"West York Area School District"},"geometry":{"type":"Polygon","coordinates":[[[-76.8356,39.9286],[-76.8298,39.9394],[-76.828,39.9457],[-76.8293,39.9496],[-76.8272,39.9531],[-76.827,39.9569],[-76.8279,39.9607],[-76.8301,39.9627],[-76.8162,39.9703],[-76.8155,39.9723],[-76.8172,39.9756],[-76.8047,39.9821],[-76.8065,39.983],[-76.8049,39.9867],[-76.809,39.989],[-76.8027,39.9981],[-76.7989,40.0007],[-76.7925,39.9921],[-76.7854,39.9874],[-76.769,39.9858],[-76.7574,39.9779],[-76.7608,39.9781],[-76.7626,39.9766],[-76.762,39.974],[-76.757,39.9752],[-76.7568,39.9772],[-76.7513,39.9706],[-76.7513,39.9696],[-76.7558,39.9693],[-76.7551,39.9661],[-76.7628,39.9653],[-76.762,39.9619],[-76.7516,39.9587],[-76.7491,39.9526],[-76.7444,39.9474],[-76.7456,39.9453],[-76.7545,39.9461],[-76.7572,39.9458],[-76.7586,39.9442],[-76.7569,39.94],[-76.7592,39.9387],[-76.7586,39.9365],[-76.7569,39.9361],[-76.7537,39.9302],[-76.7503,39.9287],[-76.7516,39.9232],[-76.7556,39.9227],[-76.7634,39.9188],[-76.7651,39.9199],[-76.7694,39.9198],[-76.772,39.9177],[-76.7794,39.9155],[-76.7804,39.9129],[-76.7843,39.9118],[-76.79,39.9199],[-76.7938,39.9222],[-76.7988,39.9219],[-76.7994,39.9186],[-76.8026,39.914],[-76.7968,39.9091],[-76.7969,39.9073],[-76.8008,39.9031],[-76.8079,39.9012],[-76.8125,39.9042],[-76.8142,39.9021],[-76.8132,39.8967],[-76.8171,39.8946],[-76.8272,39.8982],[-76.8318,39.8979],[-76.8357,39.9161],[-76.8356,39.9286]]]}},{"type":"Feature","properties":{"geoid":"4202850","name":"Pine-Richland School District"},"geometry":{"type":"Polygon","coordinates":[[[-80.0714,40.6742],[-79.9878,40.6736],[-79.9599,40.6723],[-79.9242,40.673],[-79.9206,40.6161],[-80.0681,40.6125],[-80.0714,40.6742]]]}},{"type":"Feature","properties":{"geoid":"4203510","name":"Bethel Park School District"},"geometry":{"type":"Polygon","coordinates":[[[-80.074,40.2998],[-80.0529,40.3507],[-80.0427,40.3527],[-80.0397,40.3518],[-80.0378,40.3536],[-80.0282,40.3559],[-80.028,40.3619],[-80.0237,40.3606],[-80.0228,40.3586],[-80.0171,40.359],[-80.0056,40.343],[-79.9981,40.3382],[-80.0238,40.2984],[-80.0333,40.2875],[-80.074,40.2998]]]}},{"type":"Feature","properties":{"geoid":"4216200","name":"Muhlenberg School District"},"geometry":{"type":"Polygon","coordinates":[[[-75.9751,40.4045],[-75.9725,40.409],[-75.9691,40.4118],[-75.9615,40.408],[-75.9554,40.41],[-75.9456,40.4099],[-75.8886,40.4295],[-75.8842,40.4266],[-75.8904,40.4015],[-75.8937,40.3818],[-75.8986,40.3669],[-75.9216,40.3673],[-75.9205,40.3712],[-75.9274,40.3688],[-75.9278,40.3674],[-75.9406,40.3676],[-75.943,40.3709],[-75.9472,40.3696],[-75.948,40.3708],[-75.9533,40.3683],[-75.9562,40.3726],[-75.9511,40.3801],[-75.9527,40.3834],[-75.9613,40.3887],[-75.9699,40.391],[-75.9728,40.3935],[-75.9735,40.3961],[-75.9649,40.401],[-75.9655,40.4022],[-75.9695,40.4034],[-75.9725,40.4024],[-75.9751,40.4045]]]}},{"type":"Feature","properties":{"geoid":"4219920","name":"Radnor Township School District"},"geometry":{"type":"Polygon","coordinates":[[[-75.4065,40.0455],[-75.3601,40.0662],[-75.3207,40.0162],[-75.3291,40.0125],[-75.3275,40.0103],[-75.3412,40.0045],[-75.3431,40.005],[-75.3505,40.0017],[-75.3515,40.0031],[-75.3693,39.9951],[-75.3741,39.9902],[-75.415,40.0418],[-75.4065,40.0455]]]}},{"type":"Feature","properties":{"geoid":"4202820","name":"Avonworth School District"},"geometry":{"type":"Polygon","coordinates":[[[-80.1221,40.5491],[-80.1157,40.5529],[-80.1135,40.5623],[-80.114,40.5668],[-80.1167,40.5705],[-80.1139,40.5705],[-80.1139,40.5755],[-80.064,40.5422],[-80.0616,40.5058],[-80.0685,40.509],[-80.0754,40.5088],[-80.075,40.4984],[-80.1084,40.5105],[-80.1203,40.5131],[-80.1221,40.5491]]]}},{"type":"Feature","properties":{"geoid":"4204140","name":"Brentwood Borough School District"},"geometry":{"type":"Polygon","coordinates":[[[-79.9889,40.3639],[-79.9851,40.3682],[-79.9862,40.3702],[-79.9848,40.3721],[-79.9869,40.3751],[-79.9833,40.3815],[-79.9819,40.3806],[-79.9761,40.3813],[-79.9776,40.3841],[-79.9765,40.3854],[-79.9693,40.3858],[-79.9684,40.3819],[-79.9628,40.3789],[-79.9651,40.3756],[-79.9616,40.3715],[-79.9626,40.3705],[-79.9823,40.3609],[-79.9833,40.3626],[-79.988,40.3624],[-79.9889,40.3639]]]}},{"type":"Feature","properties":{"geoid":"4217460","name":"Northeast Bradford School District"},"geometry":{"type":"Polygon","coordinates":[[[-76.4147,41.9138],[-76.3789,41.9149],[-76.3816,41.9986],[-76.1455,41.9989],[-76.1275,41.8013],[-76.1777,41.7952],[-76.2105,41.8041],[-76.2129,41.8048],[-76.214,41.8257],[-76.3117,41.8215],[-76.3125,41.8305],[-76.4089,41.8273],[-76.4147,41.9138]]]}},{"type":"Feature","properties":{"geoid":"4204200","name":"Bristol Borough School District"},"geometry":{"type":"Polygon","coordinates":[[[-74.8749,40.1024],[-74.8721,40.1037],[-74.8709,40.1066],[-74.8613,40.102],[-74.8609,40.108],[-74.8532,40.1113],[-74.8497,40.1099],[-74.8488,40.1124],[-74.8435,40.118],[-74.837,40.1092],[-74.8341,40.1079],[-74.8351,40.1039],[-74.838,40.1009],[-74.8546,40.0933],[-74.8574,40.09],[-74.8658,40.0916],[-74.8672,40.0939],[-74.8653,40.0948],[-74.8691,40.0953],[-74.8695,40.0973],[-74.8661,40.1009],[-74.8739,40.0985],[-74.8749,40.1024]]]}},{"type":"Feature","properties":{"geoid":"4207200","name":"Dallas School District"},"geometry":{"type":"Polygon","coordinates":[[[-76.0254,41.3838],[-76.0051,41.3846],[-75.9833,41.3911],[-75.8748,41.416],[-75.8551,41.3641],[-75.8708,41.3553],[-75.8578,41.3429],[-75.8812,41.3215],[-75.875,41.3152],[-75.8938,41.2976],[-75.899,41.2947],[-75.9042,41.2997],[-75.9062,41.2892],[-75.9104,41.294],[-75.9168,41.2913],[-75.9203,41.2925],[-75.9284,41.2881],[-75.9564,41.3168],[-75.9711,41.3087],[-76.0033,41.3417],[-76.0032,41.3398],[-76.0063,41.3391],[-76.0076,41.3407],[-76.0045,41.3429],[-76.0083,41.3472],[-76.0254,41.3838]]]}},{"type":"Feature","properties":{"geoid":"4221660","name":"Slippery Rock Area School District"},"geometry":{"type":"Polygon","coordinates":[[[-80.1665,41.0009],[-80.0983,41.0711],[-80.0969,41.0698],[-80.0744,41.0923],[-79.9998,41.1719],[-79.9818,41.1718],[-79.9813,41.1362],[-79.9767,41.1355],[-79.9766,41.1307],[-79.9812,41.1307],[-79.9813,41.0669],[-79.9772,40.9718],[-79.9748,40.9561],[-79.9724,40.8867],[-80.0681,40.885],[-80.1602,40.8869],[-80.1665,41.0009]]]}},{"type":"Feature","properties":{"geoid":"4214310","name":"Loyalsock Township School District"},"geometry":{"type":"Polygon","coordinates":[[[-77.0625,41.2814],[-77.0518,41.2911],[-77.0517,41.2937],[-77.0547,41.2972],[-76.9127,41.2966],[-76.915,41.2948],[-76.9161,41.2868],[-76.9147,41.2813],[-76.9182,41.2782],[-76.9228,41.2663],[-76.9328,41.2608],[-76.936,41.2611],[-76.9354,41.2481],[-76.9336,41.2434],[-76.9374,41.2413],[-76.9434,41.2345],[-76.9471,41.2374],[-76.9612,41.2432],[-76.9719,41.2455],[-76.9819,41.2447],[-76.9826,41.2617],[-76.9857,41.262],[-76.9856,41.2643],[-76.9884,41.2637],[-76.988,41.2619],[-77.0198,41.2613],[-77.0215,41.2589],[-77.0256,41.2592],[-77.0264,41.258],[-77.026,41.2539],[-77.0246,41.254],[-77.0239,41.2474],[-77.0467,41.2461],[-77.0422,41.2512],[-77.0397,41.2572],[-77.0407,41.2647],[-77.043,41.2672],[-77.0482,41.2675],[-77.0539,41.2703],[-77.0622,41.2772],[-77.0631,41.2784],[-77.0625,41.2814]]]}},{"type":"Feature","properties":{"geoid":"4219530","name":"Port Allegany School District"},"geometry":{"type":"Polygon","coordinates":[[[-78.3757,41.8847],[-78.3437,41.8853],[-78.3449,41.9365],[-78.3328,41.9362],[-78.3303,41.9343],[-78.3273,41.9259],[-78.2625,41.9266],[-78.2561,41.9192],[-78.2525,41.9102],[-78.2376,41.9054],[-78.232,41.8997],[-78.2216,41.8972],[-78.2233,41.8908],[-78.2215,41.8891],[-78.2173,41.8887],[-78.2139,41.8859],[-78.2065,41.885],[-78.2062,41.913],[-78.1496,41.9133],[-78.1467,41.8175],[-78.0916,41.8167],[-78.0925,41.7365],[-78.2043,41.7364],[-78.2039,41.6744],[-78.3008,41.6738],[-78.3012,41.7632],[-78.3737,41.7634],[-78.3757,41.8847]]]}},{"type":"Feature","properties":{"geoid":"4219680","name":"Pottstown School District"},"geometry":{"type":"Polygon","coordinates":[[[-75.6785,40.2479],[-75.6684,40.2593],[-75.6755,40.257],[-75.6781,40.2581],[-75.6701,40.2611],[-75.669,40.2658],[-75.6676,40.2671],[-75.663,40.2673],[-75.6654,40.2643],[-75.6636,40.2639],[-75.6627,40.2659],[-75.6403,40.2606],[-75.6345,40.2675],[-75.622,40.2599],[-75.6283,40.2558],[-75.614,40.2471],[-75.6117,40.2484],[-75.6105,40.244],[-75.6167,40.2378],[-75.6232,40.2374],[-75.628,40.2329],[-75.6509,40.242],[-75.656,40.2412],[-75.6649,40.2451],[-75.6712,40.2446],[-75.6761,40.2426],[-75.6785,40.2479]]]}},{"type":"Feature","properties":{"geoid":"4218900","name":"Pequea Valley School District"},"geometry":{"type":"Polygon","coordinates":[[[-76.1841,40.0429],[-76.169,40.0455],[-76.1702,40.0551],[-76.1606,40.0576],[-76.1545,40.0652],[-76.1511,40.0657],[-76.1476,40.0642],[-76.1442,40.0659],[-76.1282,40.0653],[-76.121,40.0681],[-76.1173,40.0679],[-76.1143,40.0707],[-76.1091,40.0699],[-76.1043,40.0722],[-76.0996,40.0716],[-76.0819,40.0628],[-76.07,40.0593],[-76.0586,40.0586],[-76.0466,40.0532],[-76.0457,40.0591],[-76.0408,40.0625],[-76.0374,40.0703],[-76.0296,40.071],[-76.0157,40.0763],[-76.0136,40.0801],[-76.014,40.0831],[-76.0069,40.0789],[-76.0036,40.0801],[-75.9993,40.087],[-76.0025,40.0894],[-75.9999,40.0931],[-75.9956,40.0954],[-75.9861,40.0977],[-75.9659,40.0991],[-75.964,40.1037],[-75.9552,40.1046],[-75.9555,40.1072],[-75.9424,40.1065],[-75.9361,40.0785],[-75.9362,40.0654],[-75.9343,40.0476],[-75.9359,40.0375],[-75.9724,39.9875],[-75.9827,39.9885],[-76.0713,39.9687],[-76.1368,39.9445],[-76.1614,40.0106],[-76.1593,40.0109],[-76.1554,40.0048],[-76.1529,40.006],[-76.152,40.0095],[-76.1489,40.0094],[-76.1464,40.0118],[-76.145,40.0097],[-76.1414,40.0081],[-76.1388,40.0104],[-76.136,40.0101],[-76.1841,40.0429]]]}},{"type":"Feature","properties":{"geoid":"4217850","name":"Northwestern Lehigh School District"},"geometry":{"type":"Polygon","coordinates":[[[-75.8892,40.6783],[-75.8548,40.6932],[-75.8447,40.693],[-75.8083,40.7073],[-75.7965,40.717],[-75.7797,40.725],[-75.7777,40.7295],[-75.7659,40.7309],[-75.7449,40.7403],[-75.7436,40.7435],[-75.7393,40.7442],[-75.7286,40.7539],[-75.7024,40.7622],[-75.6994,40.7661],[-75.6331,40.6718],[-75.6354,40.6704],[-75.6326,40.67],[-75.6203,40.6207],[-75.6943,40.5511],[-75.8453,40.6471],[-75.8915,40.6773],[-75.8892,40.6783]]]}},{"type":"Feature","properties":{"geoid":"4217100","name":"Moniteau School District"},"geometry":{"type":"Polygon","coordinates":[[[-79.9818,41.1718],[-79.7867,41.173],[-79.7874,41.1511],[-79.7846,41.029],[-79.7853,40.9723],[-79.784,40.9563],[-79.8787,40.9585],[-79.9062,40.957],[-79.9748,40.9561],[-79.9772,40.9718],[-79.9813,41.0669],[-79.9812,41.1307],[-79.9766,41.1307],[-79.9767,41.1355],[-79.9813,41.1362],[-79.9818,41.1718]]]}},{"type":"Feature","properties":{"geoid":"4213380","name":"Laurel School District"},"geometry":{"type":"Polygon","coordinates":[[[-80.3189,41.0234],[-80.3131,41.0256],[-80.3105,41.0284],[-80.3114,41.0349],[-80.3135,41.0365],[-80.3141,41.0409],[-80.3089,41.0422],[-80.3018,41.0411],[-80.3007,41.0433],[-80.3029,41.0454],[-80.3031,41.0471],[-80.3149,41.0558],[-80.3123,41.0635],[-80.308,41.0662],[-80.3083,41.0677],[-80.313,41.0693],[-80.3182,41.0786],[-80.2583,41.0802],[-80.2591,41.0506],[-80.1869,41.0514],[-80.1872,41.0578],[-80.1588,41.046],[-80.136,41.0323],[-80.1665,41.0009],[-80.163,40.9379],[-80.1728,40.9344],[-80.1761,40.9348],[-80.1789,40.9388],[-80.1837,40.9373],[-80.19,40.9312],[-80.1893,40.9252],[-80.2015,40.9205],[-80.2088,40.9204],[-80.2164,40.9149],[-80.2176,40.9098],[-80.264,40.909],[-80.2646,40.9373],[-80.2684,40.9377],[-80.27,40.9736],[-80.2663,40.9737],[-80.2669,40.9989],[-80.3174,40.9982],[-80.3183,41.0153],[-80.3154,41.0185],[-80.3187,41.02],[-80.3189,41.0234]]]}},{"type":"Feature","properties":{"geoid":"4213440","name":"Lebanon School District"},"geometry":{"type":"Polygon","coordinates":[[[-76.4544,40.3484],[-76.4498,40.3486],[-76.4508,40.3509],[-76.4436,40.3523],[-76.4392,40.355],[-76.4216,40.3555],[-76.4028,40.3522],[-76.4026,40.3497],[-76.4067,40.3506],[-76.4069,40.349],[-76.3935,40.3496],[-76.392,40.3447],[-76.4041,40.3405],[-76.4035,40.3377],[-76.3993,40.3348],[-76.4056,40.3316],[-76.4099,40.3334],[-76.4195,40.3316],[-76.4189,40.3268],[-76.4159,40.3226],[-76.4185,40.3225],[-76.4187,40.3246],[-76.4218,40.3242],[-76.4199,40.3217],[-76.424,40.3199],[-76.4251,40.3226],[-76.4269,40.3216],[-76.4347,40.3263],[-76.4336,40.3279],[-76.4345,40.3293],[-76.4404,40.3258],[-76.4399,40.3272],[-76.4415,40.3281],[-76.4478,40.3253],[-76.4481,40.3271],[-76.4424,40.3295],[-76.443,40.3313],[-76.4407,40.3315],[-76.4413,40.3327],[-76.4384,40.3329],[-76.4395,40.3383],[-76.4508,40.3391],[-76.4544,40.3484]]]}},{"type":"Feature","properties":{"geoid":"4223550","name":"Towanda Area School District"},"geometry":{"type":"Polygon","coordinates":[[[-76.6852,41.5993],[-76.634,41.7083],[-76.6349,41.7183],[-76.5245,41.7232],[-76.5277,41.7659],[-76.528,41.7917],[-76.5207,41.7955],[-76.4942,41.8095],[-76.4861,41.8055],[-76.4776,41.8056],[-76.4729,41.8041],[-76.4673,41.8002],[-76.458,41.8006],[-76.4509,41.7979],[-76.4439,41.7928],[-76.4133,41.8207],[-76.4092,41.8342],[-76.4089,41.8273],[-76.3125,41.8305],[-76.3117,41.8215],[-76.3149,41.8075],[-76.2893,41.8084],[-76.2911,41.7453],[-76.303,41.7265],[-76.3105,41.7211],[-76.3231,41.7147],[-76.3291,41.7086],[-76.3303,41.706],[-76.3279,41.6976],[-76.3917,41.6524],[-76.4218,41.6653],[-76.4934,41.6042],[-76.5377,41.6794],[-76.537,41.6754],[-76.542,41.6674],[-76.5486,41.6617],[-76.55,41.6559],[-76.5546,41.655],[-76.5608,41.6513],[-76.5643,41.6512],[-76.5701,41.6472],[-76.5733,41.6425],[-76.5783,41.6449],[-76.586,41.6435],[-76.5891,41.6418],[-76.5884,41.6399],[-76.5896,41.6392],[-76.594,41.6404],[-76.6022,41.638],[-76.6061,41.6326],[-76.6108,41.6298],[-76.613,41.6307],[-76.623,41.6269],[-76.6247,41.6281],[-76.6253,41.6312],[-76.63,41.6336],[-76.6331,41.6331],[-76.6357,41.6303],[-76.6404,41.6295],[-76.6465,41.6308],[-76.6514,41.6293],[-76.6536,41.6258],[-76.6592,41.6246],[-76.6616,41.6209],[-76.6659,41.6192],[-76.6693,41.6198],[-76.6714,41.616],[-76.6698,41.6131],[-76.6712,41.6107],[-76.6712,41.6066],[-76.676,41.6022],[-76.6852,41.5993]]]}},{"type":"Feature","properties":{"geoid":"4204980","name":"Carbondale Area School District"},"geometry":{"type":"Polygon","coordinates":[[[-75.5512,41.5933],[-75.5313,41.6417],[-75.4793,41.6416],[-75.4765,41.6397],[-75.4844,41.6328],[-75.4794,41.6295],[-75.4809,41.6282],[-75.4619,41.6157],[-75.4611,41.6164],[-75.4593,41.5881],[-75.4814,41.5864],[-75.4886,41.575],[-75.4845,41.5732],[-75.4922,41.5592],[-75.5307,41.5577],[-75.5137,41.5842],[-75.5558,41.5822],[-75.5512,41.5933]]]}},{"type":"Feature","properties":{"geoid":"4213050","name":"Lakeland School District"},"geometry":{"type":"Polygon","coordinates":[[[-75.6621,41.4862],[-75.6576,41.579],[-75.655,41.5834],[-75.6567,41.585],[-75.6542,41.5904],[-75.651,41.5906],[-75.6494,41.5928],[-75.6476,41.5929],[-75.6522,41.6422],[-75.5313,41.6417],[-75.5558,41.5822],[-75.5137,41.5842],[-75.5307,41.5577],[-75.4922,41.5592],[-75.4845,41.5732],[-75.4886,41.575],[-75.4814,41.5864],[-75.4593,41.5881],[-75.4564,41.5336],[-75.5348,41.5289],[-75.5354,41.5269],[-75.5441,41.5225],[-75.5428,41.5159],[-75.5467,41.5153],[-75.5526,41.5269],[-75.5567,41.5277],[-75.552,41.5333],[-75.5704,41.5446],[-75.5845,41.5273],[-75.5853,41.5234],[-75.6321,41.4874],[-75.6622,41.4759],[-75.6621,41.4862]]]}},{"type":"Feature","properties":{"geoid":"4206810","name":"Cornell School District"},"geometry":{"type":"Polygon","coordinates":[[[-80.1766,40.52],[-80.1713,40.5274],[-80.1342,40.5153],[-80.1125,40.5118],[-80.0916,40.5038],[-80.0815,40.5014],[-80.075,40.4984],[-80.0675,40.4923],[-80.081,40.4915],[-80.0991,40.4994],[-80.1255,40.5059],[-80.1496,40.5149],[-80.1487,40.5089],[-80.1463,40.5069],[-80.1503,40.5036],[-80.1611,40.5062],[-80.1722,40.5108],[-80.1716,40.5097],[-80.1744,40.5105],[-80.1734,40.5119],[-80.1763,40.5176],[-80.1781,40.5179],[-80.1766,40.52]]]}},{"type":"Feature","properties":{"geoid":"4217010","name":"North Allegheny School District"},"geometry":{"type":"Polygon","coordinates":[[[-80.1587,40.6092],[-80.155,40.608],[-80.1521,40.6094],[-80.1509,40.6116],[-80.1451,40.6134],[-80.1485,40.6738],[-80.0714,40.6749],[-80.0681,40.6125],[-79.9911,40.6143],[-79.9889,40.5539],[-80.0647,40.5527],[-80.064,40.5422],[-80.1586,40.6052],[-80.1587,40.6092]]]}},{"type":"Feature","properties":{"geoid":"4299997","name":"School District Not Defined"},"geometry":{"type":"Polygon","coordinates":[[[-80.152,42.1134],[-80.1462,42.1255],[-80.1398,42.1284],[-80.1444,42.1277],[-80.1415,42.1288],[-80.1435,42.1303],[-80.1391,42.1401],[-80.1333,42.1423],[-80.1303,42.1476],[-80.1271,42.1496],[-80.1131,42.1518],[-80.0978,42.1523],[-80.0926,42.1541],[-80.082,42.1553],[-80.0803,42.1521],[-80.0784,42.1528],[-80.0799,42.1504],[-80.0846,42.1485],[-80.0845,42.1459],[-80.0883,42.1418],[-80.0922,42.1398],[-80.0909,42.1375],[-80.093,42.1366],[-80.0942,42.138],[-80.096,42.1355],[-80.0951,42.1341],[-80.0981,42.1334],[-80.0976,42.1325],[-80.1004,42.1304],[-80.1023,42.1333],[-80.1103,42.1303],[-80.1099,42.1274],[-80.1133,42.13],[-80.1123,42.1283],[-80.1141,42.127],[-80.1134,42.1261],[-80.1199,42.1233],[-80.1281,42.1213],[-80.1298,42.1237],[-80.1326,42.1228],[-80.1288,42.1217],[-80.1311,42.1217],[-80.1302,42.1204],[-80.1313,42.12],[-80.1334,42.1226],[-80.1321,42.1188],[-80.1385,42.1167],[-80.1403,42.1174],[-80.1412,42.1158],[-80.1514,42.1127],[-80.152,42.1134]]]}},{"type":"Feature","properties":{"geoid":"4217430","name":"Riverside Beaver County School District"},"geometry":{"type":"Polygon","coordinates":[[[-80.3319,40.7968],[-80.3233,40.8038],[-80.3181,40.8113],[-80.3118,40.8254],[-80.3114,40.8283],[-80.3144,40.8385],[-80.3241,40.848],[-80.3224,40.8532],[-80.2987,40.8535],[-80.2982,40.8523],[-80.2962,40.8522],[-80.2961,40.851],[-80.2928,40.8507],[-80.2936,40.8519],[-80.2851,40.8513],[-80.285,40.8495],[-80.2889,40.847],[-80.2887,40.8455],[-80.2854,40.8457],[-80.285,40.8422],[-80.2821,40.8458],[-80.2822,40.8489],[-80.2783,40.8496],[-80.2786,40.8523],[-80.2717,40.8538],[-80.1585,40.8551],[-80.1543,40.7727],[-80.1882,40.772],[-80.1983,40.7706],[-80.3147,40.7685],[-80.315,40.7724],[-80.3176,40.7721],[-80.3191,40.7791],[-80.3262,40.7849],[-80.3319,40.7968]]]}},{"type":"Feature","properties":{"geoid":"4213470","name":"Leechburg Area School District"},"geometry":{"type":"Polygon","coordinates":[[[-79.6666,40.6838],[-79.664,40.6891],[-79.6568,40.6941],[-79.651,40.6953],[-79.6406,40.6911],[-79.6318,40.6913],[-79.616,40.695],[-79.6005,40.7025],[-79.585,40.7041],[-79.582,40.7074],[-79.572,40.6943],[-79.5643,40.6808],[-79.5636,40.6769],[-79.565,40.6709],[-79.5656,40.645],[-79.5678,40.6414],[-79.5741,40.6378],[-79.5767,40.6344],[-79.5829,40.633],[-79.5837,40.6366],[-79.5869,40.6367],[-79.5915,40.6343],[-79.5989,40.6261],[-79.6021,40.6245],[-79.6081,40.6255],[-79.6134,40.623],[-79.6201,40.6263],[-79.6229,40.6295],[-79.6283,40.6301],[-79.6282,40.6357],[-79.626,40.6355],[-79.6222,40.6384],[-79.6239,40.6391],[-79.6203,40.6422],[-79.6247,40.6441],[-79.6189,40.6438],[-79.6182,40.6448],[-79.6286,40.6487],[-79.6361,40.6545],[-79.6381,40.6656],[-79.64,40.6669],[-79.653,40.6719],[-79.6641,40.679],[-79.6684,40.68],[-79.6666,40.6838]]]}},{"type":"Feature","properties":{"geoid":"4216050","name":"Mountain View School District"},"geometry":{"type":"Polygon","coordinates":[[[-75.8467,41.7172],[-75.8459,41.767],[-75.8357,41.7679],[-75.8316,41.7982],[-75.792,41.8126],[-75.5626,41.822],[-75.5582,41.7687],[-75.5625,41.7678],[-75.5763,41.7227],[-75.5747,41.7036],[-75.4961,41.7064],[-75.4959,41.7031],[-75.4661,41.7046],[-75.4636,41.663],[-75.4757,41.6628],[-75.4749,41.6417],[-75.7199,41.6423],[-75.7679,41.6434],[-75.7922,41.642],[-75.849,41.6437],[-75.8467,41.7172]]]}},{"type":"Feature","properties":{"geoid":"4219020","name":"Philipsburg-Osceola Area School District"},"geometry":{"type":"Polygon","coordinates":[[[-78.4535,40.9396],[-78.4476,40.9384],[-78.4469,40.9475],[-78.4443,40.948],[-78.442,40.9459],[-78.4338,40.9513],[-78.4314,40.9516],[-78.4305,40.9539],[-78.4315,40.9565],[-78.4295,40.9577],[-78.4282,40.9609],[-78.4291,40.962],[-78.4249,40.9639],[-78.4197,40.9696],[-78.4099,40.9686],[-78.4069,40.9708],[-78.4048,40.9746],[-78.4058,40.9775],[-78.4173,40.9814],[-78.4263,40.9823],[-78.4282,40.9837],[-78.4272,40.987],[-78.4241,40.988],[-78.406,40.9861],[-78.4046,40.9893],[-78.4066,40.9916],[-78.4102,40.9931],[-78.4102,40.995],[-78.4048,40.9986],[-78.3981,40.9945],[-78.3962,40.9954],[-78.3953,40.9852],[-78.341,40.9847],[-78.3402,40.969],[-78.2688,40.9693],[-78.2688,40.9405],[-78.2718,40.9405],[-78.2718,40.9295],[-78.2673,40.9296],[-78.2442,40.923],[-78.2418,40.927],[-78.2326,40.9187],[-78.2383,40.9147],[-78.225,40.9052],[-78.2243,40.906],[-78.2259,40.9074],[-78.2216,40.911],[-78.2174,40.9138],[-78.2152,40.9133],[-78.2148,40.9148],[-78.2104,40.9174],[-78.2016,40.9158],[-78.196,40.92],[-78.1943,40.9194],[-78.1924,40.9206],[-78.191,40.9187],[-78.1818,40.9223],[-78.1799,40.9236],[-78.1778,40.9282],[-78.1791,40.9278],[-78.1772,40.9302],[-78.175,40.932],[-78.1715,40.9324],[-78.1723,40.9352],[-78.1713,40.9368],[-78.1665,40.9367],[-78.1633,40.9393],[-78.1646,40.9409],[-78.1625,40.9421],[-78.1556,40.9416],[-78.1594,40.9504],[-78.1594,40.9541],[-78.1623,40.9548],[-78.1682,40.952],[-78.1696,40.9557],[-78.1687,40.9602],[-78.1661,40.9616],[-78.1598,40.9612],[-78.1516,40.9574],[-78.1471,40.9567],[-78.1476,40.9493],[-78.1443,40.9486],[-78.1403,40.951],[-78.1396,40.9571],[-78.136,40.9626],[-78.1364,40.966],[-78.1337,40.967],[-78.13,40.9618],[-78.1364,40.956],[-78.1354,40.954],[-78.1323,40.9532],[-78.1306,40.9513],[-78.1339,40.9467],[-78.127,40.9457],[-78.1218,40.9471],[-78.1207,40.9456],[-78.1224,40.9439],[-78.1207,40.9421],[-78.1113,40.9451],[-78.1098,40.9499],[-78.1076,40.9506],[-78.1042,40.9495],[-78.0993,40.9516],[-78.0949,40.9504],[-78.0896,40.9545],[-78.0781,40.9564],[-78.0785,40.9605],[-78.0862,40.9697],[-78.0937,40.9705],[-78.0968,40.9728],[-78.0948,40.9741],[-78.0921,40.9728],[-78.0887,40.9761],[-78.0905,40.9809],[-78.0844,40.9808],[-78.0821,40.9842],[-78.0847,40.9909],[-78.0869,40.9928],[-78.0861,40.9945],[-78.0756,40.9935],[-78.0667,40.9977],[-78.0644,40.9953],[-78.0619,40.9952],[-78.0611,40.9963],[-78.0619,40.9979],[-78.0653,41.0017],[-78.0651,41.0033],[-78.0628,41.0048],[-78.0604,41.0042],[-77.9859,40.9403],[-77.9641,40.9236],[-78.0134,40.8889],[-78.0483,40.8678],[-78.1359,40.8165],[-78.2728,40.7419],[-78.2789,40.7366],[-78.363,40.7332],[-78.3689,40.7401],[-78.369,40.7419],[-78.3729,40.7469],[-78.373,40.7499],[-78.3756,40.7509],[-78.376,40.7545],[-78.3734,40.7576],[-78.3714,40.7577],[-78.3707,40.7597],[-78.3679,40.761],[-78.3653,40.7645],[-78.3606,40.7654],[-78.3591,40.7679],[-78.3521,40.7689],[-78.3509,40.7749],[-78.3464,40.7791],[-78.3459,40.7811],[-78.3426,40.7819],[-78.3435,40.7839],[-78.3418,40.785],[-78.3419,40.787],[-78.3437,40.7908],[-78.3402,40.7916],[-78.3392,40.7982],[-78.3317,40.8011],[-78.3269,40.8059],[-78.3222,40.8055],[-78.3203,40.8084],[-78.3138,40.8086],[-78.314,40.8102],[-78.3122,40.8114],[-78.3116,40.8139],[-78.308,40.8157],[-78.3056,40.8206],[-78.3015,40.8229],[-78.3384,40.8349],[-78.3467,40.8408],[-78.3478,40.867],[-78.3835,40.8669],[-78.3831,40.9114],[-78.4427,40.9131],[-78.4382,40.9171],[-78.4458,40.9251],[-78.4444,40.9264],[-78.4552,40.9388],[-78.4535,40.9396]]]}},{"type":"Feature","properties":{"geoid":"4203210","name":"Belle Vernon Area School District"},"geometry":{"type":"Polygon","coordinates":[[[-79.9042,40.152],[-79.8966,40.1477],[-79.8855,40.1389],[-79.8842,40.1401],[-79.8808,40.1395],[-79.8773,40.1372],[-79.8779,40.1334],[-79.8761,40.1331],[-79.872,40.142],[-79.8708,40.1413],[-79.8721,40.1401],[-79.8691,40.1378],[-79.8624,40.1439],[-79.8628,40.1452],[-79.8614,40.1453],[-79.8661,40.1481],[-79.8622,40.1492],[-79.862,40.1507],[-79.8685,40.1565],[-79.87,40.1589],[-79.8689,40.1593],[-79.8715,40.1601],[-79.8707,40.1621],[-79.863,40.162],[-79.856,40.1658],[-79.8511,40.1729],[-79.8504,40.1778],[-79.8533,40.1892],[-79.8554,40.192],[-79.8658,40.197],[-79.8714,40.1974],[-79.7826,40.2276],[-79.7727,40.2283],[-79.7657,40.2261],[-79.7662,40.2189],[-79.7684,40.2186],[-79.7718,40.2128],[-79.7821,40.2136],[-79.7826,40.2123],[-79.7811,40.213],[-79.7826,40.2054],[-79.782,40.2014],[-79.7778,40.2027],[-79.7707,40.2019],[-79.7688,40.1992],[-79.7683,40.2001],[-79.7587,40.1952],[-79.7572,40.1913],[-79.7581,40.189],[-79.7612,40.1878],[-79.768,40.1872],[-79.7771,40.1839],[-79.7781,40.1807],[-79.7758,40.1781],[-79.7646,40.1765],[-79.7624,40.1728],[-79.7606,40.1644],[-79.7555,40.1588],[-79.7461,40.1592],[-79.7447,40.1563],[-79.7467,40.1507],[-79.7432,40.1382],[-79.7444,40.1346],[-79.7444,40.1282],[-79.781,40.1279],[-79.7909,40.1019],[-79.7911,40.0938],[-79.7946,40.0934],[-79.7967,40.0907],[-79.8018,40.0795],[-79.8095,40.0804],[-79.8092,40.0791],[-79.8147,40.0761],[-79.8247,40.0773],[-79.8424,40.084],[-79.8399,40.0879],[-79.8393,40.0925],[-79.8501,40.114],[-79.8525,40.1161],[-79.874,40.1257],[-79.8861,40.1298],[-79.8921,40.1395],[-79.9021,40.1486],[-79.9042,40.152]]]}},{"type":"Feature","properties":{"geoid":"4205340","name":"Central Cambria School District"},"geometry":{"type":"Polygon","coordinates":[[[-78.9738,40.3954],[-78.9237,40.4805],[-78.9086,40.4729],[-78.9017,40.4804],[-78.905,40.486],[-78.9068,40.484],[-78.9059,40.4869],[-78.9038,40.4884],[-78.8984,40.4877],[-78.8915,40.4843],[-78.8889,40.4871],[-78.8837,40.4853],[-78.8816,40.4858],[-78.8815,40.4869],[-78.8684,40.4895],[-78.8681,40.4925],[-78.8704,40.4946],[-78.87,40.4965],[-78.8682,40.4968],[-78.8653,40.4919],[-78.858,40.4882],[-78.8544,40.4842],[-78.8512,40.484],[-78.845,40.4812],[-78.8422,40.4762],[-78.8483,40.4745],[-78.849,40.4652],[-78.8343,40.4575],[-78.8301,40.4572],[-78.8239,40.4595],[-78.8227,40.4588],[-78.821,40.4594],[-78.8212,40.4605],[-78.8128,40.4592],[-78.8118,40.4604],[-78.8053,40.458],[-78.798,40.4582],[-78.7962,40.4595],[-78.79,40.459],[-78.8009,40.503],[-78.8012,40.5235],[-78.7976,40.5778],[-78.7909,40.5779],[-78.7909,40.5745],[-78.7741,40.5692],[-78.7647,40.5721],[-78.7613,40.5661],[-78.7578,40.5643],[-78.7521,40.5551],[-78.7526,40.553],[-78.7138,40.5379],[-78.7044,40.5379],[-78.6993,40.5359],[-78.6878,40.5345],[-78.6781,40.5366],[-78.679,40.5322],[-78.6777,40.5276],[-78.6854,40.5184],[-78.6839,40.5119],[-78.6724,40.5043],[-78.6758,40.4973],[-78.6762,40.4841],[-78.6846,40.4731],[-78.7001,40.4331],[-78.7033,40.4326],[-78.7104,40.425],[-78.7274,40.4284],[-78.7721,40.4181],[-78.7881,40.4243],[-78.7889,40.3908],[-78.9742,40.3946],[-78.9738,40.3954]]]}},{"type":"Feature","properties":{"geoid":"4210530","name":"Galeton Area School District"},"geometry":{"type":"Polygon","coordinates":[[[-77.8448,41.7271],[-77.7239,41.7274],[-77.7263,41.8714],[-77.7221,41.8722],[-77.719,41.8709],[-77.7183,41.8697],[-77.7203,41.8653],[-77.7161,41.8653],[-77.6882,41.8721],[-77.6805,41.8785],[-77.6763,41.8764],[-77.6648,41.8753],[-77.6067,41.872],[-77.6055,41.8083],[-77.4933,41.8105],[-77.49,41.6889],[-77.459,41.6894],[-77.4586,41.6872],[-77.4624,41.6807],[-77.4624,41.6746],[-77.466,41.6691],[-77.4693,41.6603],[-77.4677,41.6558],[-77.4578,41.6474],[-77.4548,41.5436],[-77.5993,41.5423],[-77.5999,41.5709],[-77.8268,41.5672],[-77.8286,41.6521],[-77.8414,41.6517],[-77.8448,41.7271]]]}},{"type":"Feature","properties":{"geoid":"4217700","name":"Northern Potter School District"},"geometry":{"type":"Polygon","coordinates":[[[-77.9632,41.9135],[-77.9628,41.9987],[-77.61,41.9995],[-77.6067,41.872],[-77.6648,41.8753],[-77.6763,41.8764],[-77.6805,41.8785],[-77.6882,41.8721],[-77.7161,41.8653],[-77.7203,41.8653],[-77.7183,41.8697],[-77.719,41.8709],[-77.7221,41.8722],[-77.7263,41.8714],[-77.7239,41.7274],[-77.8448,41.7271],[-77.8454,41.8162],[-77.8759,41.8164],[-77.8762,41.8211],[-77.8826,41.8216],[-77.8829,41.8282],[-77.8885,41.8283],[-77.8883,41.8367],[-77.8932,41.837],[-77.8931,41.8424],[-77.8984,41.8425],[-77.8978,41.8547],[-77.9072,41.8546],[-77.9083,41.8517],[-77.9177,41.8515],[-77.9131,41.8563],[-77.9105,41.8566],[-77.9103,41.8591],[-77.9159,41.859],[-77.9203,41.8532],[-77.9249,41.8529],[-77.9244,41.8587],[-77.9274,41.8586],[-77.9279,41.8623],[-77.9375,41.8623],[-77.9337,41.8705],[-77.9274,41.8706],[-77.9263,41.8815],[-77.9219,41.8843],[-77.9009,41.8847],[-77.901,41.8967],[-77.9065,41.8966],[-77.9066,41.8955],[-77.9241,41.895],[-77.9249,41.8991],[-77.9483,41.8991],[-77.951,41.9006],[-77.9558,41.8975],[-77.9558,41.892],[-77.9632,41.8916],[-77.9632,41.9135]]]}},{"type":"Feature","properties":{"geoid":"4206550","name":"Conewago Valley School District"},"geometry":{"type":"Polygon","coordinates":[[[-77.1787,39.824],[-77.1783,39.832],[-77.1719,39.8356],[-77.1697,39.8397],[-77.1512,39.8496],[-77.1431,39.8528],[-77.13,39.8556],[-77.1288,39.8577],[-77.1247,39.8564],[-77.1161,39.8577],[-77.1138,39.8623],[-77.111,39.864],[-77.1122,39.8664],[-77.1022,39.876],[-77.1068,39.8816],[-77.1233,39.8921],[-77.1316,39.8995],[-77.1408,39.9145],[-77.1537,39.9289],[-77.1419,39.9325],[-77.1319,39.9332],[-77.129,39.9355],[-77.1205,39.9375],[-77.107,39.9472],[-77.1008,39.9483],[-77.0927,39.9408],[-77.0871,39.9336],[-77.0882,39.9302],[-77.0914,39.927],[-77.0951,39.9263],[-77.095,39.9219],[-77.0939,39.9191],[-77.0882,39.9182],[-77.0894,39.9145],[-77.0841,39.9139],[-77.0866,39.9099],[-77.0861,39.9031],[-77.0824,39.8927],[-77.0783,39.8925],[-77.0654,39.8949],[-77.0656,39.8992],[-77.0698,39.9053],[-77.0665,39.9071],[-77.0583,39.9077],[-77.0504,39.9122],[-77.0447,39.9129],[-77.0408,39.9097],[-77.0378,39.9092],[-77.0347,39.9105],[-77.034,39.9142],[-77.0426,39.9174],[-77.0435,39.9199],[-77.0428,39.9227],[-77.036,39.9229],[-77.0358,39.9202],[-77.0306,39.9204],[-77.0305,39.9142],[-77.0268,39.9144],[-77.026,39.9075],[-77.0225,39.9056],[-77.02,39.9065],[-77.0191,39.9094],[-77.0162,39.9096],[-77.0152,39.9084],[-77.0096,39.9105],[-77.0116,39.9138],[-77.0058,39.9179],[-77.0063,39.9192],[-77.0081,39.9185],[-77.0091,39.9245],[-77.0011,39.928],[-76.9906,39.9228],[-76.9877,39.9229],[-76.9848,39.9331],[-76.9762,39.9276],[-76.9718,39.9285],[-76.9711,39.9278],[-76.9724,39.9261],[-76.97,39.9238],[-76.97,39.9213],[-76.965,39.9219],[-76.9685,39.9183],[-76.967,39.9162],[-76.973,39.9136],[-76.9725,39.9117],[-76.9753,39.9087],[-76.9814,39.9054],[-76.9809,39.9034],[-76.9838,39.9021],[-76.9841,39.8995],[-76.9821,39.8974],[-76.9837,39.8936],[-76.9807,39.8895],[-76.9801,39.8866],[-76.9774,39.8853],[-76.9782,39.8818],[-76.9725,39.8729],[-76.9636,39.874],[-76.9622,39.8648],[-76.9551,39.857],[-76.9648,39.8508],[-76.9741,39.8497],[-76.9786,39.8477],[-76.983,39.8414],[-76.9907,39.8343],[-77.0003,39.8312],[-76.9994,39.7602],[-77.0031,39.7637],[-77.0124,39.7684],[-77.0189,39.765],[-77.0235,39.7646],[-77.0269,39.7655],[-77.0308,39.7696],[-77.035,39.7698],[-77.0406,39.7752],[-77.0415,39.7779],[-77.0497,39.7813],[-77.0514,39.7882],[-77.0567,39.7928],[-77.0561,39.7937],[-77.0573,39.7951],[-77.0542,39.8001],[-77.0733,39.8043],[-77.0767,39.8006],[-77.0821,39.8011],[-77.0912,39.8032],[-77.0962,39.8064],[-77.1049,39.8094],[-77.1241,39.8091],[-77.1384,39.8129],[-77.1627,39.8162],[-77.1795,39.8198],[-77.1787,39.824]]]}},{"type":"Feature","properties":{"geoid":"4210710","name":"Gettysburg Area School District"},"geometry":{"type":"Polygon","coordinates":[[[-77.4711,39.9441],[-77.4214,39.9813],[-77.3946,39.9651],[-77.3877,39.959],[-77.3765,39.9565],[-77.3544,39.943],[-77.3481,39.945],[-77.3464,39.9483],[-77.3438,39.9492],[-77.3396,39.9473],[-77.341,39.9452],[-77.3359,39.944],[-77.3301,39.9371],[-77.3245,39.9345],[-77.3172,39.9344],[-77.3102,39.9324],[-77.3044,39.9345],[-77.3012,39.9329],[-77.2953,39.9331],[-77.2939,39.9269],[-77.2954,39.929],[-77.3052,39.9309],[-77.3114,39.9263],[-77.3031,39.9169],[-77.3005,39.9157],[-77.2922,39.9162],[-77.2916,39.9108],[-77.2634,39.8732],[-77.2282,39.8902],[-77.2294,39.8911],[-77.2258,39.8935],[-77.2266,39.8944],[-77.2191,39.8988],[-77.222,39.9024],[-77.208,39.9089],[-77.208,39.9109],[-77.1538,39.929],[-77.1408,39.9145],[-77.1316,39.8995],[-77.1233,39.8921],[-77.1068,39.8816],[-77.1022,39.876],[-77.1122,39.8664],[-77.111,39.864],[-77.1138,39.8623],[-77.1161,39.8577],[-77.1247,39.8564],[-77.1288,39.8577],[-77.13,39.8556],[-77.1431,39.8528],[-77.1512,39.8496],[-77.1697,39.8397],[-77.1719,39.8356],[-77.1783,39.832],[-77.1795,39.8198],[-77.1848,39.8121],[-77.1767,39.8054],[-77.1607,39.7952],[-77.1659,39.7786],[-77.164,39.7748],[-77.1627,39.7589],[-77.1685,39.7486],[-77.1773,39.7444],[-77.182,39.739],[-77.1947,39.7398],[-77.195,39.7387],[-77.1874,39.7293],[-77.2,39.72],[-77.3203,39.72],[-77.3219,39.7886],[-77.3246,39.787],[-77.3404,39.7875],[-77.3424,39.793],[-77.3499,39.8003],[-77.3521,39.8048],[-77.3476,39.8124],[-77.345,39.8304],[-77.3512,39.8381],[-77.3559,39.8488],[-77.3569,39.8496],[-77.3614,39.8473],[-77.3681,39.8413],[-77.3725,39.8426],[-77.374,39.8414],[-77.3785,39.8414],[-77.3793,39.8394],[-77.3875,39.8365],[-77.3929,39.8373],[-77.3968,39.8364],[-77.4003,39.8428],[-77.4296,39.8569],[-77.434,39.8617],[-77.448,39.8679],[-77.4507,39.8705],[-77.4593,39.866],[-77.466,39.8598],[-77.4711,39.9441]]]}},{"type":"Feature","properties":{"geoid":"4213980","name":"Littlestown Area School District"},"geometry":{"type":"Polygon","coordinates":[[[-77.1947,39.7249],[-77.1874,39.7293],[-77.195,39.7387],[-77.1947,39.7398],[-77.182,39.739],[-77.1773,39.7444],[-77.1685,39.7486],[-77.1627,39.7589],[-77.164,39.7748],[-77.1659,39.7786],[-77.1607,39.7952],[-77.1767,39.8054],[-77.1848,39.8121],[-77.1795,39.8198],[-77.1384,39.8129],[-77.1241,39.8091],[-77.1049,39.8094],[-77.0962,39.8064],[-77.0912,39.8032],[-77.0821,39.8011],[-77.0767,39.8006],[-77.0733,39.8043],[-77.0542,39.8001],[-77.0573,39.7951],[-77.0561,39.7937],[-77.0567,39.7928],[-77.0514,39.7882],[-77.0497,39.7813],[-77.0415,39.7779],[-77.0406,39.7752],[-77.035,39.7698],[-77.0308,39.7696],[-77.0269,39.7655],[-77.0235,39.7646],[-77.0189,39.765],[-77.0124,39.7684],[-77.0031,39.7637],[-76.9994,39.7602],[-76.9993,39.7198],[-77.2,39.72],[-77.1947,39.7249]]]}},{"type":"Feature","properties":{"geoid":"4224300","name":"Upper Adams School District"},"geometry":{"type":"MultiPolygon","coordinates":[[[[-77.0991,39.9478],[-77.0904,39.9459],[-77.0821,39.9482],[-77.0837,39.944],[-77.0863,39.9413],[-77.0871,39.9336],[-77.0927,39.9408],[-77.1008,39.9483],[-77.0991,39.9478]]],[[[-77.4035,39.9945],[-77.2289,40.0251],[-77.2291,40.0228],[-77.2258,40.0191],[-77.2166,40.0174],[-77.2098,40.0142],[-77.2039,40.0137],[-77.1982,40.0105],[-77.1951,40.0105],[-77.1909,40.0062],[-77.1926,40.0031],[-77.1913,40.001],[-77.1923,39.9995],[-77.1861,39.9917],[-77.1835,39.9924],[-77.1811,39.99],[-77.1774,39.9906],[-77.1745,39.9886],[-77.1694,39.9883],[-77.1676,39.985],[-77.1604,39.9797],[-77.1527,39.9808],[-77.1494,39.98],[-77.1517,39.974],[-77.1447,39.9644],[-77.1417,39.9541],[-77.1024,39.9485],[-77.107,39.9472],[-77.1205,39.9375],[-77.129,39.9355],[-77.1319,39.9332],[-77.1479,39.9312],[-77.208,39.9109],[-77.208,39.9089],[-77.222,39.9024],[-77.2191,39.8988],[-77.2266,39.8944],[-77.2258,39.8935],[-77.2294,39.8911],[-77.2282,39.8902],[-77.2634,39.8732],[-77.2916,39.9108],[-77.2922,39.9162],[-77.3005,39.9157],[-77.3031,39.9169],[-77.3114,39.9263],[-77.3052,39.9309],[-77.2954,39.929],[-77.2939,39.9269],[-77.2953,39.9331],[-77.3012,39.9329],[-77.3044,39.9345],[-77.3102,39.9324],[-77.3172,39.9344],[-77.3224,39.9339],[-77.3301,39.9371],[-77.3359,39.944],[-77.341,39.9452],[-77.3396,39.9473],[-77.3438,39.9492],[-77.3464,39.9483],[-77.3481,39.945],[-77.3544,39.943],[-77.3765,39.9565],[-77.3877,39.959],[-77.3946,39.9651],[-77.4214,39.9813],[-77.4035,39.9945]]]]}},{"type":"Feature","properties":{"geoid":"4203450","name":"Bermudian Springs School District"},"geometry":{"type":"Polygon","coordinates":[[[-77.2289,40.0251],[-77.1856,40.0295],[-77.1621,40.0517],[-77.1374,40.0699],[-77.1276,40.0686],[-77.092,40.0536],[-77.0808,40.0432],[-77.0786,40.0379],[-77.0724,40.034],[-77.0695,40.0295],[-77.057,40.0238],[-77.0407,40.0213],[-77.0332,40.0187],[-77.0262,40.0184],[-77.0186,40.0139],[-76.9927,39.9732],[-76.9662,39.9352],[-76.9697,39.9373],[-76.9726,39.934],[-76.9711,39.931],[-76.9718,39.9285],[-76.9762,39.9276],[-76.9848,39.9331],[-76.9877,39.9229],[-76.9906,39.9228],[-77.0011,39.928],[-77.0091,39.9245],[-77.0081,39.9185],[-77.0063,39.9192],[-77.0058,39.9179],[-77.0116,39.9138],[-77.0096,39.9105],[-77.0152,39.9084],[-77.0162,39.9096],[-77.0191,39.9094],[-77.02,39.9065],[-77.0225,39.9056],[-77.026,39.9075],[-77.0268,39.9144],[-77.0305,39.9142],[-77.0306,39.9204],[-77.0358,39.9202],[-77.036,39.9229],[-77.0428,39.9227],[-77.0435,39.9199],[-77.0426,39.9174],[-77.034,39.9142],[-77.0347,39.9105],[-77.0378,39.9092],[-77.0408,39.9097],[-77.0447,39.9129],[-77.0504,39.9122],[-77.0583,39.9077],[-77.0665,39.9071],[-77.0698,39.9053],[-77.0656,39.8992],[-77.0654,39.8949],[-77.0708,39.8947],[-77.0758,39.8927],[-77.0824,39.8927],[-77.0861,39.9031],[-77.0866,39.9099],[-77.0841,39.9139],[-77.0894,39.9145],[-77.0882,39.9182],[-77.0939,39.9191],[-77.0955,39.9248],[-77.0951,39.9263],[-77.0914,39.927],[-77.0882,39.9302],[-77.0862,39.9361],[-77.0863,39.9413],[-77.0837,39.944],[-77.0821,39.9482],[-77.0904,39.9459],[-77.1066,39.9494],[-77.1417,39.9541],[-77.1447,39.9644],[-77.1517,39.974],[-77.1494,39.98],[-77.1527,39.9808],[-77.1604,39.9797],[-77.1676,39.985],[-77.1694,39.9883],[-77.1745,39.9886],[-77.1774,39.9906],[-77.1811,39.99],[-77.1835,39.9924],[-77.1861,39.9917],[-77.1923,39.9995],[-77.1913,40.001],[-77.1926,40.0031],[-77.1909,40.0062],[-77.1951,40.0105],[-77.1982,40.0105],[-77.2039,40.0137],[-77.2098,40.0142],[-77.2166,40.0174],[-77.2258,40.0191],[-77.2291,40.0228],[-77.2289,40.0251]]]}},{"type":"Feature","properties":{"geoid":"4215210","name":"Midd-West School District"},"geometry":{"type":"Polygon","coordinates":[[[-77.3566,40.8073],[-77.3212,40.8172],[-77.1296,40.8538],[-77.0741,40.8683],[-77.052,40.8694],[-77.0402,40.8627],[-77.0375,40.8634],[-77.0372,40.8646],[-77.0319,40.8641],[-77.0249,40.8575],[-77.0011,40.8451],[-76.9803,40.8403],[-76.9504,40.8477],[-76.9415,40.8452],[-76.9278,40.799],[-76.9529,40.7893],[-76.9842,40.7864],[-77.0192,40.768],[-77.0188,40.7606],[-77.01,40.7485],[-77.0069,40.7404],[-76.9798,40.7202],[-76.9494,40.7043],[-76.9754,40.6677],[-76.9725,40.6645],[-76.9737,40.66],[-76.9708,40.6566],[-76.9698,40.6531],[-76.9674,40.6527],[-76.9663,40.6499],[-76.9671,40.6487],[-76.9655,40.6471],[-76.9676,40.6453],[-76.9675,40.6413],[-76.9759,40.6422],[-76.9766,40.6454],[-76.9866,40.644],[-76.997,40.6358],[-76.9989,40.6378],[-77.0031,40.6387],[-77.0061,40.6426],[-77.004,40.6456],[-77.0081,40.6513],[-77.0086,40.6558],[-77.0072,40.656],[-77.0084,40.6599],[-77.0102,40.6612],[-77.0138,40.6622],[-77.0164,40.6599],[-77.0191,40.6595],[-77.0225,40.6609],[-77.0248,40.659],[-77.0258,40.6561],[-77.0295,40.6556],[-77.0344,40.6599],[-77.0324,40.6647],[-77.0362,40.6713],[-77.035,40.6724],[-77.0364,40.6749],[-77.0355,40.6769],[-77.0393,40.68],[-77.0458,40.6756],[-77.0567,40.676],[-77.0592,40.6773],[-77.0605,40.6799],[-77.0658,40.6783],[-77.0681,40.6798],[-77.0848,40.6775],[-77.088,40.6784],[-77.0939,40.6762],[-77.0973,40.6784],[-77.1002,40.6879],[-77.1096,40.6916],[-77.1255,40.6857],[-77.1398,40.6836],[-77.1491,40.6805],[-77.1505,40.6771],[-77.3541,40.7017],[-77.3566,40.8073]]]}},{"type":"Feature","properties":{"geoid":"4221120","name":"Selinsgrove Area School District"},"geometry":{"type":"Polygon","coordinates":[[[-77.0188,40.8583],[-77.0155,40.8609],[-77.015,40.8637],[-77.0113,40.8688],[-77.0048,40.8721],[-76.9966,40.872],[-76.9937,40.8751],[-76.9732,40.8771],[-76.9709,40.8785],[-76.97,40.8809],[-76.9471,40.8858],[-76.9418,40.8881],[-76.9278,40.8874],[-76.9127,40.8845],[-76.9053,40.885],[-76.8907,40.8887],[-76.8782,40.8845],[-76.8582,40.8893],[-76.852,40.8887],[-76.8499,40.8864],[-76.8408,40.887],[-76.8343,40.8896],[-76.8294,40.8876],[-76.8256,40.888],[-76.808,40.8786],[-76.8017,40.8794],[-76.7995,40.8786],[-76.8002,40.882],[-76.7987,40.8783],[-76.813,40.8471],[-76.8363,40.8258],[-76.8493,40.8097],[-76.8489,40.806],[-76.8545,40.7956],[-76.8586,40.7818],[-76.8593,40.777],[-76.857,40.766],[-76.8563,40.7548],[-76.8574,40.75],[-76.8554,40.7286],[-76.8565,40.7226],[-76.8634,40.7077],[-76.8799,40.6872],[-76.908,40.671],[-76.915,40.6647],[-76.9276,40.6457],[-76.9399,40.6381],[-76.9407,40.6462],[-76.9448,40.6502],[-76.9618,40.6457],[-76.9655,40.6471],[-76.9671,40.6487],[-76.9663,40.6499],[-76.9674,40.6527],[-76.9698,40.6531],[-76.9708,40.6566],[-76.9737,40.66],[-76.9725,40.6645],[-76.9754,40.6677],[-76.9494,40.7043],[-76.9798,40.7202],[-77.0069,40.7404],[-77.01,40.7485],[-77.0188,40.7606],[-77.0192,40.768],[-76.9842,40.7864],[-76.9529,40.7893],[-76.9278,40.799],[-76.9415,40.8452],[-76.9504,40.8477],[-76.9803,40.8403],[-77.0011,40.8451],[-77.0234,40.8575],[-77.0188,40.8583]]]}},{"type":"Feature","properties":{"geoid":"4222410","name":"Southmoreland School District"},"geometry":{"type":"Polygon","coordinates":[[[-79.6594,40.0973],[-79.6493,40.1125],[-79.6498,40.1193],[-79.6416,40.1591],[-79.637,40.1647],[-79.6272,40.2015],[-79.6222,40.2011],[-79.598,40.1929],[-79.5925,40.1939],[-79.5844,40.1921],[-79.5824,40.1933],[-79.5757,40.1896],[-79.5671,40.1894],[-79.5578,40.1866],[-79.5595,40.1813],[-79.5529,40.1721],[-79.5494,40.1636],[-79.5512,40.1632],[-79.5502,40.154],[-79.5549,40.154],[-79.5541,40.1513],[-79.5512,40.1477],[-79.5508,40.1432],[-79.5463,40.1439],[-79.5355,40.126],[-79.5411,40.1208],[-79.5403,40.114],[-79.5423,40.1119],[-79.5466,40.112],[-79.5498,40.1106],[-79.5546,40.0962],[-79.5575,40.0965],[-79.5565,40.0957],[-79.5611,40.0906],[-79.596,40.056],[-79.6057,40.0517],[-79.6083,40.0472],[-79.6125,40.0463],[-79.6176,40.0479],[-79.6214,40.047],[-79.6241,40.0792],[-79.6264,40.0891],[-79.6305,40.0868],[-79.6357,40.0859],[-79.6385,40.0829],[-79.6424,40.0836],[-79.6441,40.0847],[-79.6412,40.0867],[-79.6411,40.0883],[-79.6448,40.0894],[-79.6481,40.0876],[-79.6541,40.0893],[-79.6543,40.0936],[-79.6594,40.0973]]]}},{"type":"Feature","properties":{"geoid":"4220520","name":"Rockwood Area School District"},"geometry":{"type":"Polygon","coordinates":[[[-79.356,39.9582],[-79.3541,39.9581],[-79.3542,39.9607],[-79.3425,39.9763],[-79.3426,39.9821],[-79.3385,39.982],[-79.3228,40.0035],[-79.3095,40.0186],[-79.2939,40.0404],[-79.2812,40.0295],[-79.2839,40.0289],[-79.2838,40.0255],[-79.2833,40.0288],[-79.2772,40.029],[-79.2222,39.9905],[-79.2185,39.9912],[-79.1965,40.0025],[-79.1788,40.0069],[-79.1681,39.9934],[-79.1508,39.9885],[-79.1358,39.9812],[-79.1281,39.9792],[-79.1253,39.9751],[-79.12,39.9772],[-79.1049,39.9739],[-79.0933,39.9737],[-79.0828,39.9703],[-79.0676,39.9698],[-79.059,39.9649],[-79.0508,39.9658],[-79.0426,39.9615],[-79.0426,39.9603],[-79.0474,39.9345],[-79.0943,39.8815],[-79.0982,39.882],[-79.1047,39.8797],[-79.1109,39.8792],[-79.1153,39.8814],[-79.1232,39.8883],[-79.1248,39.8925],[-79.1286,39.8924],[-79.1353,39.8894],[-79.1353,39.8851],[-79.1377,39.878],[-79.1707,39.8073],[-79.1793,39.8107],[-79.1853,39.8147],[-79.1884,39.8217],[-79.1907,39.8241],[-79.1954,39.8251],[-79.1961,39.8284],[-79.1997,39.8308],[-79.201,39.8359],[-79.1985,39.8461],[-79.1993,39.8482],[-79.2148,39.8532],[-79.2185,39.8586],[-79.2243,39.8599],[-79.2282,39.8595],[-79.2262,39.8544],[-79.231,39.8484],[-79.2429,39.845],[-79.2445,39.8436],[-79.2433,39.8416],[-79.2377,39.8397],[-79.2369,39.8376],[-79.2403,39.8327],[-79.2452,39.8328],[-79.249,39.8379],[-79.2492,39.8405],[-79.2518,39.8411],[-79.2537,39.8397],[-79.2578,39.8285],[-79.2594,39.8285],[-79.2645,39.8338],[-79.2695,39.8324],[-79.2734,39.8275],[-79.2806,39.826],[-79.2838,39.826],[-79.288,39.8297],[-79.291,39.8306],[-79.2929,39.8295],[-79.3048,39.8553],[-79.3317,39.8726],[-79.3314,39.8743],[-79.3266,39.8758],[-79.3265,39.88],[-79.322,39.8881],[-79.325,39.8912],[-79.3294,39.8928],[-79.3262,39.8982],[-79.3239,39.8973],[-79.3225,39.901],[-79.3379,39.9147],[-79.3349,39.9179],[-79.3382,39.9206],[-79.3376,39.922],[-79.3395,39.9231],[-79.3398,39.925],[-79.3374,39.9298],[-79.335,39.9308],[-79.3383,39.9373],[-79.3443,39.9411],[-79.3414,39.9474],[-79.3641,39.9478],[-79.356,39.9582]]]}},{"type":"Feature","properties":{"geoid":"4221180","name":"Shade-Central City School District"},"geometry":{"type":"Polygon","coordinates":[[[-78.9323,40.1205],[-78.9317,40.1229],[-78.9302,40.1239],[-78.9278,40.1231],[-78.9248,40.1251],[-78.9249,40.1312],[-78.9268,40.1316],[-78.9282,40.1343],[-78.9264,40.1376],[-78.9282,40.14],[-78.9108,40.1428],[-78.9065,40.1512],[-78.9017,40.1537],[-78.8986,40.1689],[-78.8792,40.1726],[-78.8633,40.1707],[-78.8548,40.1771],[-78.8485,40.1716],[-78.8456,40.1638],[-78.8398,40.1636],[-78.8369,40.167],[-78.8329,40.1669],[-78.8306,40.1622],[-78.8278,40.1601],[-78.8277,40.158],[-78.8301,40.1541],[-78.826,40.1532],[-78.8179,40.1483],[-78.8115,40.1495],[-78.8042,40.1484],[-78.8006,40.147],[-78.8008,40.1459],[-78.7942,40.1437],[-78.7893,40.1438],[-78.7836,40.1469],[-78.7805,40.1542],[-78.7775,40.1563],[-78.772,40.1554],[-78.7671,40.1614],[-78.7684,40.1625],[-78.7652,40.1679],[-78.7594,40.1679],[-78.7585,40.1691],[-78.7501,40.1674],[-78.7486,40.1689],[-78.7063,40.1448],[-78.7398,40.0696],[-78.752,40.0749],[-78.7632,40.0567],[-78.7691,40.0537],[-78.7739,40.0471],[-78.774,40.0436],[-78.7824,40.0388],[-78.7917,40.0441],[-78.8814,40.0792],[-78.8842,40.0815],[-78.9073,40.0842],[-78.9219,40.0974],[-78.9167,40.0992],[-78.9279,40.111],[-78.9265,40.1125],[-78.9273,40.1136],[-78.9321,40.1161],[-78.9323,40.1205]]]}},{"type":"Feature","properties":{"geoid":"4221270","name":"Shanksville-Stonycreek School District"},"geometry":{"type":"Polygon","coordinates":[[[-78.98,39.9896],[-78.978,40.0031],[-78.9725,40.0211],[-78.9689,40.0247],[-78.9687,40.0294],[-78.9603,40.042],[-78.9656,40.0534],[-78.9628,40.0535],[-78.9624,40.0563],[-78.9602,40.0588],[-78.957,40.0584],[-78.9536,40.0612],[-78.9514,40.0664],[-78.9473,40.0697],[-78.9443,40.0704],[-78.9421,40.0692],[-78.9407,40.0714],[-78.9363,40.0727],[-78.9347,40.0753],[-78.9391,40.0764],[-78.9391,40.0838],[-78.932,40.0819],[-78.913,40.0812],[-78.9048,40.0816],[-78.9073,40.0842],[-78.905,40.0845],[-78.8842,40.0815],[-78.8814,40.0792],[-78.7917,40.0441],[-78.7824,40.0388],[-78.7862,40.0351],[-78.7865,40.0296],[-78.7938,40.0259],[-78.8035,40.0175],[-78.8087,40.0107],[-78.8165,40.0109],[-78.8245,40.0069],[-78.8271,40.0021],[-78.8206,40.0002],[-78.8224,39.9988],[-78.8217,39.9943],[-78.831,39.9878],[-78.8312,39.9847],[-78.8348,39.9775],[-78.8473,39.9727],[-78.8498,39.9689],[-78.849,39.9643],[-78.8534,39.9616],[-78.8524,39.9591],[-78.8576,39.9554],[-78.8633,39.943],[-78.8716,39.9381],[-78.8727,39.9363],[-78.9154,39.9512],[-78.9384,39.9622],[-78.9488,39.9656],[-78.9577,39.9715],[-78.9678,39.9742],[-78.9809,39.9818],[-78.98,39.9896]]]}},{"type":"Feature","properties":{"geoid":"4221840","name":"Somerset Area School District"},"geometry":{"type":"Polygon","coordinates":[[[-79.2934,40.0403],[-79.2886,40.0418],[-79.2843,40.0482],[-79.2784,40.0502],[-79.2788,40.0555],[-79.2714,40.0642],[-79.2674,40.0657],[-79.2677,40.0743],[-79.2644,40.0787],[-79.2587,40.0803],[-79.256,40.0885],[-79.2464,40.0937],[-79.2401,40.0925],[-79.2401,40.0947],[-79.2366,40.0965],[-79.2267,40.0983],[-79.2226,40.1042],[-79.2209,40.1127],[-79.2108,40.1189],[-79.203,40.1149],[-79.201,40.1181],[-79.1966,40.1185],[-79.1969,40.116],[-79.1954,40.1133],[-79.1916,40.11],[-79.1852,40.1098],[-79.1812,40.1139],[-79.181,40.1157],[-79.1742,40.1206],[-79.1723,40.1261],[-79.168,40.1282],[-79.1657,40.1391],[-79.1632,40.141],[-79.1433,40.1381],[-79.0741,40.1065],[-79.0594,40.1028],[-79.0569,40.1006],[-79.0451,40.0975],[-79.0323,40.0981],[-79.0259,40.0919],[-78.9998,40.0743],[-78.9656,40.0534],[-78.9603,40.042],[-78.9687,40.0294],[-78.9689,40.0247],[-78.9725,40.0211],[-78.978,40.0031],[-78.9813,39.9764],[-78.9937,39.9659],[-79.018,39.9656],[-79.0247,39.9628],[-79.0389,39.9613],[-79.0426,39.9615],[-79.0508,39.9658],[-79.059,39.9649],[-79.0676,39.9698],[-79.0828,39.9703],[-79.0933,39.9737],[-79.1049,39.9739],[-79.12,39.9772],[-79.1253,39.9751],[-79.1281,39.9792],[-79.1358,39.9812],[-79.1508,39.9885],[-79.1681,39.9934],[-79.1788,40.0069],[-79.1965,40.0025],[-79.2185,39.9912],[-79.2222,39.9905],[-79.2772,40.029],[-79.2833,40.0288],[-79.2838,40.0255],[-79.2839,40.0289],[-79.2812,40.0295],[-79.2934,40.0403]]]}},{"type":"Feature","properties":{"geoid":"4223880","name":"Turkeyfoot Valley Area School District"},"geometry":{"type":"Polygon","coordinates":[[[-79.4173,39.8545],[-79.3988,39.9005],[-79.3876,39.9157],[-79.3916,39.9195],[-79.384,39.9245],[-79.3822,39.9268],[-79.3833,39.9276],[-79.3783,39.9331],[-79.3783,39.9367],[-79.3729,39.9365],[-79.3641,39.9478],[-79.3425,39.948],[-79.3414,39.9474],[-79.3443,39.9411],[-79.3383,39.9373],[-79.335,39.9308],[-79.3374,39.9298],[-79.3398,39.925],[-79.3395,39.9231],[-79.3376,39.922],[-79.3382,39.9206],[-79.3349,39.9179],[-79.3379,39.9147],[-79.3225,39.901],[-79.3239,39.8973],[-79.3262,39.8982],[-79.3294,39.8928],[-79.325,39.8912],[-79.322,39.8881],[-79.3265,39.88],[-79.3266,39.8758],[-79.3314,39.8743],[-79.3317,39.8726],[-79.3048,39.8553],[-79.2929,39.8295],[-79.291,39.8306],[-79.288,39.8297],[-79.2838,39.826],[-79.2806,39.826],[-79.2734,39.8275],[-79.2695,39.8324],[-79.2645,39.8338],[-79.2594,39.8285],[-79.2578,39.8285],[-79.2537,39.8397],[-79.2518,39.8411],[-79.2492,39.8405],[-79.249,39.8379],[-79.2452,39.8328],[-79.2403,39.8327],[-79.2369,39.8376],[-79.2377,39.8397],[-79.2433,39.8416],[-79.2445,39.8436],[-79.2429,39.845],[-79.231,39.8484],[-79.2262,39.8544],[-79.2282,39.8595],[-79.2243,39.8599],[-79.2185,39.8586],[-79.2148,39.8532],[-79.1993,39.8482],[-79.1985,39.8461],[-79.201,39.8359],[-79.1997,39.8308],[-79.1961,39.8284],[-79.1954,39.8251],[-79.1907,39.8241],[-79.1884,39.8217],[-79.1853,39.8147],[-79.1793,39.8107],[-79.1707,39.8073],[-79.1722,39.804],[-79.2288,39.7982],[-79.2369,39.7778],[-79.2092,39.7454],[-79.1993,39.7404],[-79.2084,39.7222],[-79.3925,39.7214],[-79.3895,39.7271],[-79.3927,39.7327],[-79.3969,39.7341],[-79.3987,39.7332],[-79.402,39.7342],[-79.4062,39.7336],[-79.41,39.735],[-79.408,39.742],[-79.3941,39.7433],[-79.3942,39.7473],[-79.3997,39.7549],[-79.3986,39.7583],[-79.3863,39.7619],[-79.3787,39.7689],[-79.3803,39.7732],[-79.3917,39.778],[-79.3954,39.7825],[-79.395,39.7834],[-79.3893,39.7841],[-79.3831,39.7825],[-79.3801,39.7901],[-79.3568,39.7815],[-79.3545,39.7825],[-79.3513,39.7866],[-79.3544,39.7885],[-79.3626,39.7885],[-79.3653,39.7901],[-79.3683,39.7959],[-79.3688,39.8015],[-79.364,39.8068],[-79.3657,39.8205],[-79.3673,39.8227],[-79.3716,39.8271],[-79.3752,39.828],[-79.3821,39.8271],[-79.383,39.83],[-79.3815,39.8363],[-79.3896,39.8396],[-79.3937,39.8435],[-79.4098,39.8493],[-79.4173,39.8545]]]}},{"type":"Feature","properties":{"geoid":"4203420","name":"Berlin Brothersvalley School District"},"geometry":{"type":"Polygon","coordinates":[[[-79.0811,39.8964],[-79.0474,39.9345],[-79.0426,39.9615],[-79.0247,39.9628],[-79.018,39.9656],[-78.9937,39.9659],[-78.9813,39.9764],[-78.9809,39.9818],[-78.9678,39.9742],[-78.9577,39.9715],[-78.9488,39.9656],[-78.9384,39.9622],[-78.9154,39.9512],[-78.8727,39.9363],[-78.8716,39.9381],[-78.8633,39.943],[-78.8576,39.9554],[-78.8524,39.9591],[-78.8534,39.9616],[-78.849,39.9643],[-78.8498,39.9689],[-78.8473,39.9727],[-78.8348,39.9775],[-78.8312,39.9847],[-78.831,39.9878],[-78.8217,39.9943],[-78.8224,39.9988],[-78.8206,40.0002],[-78.8271,40.0021],[-78.8245,40.0069],[-78.8165,40.0109],[-78.8087,40.0107],[-78.8071,40.0119],[-78.8035,40.0175],[-78.7938,40.0259],[-78.7865,40.0296],[-78.7862,40.0351],[-78.78,40.0406],[-78.774,40.0436],[-78.7739,40.0471],[-78.7691,40.0537],[-78.7632,40.0567],[-78.763,40.0147],[-78.7616,40.0145],[-78.7612,40.0009],[-78.7572,39.8235],[-78.763,39.8069],[-78.8062,39.8233],[-78.8603,39.7836],[-78.8955,39.8041],[-78.9371,39.8307],[-78.9576,39.8351],[-78.9697,39.8234],[-78.9791,39.8328],[-78.9925,39.8493],[-79.0165,39.8604],[-79.0475,39.8706],[-79.0551,39.8805],[-79.0811,39.8964]]]}},{"type":"Feature","properties":{"geoid":"4206420","name":"Conemaugh Township Area School District"},"geometry":{"type":"Polygon","coordinates":[[[-79.0735,40.2667],[-79.068,40.2725],[-79.0594,40.2758],[-79.0566,40.2786],[-79.0561,40.2849],[-78.9271,40.2847],[-78.9277,40.2831],[-78.9248,40.2785],[-78.9021,40.2748],[-78.895,40.2699],[-78.8945,40.268],[-78.8972,40.2641],[-78.894,40.2611],[-78.8909,40.2497],[-78.8811,40.2429],[-78.8687,40.2306],[-78.8605,40.2189],[-78.8558,40.2096],[-78.8539,40.2045],[-78.8528,40.1902],[-78.8541,40.1784],[-78.8633,40.1707],[-78.8792,40.1726],[-78.8986,40.1689],[-78.9082,40.1717],[-78.9062,40.1758],[-78.908,40.1792],[-78.9088,40.1852],[-78.9123,40.1919],[-78.9187,40.195],[-78.9359,40.1979],[-78.9352,40.1963],[-78.9365,40.194],[-78.9442,40.186],[-78.9437,40.1804],[-78.9451,40.1784],[-78.955,40.173],[-78.9564,40.1703],[-78.9559,40.1649],[-79.0055,40.2187],[-79.0197,40.2462],[-79.0208,40.2512],[-79.0365,40.2601],[-79.0437,40.2612],[-79.0496,40.2592],[-79.0528,40.2607],[-79.0594,40.2588],[-79.0692,40.2621],[-79.0737,40.2648],[-79.0735,40.2667]]]}},{"type":"Feature","properties":{"geoid":"4210115","name":"North Star School District"},"geometry":{"type":"Polygon","coordinates":[[[-79.1623,40.1495],[-79.1628,40.1541],[-79.1605,40.1569],[-79.1609,40.1611],[-79.1498,40.1604],[-79.14,40.1639],[-79.143,40.18],[-79.1344,40.1787],[-79.1267,40.1833],[-79.126,40.185],[-79.1275,40.1878],[-79.1238,40.1939],[-79.1262,40.2004],[-79.1225,40.2017],[-79.1219,40.2031],[-79.1162,40.2038],[-79.1146,40.205],[-79.1143,40.2103],[-79.1104,40.2115],[-79.1068,40.2149],[-79.1091,40.2183],[-79.1055,40.217],[-79.103,40.2182],[-79.1035,40.2201],[-79.1003,40.2223],[-79.1015,40.2238],[-79.1045,40.2243],[-79.1003,40.2249],[-79.0983,40.228],[-79.1022,40.2323],[-79.0974,40.2322],[-79.095,40.2336],[-79.0949,40.2365],[-79.0914,40.2405],[-79.0863,40.2424],[-79.0867,40.2453],[-79.0825,40.2501],[-79.0781,40.2526],[-79.0796,40.2579],[-79.0737,40.2648],[-79.0655,40.2601],[-79.0594,40.2588],[-79.0528,40.2607],[-79.0496,40.2592],[-79.0437,40.2612],[-79.0365,40.2601],[-79.0208,40.2512],[-79.0197,40.2462],[-79.0055,40.2187],[-78.9559,40.1649],[-78.9564,40.1703],[-78.955,40.173],[-78.9451,40.1784],[-78.9437,40.1804],[-78.9442,40.186],[-78.9365,40.194],[-78.9352,40.1963],[-78.9359,40.1979],[-78.9187,40.195],[-78.9123,40.1919],[-78.9088,40.1852],[-78.908,40.1792],[-78.9062,40.1758],[-78.9082,40.1717],[-78.8986,40.1689],[-78.9013,40.1548],[-78.9065,40.1512],[-78.9108,40.1428],[-78.9282,40.14],[-78.9264,40.1376],[-78.9282,40.1343],[-78.9268,40.1316],[-78.9249,40.1312],[-78.9248,40.1251],[-78.9278,40.1231],[-78.9302,40.1239],[-78.9317,40.1229],[-78.9321,40.1161],[-78.9273,40.1136],[-78.9265,40.1125],[-78.9279,40.111],[-78.9167,40.0992],[-78.9219,40.0974],[-78.9048,40.0816],[-78.932,40.0819],[-78.9391,40.0838],[-78.9391,40.0764],[-78.9347,40.0753],[-78.9363,40.0727],[-78.9407,40.0714],[-78.9421,40.0692],[-78.9443,40.0704],[-78.9473,40.0697],[-78.9514,40.0664],[-78.9536,40.0612],[-78.957,40.0584],[-78.9602,40.0588],[-78.9624,40.0563],[-78.9628,40.0535],[-78.9656,40.0534],[-78.9998,40.0743],[-79.0259,40.0919],[-79.0323,40.0981],[-79.0451,40.0975],[-79.0569,40.1006],[-79.0594,40.1028],[-79.0741,40.1065],[-79.1433,40.1381],[-79.1632,40.141],[-79.1621,40.1433],[-79.1632,40.1463],[-79.1623,40.1495]]]}},{"type":"Feature","properties":{"geoid":"4215150","name":"Meyersdale Area School District"},"geometry":{"type":"Polygon","coordinates":[[[-79.1498,39.8526],[-79.1377,39.878],[-79.1353,39.8851],[-79.1353,39.8894],[-79.1286,39.8924],[-79.1248,39.8925],[-79.1232,39.8883],[-79.1153,39.8814],[-79.1094,39.879],[-79.1009,39.8816],[-79.0943,39.8815],[-79.0811,39.8964],[-79.0551,39.8805],[-79.0475,39.8706],[-79.0165,39.8604],[-78.9925,39.8493],[-78.9791,39.8328],[-78.9697,39.8234],[-78.9576,39.8351],[-78.9371,39.8307],[-78.8955,39.8041],[-78.8603,39.7836],[-78.8062,39.8233],[-78.763,39.8069],[-78.767,39.7954],[-78.7715,39.7892],[-78.7969,39.7412],[-78.8084,39.7229],[-79.0566,39.7228],[-79.0449,39.7338],[-79.0173,39.7711],[-79.0431,39.7753],[-79.0437,39.7772],[-79.0462,39.7765],[-79.0437,39.7797],[-79.0461,39.7827],[-79.0577,39.7847],[-79.0784,39.8059],[-79.1229,39.8106],[-79.1377,39.8372],[-79.1423,39.8501],[-79.147,39.8528],[-79.1498,39.8526]]]}},{"type":"Feature","properties":{"geoid":"4225830","name":"West Shore School District"},"geometry":{"type":"Polygon","coordinates":[[[-76.9844,40.2112],[-76.9787,40.2135],[-76.9844,40.2174],[-76.965,40.2209],[-76.9645,40.2177],[-76.9565,40.221],[-76.9505,40.22],[-76.9459,40.2219],[-76.9469,40.2247],[-76.9357,40.2268],[-76.9365,40.2289],[-76.9173,40.233],[-76.9071,40.2383],[-76.9163,40.2461],[-76.9151,40.2468],[-76.9167,40.2504],[-76.911,40.2514],[-76.9143,40.2551],[-76.9108,40.2576],[-76.9143,40.2616],[-76.9181,40.259],[-76.919,40.2603],[-76.9164,40.262],[-76.9196,40.2644],[-76.9213,40.2694],[-76.9139,40.2719],[-76.9046,40.2606],[-76.8989,40.2556],[-76.8901,40.2495],[-76.8787,40.2439],[-76.8665,40.2312],[-76.859,40.2263],[-76.8395,40.2216],[-76.8348,40.218],[-76.8289,40.205],[-76.8247,40.2023],[-76.8006,40.2001],[-76.774,40.1841],[-76.7626,40.1788],[-76.7527,40.1758],[-76.7497,40.1702],[-76.7483,40.1558],[-76.7459,40.1461],[-76.7495,40.1457],[-76.7501,40.1411],[-76.7598,40.1348],[-76.7666,40.1338],[-76.7714,40.131],[-76.7741,40.1276],[-76.766,40.1265],[-76.7728,40.1217],[-76.7665,40.1197],[-76.7759,40.1157],[-76.769,40.1098],[-76.7667,40.1028],[-76.7638,40.1001],[-76.7756,40.1046],[-76.7776,40.1041],[-76.7804,40.0999],[-76.7863,40.0997],[-76.7882,40.1008],[-76.7881,40.1035],[-76.7918,40.1083],[-76.7966,40.1106],[-76.7978,40.1101],[-76.7971,40.1082],[-76.7947,40.1073],[-76.7947,40.1045],[-76.8006,40.1017],[-76.8046,40.0977],[-76.8084,40.1001],[-76.8101,40.0998],[-76.8136,40.0939],[-76.818,40.0984],[-76.8232,40.0959],[-76.8326,40.0969],[-76.8329,40.0949],[-76.83,40.0894],[-76.8323,40.0874],[-76.8324,40.0835],[-76.8346,40.082],[-76.8365,40.0823],[-76.8385,40.0835],[-76.8405,40.0872],[-76.8403,40.0956],[-76.8423,40.0991],[-76.8458,40.0986],[-76.8476,40.094],[-76.8567,40.0971],[-76.8521,40.1038],[-76.8533,40.106],[-76.8519,40.1095],[-76.8538,40.1146],[-76.8679,40.1135],[-76.8762,40.115],[-76.8906,40.1119],[-76.9052,40.1139],[-76.9055,40.1177],[-76.9134,40.123],[-76.9149,40.1268],[-76.918,40.1287],[-76.9184,40.1312],[-76.9215,40.1324],[-76.9254,40.1386],[-76.9256,40.1405],[-76.9238,40.142],[-76.9258,40.1447],[-76.9239,40.1493],[-76.9261,40.1565],[-76.922,40.1623],[-76.9348,40.1805],[-76.965,40.2045],[-76.9766,40.2118],[-76.9831,40.209],[-76.9844,40.2112]]]}},{"type":"Feature","properties":{"geoid":"4207050","name":"Cranberry Area School District"},"geometry":{"type":"Polygon","coordinates":[[[-79.853,41.3168],[-79.8465,41.3219],[-79.839,41.3257],[-79.8249,41.3306],[-79.817,41.3293],[-79.8069,41.3253],[-79.7823,41.3247],[-79.7721,41.3285],[-79.7698,41.3305],[-79.7686,41.333],[-79.7707,41.3412],[-79.7765,41.3449],[-79.7851,41.3471],[-79.7879,41.3513],[-79.7883,41.3551],[-79.7867,41.3607],[-79.7878,41.3661],[-79.7896,41.3682],[-79.8036,41.3734],[-79.815,41.3757],[-79.8179,41.3812],[-79.8173,41.3929],[-79.8048,41.3997],[-79.7943,41.4034],[-79.7897,41.408],[-79.7775,41.414],[-79.7657,41.4126],[-79.7452,41.4035],[-79.7375,41.4044],[-79.7333,41.4069],[-79.7276,41.4051],[-79.7262,41.4077],[-79.7162,41.41],[-79.7203,41.413],[-79.7175,41.4142],[-79.7121,41.4204],[-79.7017,41.4203],[-79.6985,41.4239],[-79.6935,41.4151],[-79.685,41.4143],[-79.6813,41.4167],[-79.671,41.4279],[-79.656,41.4351],[-79.6407,41.4378],[-79.6382,41.4407],[-79.6382,41.4426],[-79.6359,41.4406],[-79.6407,41.4355],[-79.6439,41.4349],[-79.6415,41.4271],[-79.6034,41.4266],[-79.6035,41.4097],[-79.5345,41.4094],[-79.5345,41.4104],[-79.5235,41.4103],[-79.5233,41.4138],[-79.5209,41.4142],[-79.5124,41.4139],[-79.5124,41.4127],[-79.4967,41.4126],[-79.4967,41.4113],[-79.478,41.4111],[-79.4781,41.3357],[-79.5414,41.336],[-79.5415,41.321],[-79.6042,41.3215],[-79.6046,41.2913],[-79.6514,41.2901],[-79.6515,41.288],[-79.6744,41.2877],[-79.6745,41.2811],[-79.6879,41.2811],[-79.6879,41.2776],[-79.6939,41.2777],[-79.6943,41.2555],[-79.7079,41.2558],[-79.7079,41.2248],[-79.719,41.2071],[-79.7287,41.2118],[-79.7288,41.2145],[-79.7265,41.2181],[-79.727,41.2218],[-79.7238,41.225],[-79.7263,41.2313],[-79.7301,41.233],[-79.7401,41.2312],[-79.7453,41.2256],[-79.747,41.2204],[-79.7454,41.2141],[-79.7467,41.2109],[-79.7543,41.207],[-79.7573,41.207],[-79.7602,41.2088],[-79.7612,41.2108],[-79.76,41.2143],[-79.752,41.2256],[-79.7514,41.2287],[-79.7526,41.2286],[-79.7533,41.2315],[-79.7583,41.2329],[-79.7617,41.2325],[-79.7738,41.2269],[-79.7785,41.2299],[-79.7814,41.2402],[-79.7846,41.2442],[-79.7938,41.25],[-79.7961,41.2535],[-79.7972,41.2569],[-79.7951,41.2632],[-79.7953,41.2694],[-79.7962,41.2703],[-79.7953,41.2721],[-79.7986,41.2773],[-79.8052,41.2792],[-79.8135,41.2787],[-79.823,41.2747],[-79.8262,41.2712],[-79.8295,41.2644],[-79.8318,41.2628],[-79.8372,41.2629],[-79.8413,41.2651],[-79.8455,41.2695],[-79.8457,41.2718],[-79.8442,41.2739],[-79.8359,41.2789],[-79.8267,41.2824],[-79.824,41.2855],[-79.8247,41.2876],[-79.828,41.2902],[-79.8337,41.2923],[-79.8448,41.2894],[-79.8511,41.2893],[-79.8523,41.294],[-79.8445,41.3011],[-79.8434,41.3052],[-79.846,41.309],[-79.8524,41.3133],[-79.8536,41.3151],[-79.853,41.3168]]]}},{"type":"Feature","properties":{"geoid":"4210200","name":"Franklin Area School District"},"geometry":{"type":"Polygon","coordinates":[[[-79.9998,41.49],[-79.9985,41.5009],[-79.9823,41.5001],[-79.9815,41.5129],[-79.9582,41.5136],[-79.9592,41.5254],[-79.9422,41.5253],[-79.9256,41.5226],[-79.9258,41.5135],[-79.9088,41.5135],[-79.9085,41.4932],[-79.9074,41.4932],[-79.9061,41.481],[-79.8944,41.4815],[-79.9023,41.4706],[-79.9109,41.4397],[-79.9135,41.4401],[-79.9163,41.4298],[-79.928,41.4218],[-79.9257,41.4138],[-79.9213,41.4124],[-79.9026,41.4171],[-79.8896,41.4178],[-79.8801,41.4205],[-79.8776,41.4193],[-79.8764,41.4151],[-79.8539,41.4115],[-79.8565,41.4073],[-79.8569,41.4022],[-79.8559,41.4018],[-79.8523,41.4136],[-79.8506,41.4133],[-79.8497,41.4159],[-79.8367,41.4179],[-79.8335,41.4149],[-79.8332,41.4123],[-79.836,41.4092],[-79.8323,41.405],[-79.826,41.4022],[-79.8218,41.3952],[-79.819,41.3976],[-79.8173,41.3946],[-79.8194,41.3918],[-79.8181,41.3914],[-79.8176,41.3794],[-79.815,41.3757],[-79.8036,41.3734],[-79.7896,41.3682],[-79.7878,41.3661],[-79.7867,41.3607],[-79.7883,41.3551],[-79.7879,41.3513],[-79.7851,41.3471],[-79.7765,41.3449],[-79.7707,41.3412],[-79.7686,41.333],[-79.7721,41.3285],[-79.7767,41.3264],[-79.7823,41.3247],[-79.8027,41.3249],[-79.8249,41.3306],[-79.8307,41.3293],[-79.8465,41.3219],[-79.853,41.3168],[-79.8536,41.3151],[-79.846,41.309],[-79.8434,41.3052],[-79.8445,41.3011],[-79.8523,41.294],[-79.8511,41.2893],[-79.8448,41.2894],[-79.8337,41.2923],[-79.828,41.2902],[-79.8247,41.2876],[-79.824,41.2855],[-79.8267,41.2824],[-79.8409,41.2761],[-79.8457,41.2718],[-79.8438,41.2671],[-79.8372,41.2629],[-79.8318,41.2628],[-79.8282,41.2665],[-79.8268,41.247],[-79.8292,41.2469],[-79.8259,41.2008],[-79.8244,41.2008],[-79.8226,41.1731],[-79.9998,41.1719],[-79.9998,41.49]]]}},{"type":"Feature","properties":{"geoid":"4220910","name":"Schuylkill Haven Area School District"},"geometry":{"type":"MultiPolygon","coordinates":[[[[-76.0391,40.5861],[-76.0186,40.588],[-76.0171,40.5745],[-76.0212,40.5738],[-76.0265,40.5786],[-76.0338,40.5773],[-76.0385,40.5823],[-76.0391,40.5861]]],[[[-76.1067,40.6113],[-76.104,40.6121],[-76.1004,40.6053],[-76.0953,40.6015],[-76.1054,40.6077],[-76.1067,40.6113]]],[[[-76.2006,40.607],[-76.1789,40.6163],[-76.1819,40.6158],[-76.1834,40.6188],[-76.1816,40.6193],[-76.1828,40.6219],[-76.1814,40.6229],[-76.183,40.6285],[-76.1845,40.6281],[-76.1801,40.6322],[-76.1786,40.6432],[-76.1768,40.6434],[-76.1748,40.6383],[-76.1713,40.6378],[-76.1706,40.6361],[-76.1635,40.6363],[-76.1641,40.6344],[-76.1613,40.6343],[-76.1626,40.6331],[-76.1569,40.6286],[-76.1627,40.6268],[-76.1676,40.621],[-76.1552,40.6263],[-76.1335,40.6253],[-76.137,40.6306],[-76.1277,40.6333],[-76.1249,40.6326],[-76.1233,40.6295],[-76.111,40.6287],[-76.1103,40.6247],[-76.1136,40.6245],[-76.114,40.6221],[-76.1115,40.6219],[-76.1103,40.6191],[-76.1183,40.6179],[-76.1214,40.6203],[-76.1214,40.6174],[-76.1168,40.6124],[-76.1185,40.6057],[-76.1169,40.6021],[-76.1201,40.5959],[-76.1215,40.5967],[-76.1181,40.5934],[-76.1141,40.5934],[-76.1132,40.592],[-76.1035,40.5953],[-76.1021,40.5888],[-76.0967,40.5896],[-76.0913,40.587],[-76.0902,40.5838],[-76.0852,40.5837],[-76.0796,40.5857],[-76.0801,40.5832],[-76.0775,40.5815],[-76.0747,40.584],[-76.0764,40.5925],[-76.075,40.5945],[-76.0657,40.5942],[-76.0625,40.5893],[-76.0614,40.583],[-76.058,40.5796],[-76.0653,40.5797],[-76.0796,40.5661],[-76.1113,40.5607],[-76.1347,40.5535],[-76.1376,40.5511],[-76.1554,40.545],[-76.2006,40.607]]]]}},{"type":"Feature","properties":{"geoid":"4223220","name":"Tamaqua Area School District"},"geometry":{"type":"Polygon","coordinates":[[[-76.0828,40.7714],[-76.0201,40.7948],[-76.0237,40.7988],[-76.025,40.8034],[-76.04,40.8111],[-76.0349,40.8243],[-76.0405,40.8275],[-76.0401,40.8301],[-76.035,40.8311],[-76.037,40.8341],[-76.033,40.8385],[-76.0452,40.8482],[-76.045,40.8505],[-76.0248,40.8576],[-76.0123,40.8607],[-76.0071,40.8644],[-76.0031,40.8633],[-75.9762,40.8683],[-75.973,40.8726],[-75.9579,40.8787],[-75.9062,40.8337],[-75.9362,40.8188],[-75.9344,40.8052],[-75.8917,40.8211],[-75.886,40.8163],[-75.7578,40.7354],[-75.7659,40.7309],[-75.7777,40.7295],[-75.7797,40.725],[-75.7965,40.717],[-75.8083,40.7073],[-75.8447,40.693],[-75.8548,40.6932],[-75.8935,40.6765],[-75.9562,40.7208],[-76.0579,40.6988],[-76.0828,40.7714]]]}},{"type":"Feature","properties":{"geoid":"4226400","name":"Williams Valley School District"},"geometry":{"type":"Polygon","coordinates":[[[-76.7782,40.4599],[-76.7107,40.4865],[-76.689,40.497],[-76.6761,40.504],[-76.6742,40.5067],[-76.659,40.5132],[-76.6469,40.523],[-76.6353,40.5277],[-76.601,40.5531],[-76.5876,40.5606],[-76.5626,40.5719],[-76.5771,40.5807],[-76.6866,40.5607],[-76.6867,40.5631],[-76.6737,40.5646],[-76.6736,40.5681],[-76.6853,40.5667],[-76.6854,40.5683],[-76.7105,40.5703],[-76.7132,40.5694],[-76.7161,40.5625],[-76.7122,40.5634],[-76.7121,40.5619],[-76.7108,40.5617],[-76.7108,40.5558],[-76.732,40.5516],[-76.7359,40.5702],[-76.7568,40.575],[-76.7571,40.583],[-76.6893,40.5936],[-76.6397,40.6198],[-76.6096,40.6009],[-76.4568,40.6314],[-76.4523,40.6106],[-76.4627,40.6103],[-76.5104,40.5774],[-76.5451,40.5611],[-76.5354,40.5552],[-76.6831,40.4718],[-76.7186,40.4555],[-76.7685,40.4367],[-76.7806,40.4596],[-76.7782,40.4599]]]}},{"type":"Feature","properties":{"geoid":"4212660","name":"Kane Area School District"},"geometry":{"type":"MultiPolygon","coordinates":[[[[-78.6674,41.7316],[-78.6215,41.7323],[-78.6211,41.7173],[-78.6673,41.7171],[-78.6674,41.7316]]],[[[-78.9586,41.5255],[-78.9486,41.8305],[-78.9214,41.8309],[-78.9215,41.8409],[-78.9098,41.8409],[-78.9097,41.8472],[-78.8441,41.8468],[-78.8441,41.8452],[-78.8138,41.8452],[-78.8137,41.8502],[-78.7795,41.8498],[-78.7803,41.7661],[-78.7701,41.766],[-78.7685,41.6863],[-78.7106,41.6874],[-78.7066,41.6251],[-78.7833,41.6247],[-78.7828,41.5183],[-78.8144,41.5182],[-78.8133,41.4541],[-78.9284,41.4539],[-78.9284,41.4527],[-78.959,41.4527],[-78.9586,41.5255]]]]}},{"type":"Feature","properties":{"geoid":"4208280","name":"Forest Area School District"},"geometry":{"type":"Polygon","coordinates":[[[-79.651,41.4598],[-79.6479,41.466],[-79.6411,41.4659],[-79.622,41.4555],[-79.6153,41.4534],[-79.6114,41.4541],[-79.5995,41.4659],[-79.595,41.4667],[-79.5908,41.465],[-79.5861,41.4577],[-79.58,41.4511],[-79.5689,41.448],[-79.5626,41.4493],[-79.561,41.4506],[-79.5601,41.4563],[-79.5605,41.4655],[-79.5679,41.467],[-79.5645,41.4743],[-79.5646,41.4774],[-79.5627,41.4795],[-79.5614,41.4781],[-79.56,41.4795],[-79.5706,41.4847],[-79.5589,41.5065],[-79.5113,41.5064],[-79.5121,41.6246],[-79.402,41.626],[-79.0916,41.6263],[-78.9561,41.6233],[-78.9586,41.5255],[-78.9595,41.3715],[-78.9642,41.3698],[-78.9665,41.3709],[-78.9698,41.3759],[-78.9719,41.3766],[-78.9745,41.3755],[-78.9815,41.3678],[-78.985,41.367],[-78.9927,41.3686],[-78.9985,41.3645],[-79.0023,41.3597],[-79.013,41.3582],[-79.0145,41.3572],[-79.0164,41.351],[-79.0178,41.35],[-79.0221,41.3514],[-79.0281,41.3574],[-79.037,41.3576],[-79.0485,41.3521],[-79.063,41.3502],[-79.0754,41.3543],[-79.0784,41.3538],[-79.0811,41.3527],[-79.0916,41.341],[-79.0936,41.3403],[-79.0997,41.3426],[-79.105,41.3415],[-79.1072,41.3364],[-79.1045,41.3313],[-79.1067,41.3261],[-79.1119,41.325],[-79.1153,41.3258],[-79.1239,41.331],[-79.1322,41.339],[-79.1385,41.3416],[-79.1398,41.3414],[-79.1482,41.3317],[-79.1571,41.3286],[-79.1624,41.3318],[-79.1631,41.3334],[-79.1599,41.3399],[-79.1606,41.3418],[-79.1664,41.3439],[-79.1686,41.3424],[-79.1692,41.3396],[-79.1669,41.3305],[-79.1717,41.3259],[-79.1743,41.3254],[-79.1756,41.327],[-79.1762,41.3322],[-79.1751,41.336],[-79.1796,41.3392],[-79.1847,41.339],[-79.187,41.3373],[-79.1862,41.3285],[-79.1925,41.3242],[-79.2025,41.3268],[-79.2061,41.3309],[-79.2089,41.3319],[-79.2072,41.4309],[-79.3576,41.4324],[-79.3576,41.4362],[-79.3999,41.4362],[-79.4004,41.3866],[-79.4778,41.3865],[-79.478,41.4111],[-79.4967,41.4113],[-79.4967,41.4126],[-79.5124,41.4127],[-79.5124,41.4139],[-79.5209,41.4142],[-79.5233,41.4138],[-79.5235,41.4103],[-79.5345,41.4104],[-79.5345,41.4094],[-79.6035,41.4097],[-79.6034,41.4266],[-79.6415,41.4271],[-79.6439,41.4349],[-79.6407,41.4355],[-79.6359,41.4406],[-79.6382,41.4426],[-79.6383,41.4468],[-79.6498,41.4551],[-79.651,41.4598]]]}},{"type":"Feature","properties":{"geoid":"4220310","name":"Ridgway Area School District"},"geometry":{"type":"Polygon","coordinates":[[[-78.9595,41.3715],[-78.959,41.4527],[-78.9284,41.4527],[-78.9284,41.4539],[-78.8133,41.4541],[-78.8144,41.5182],[-78.749,41.5183],[-78.7465,41.513],[-78.7406,41.513],[-78.7393,41.5033],[-78.7285,41.5025],[-78.7284,41.4968],[-78.7252,41.4907],[-78.7295,41.4907],[-78.7289,41.4677],[-78.6959,41.4679],[-78.6962,41.4602],[-78.6928,41.4601],[-78.7012,41.4507],[-78.6978,41.4508],[-78.6914,41.4542],[-78.6938,41.4408],[-78.6485,41.4409],[-78.6483,41.3755],[-78.6797,41.3756],[-78.6787,41.2557],[-78.6467,41.2536],[-78.6479,41.2175],[-78.6893,41.2071],[-78.6912,41.2692],[-78.7005,41.2795],[-78.708,41.2852],[-78.708,41.2867],[-78.7114,41.2867],[-78.7122,41.2756],[-78.7295,41.2616],[-78.7371,41.2585],[-78.7353,41.2629],[-78.9593,41.3622],[-78.9595,41.3715]]]}},{"type":"Feature","properties":{"geoid":"4226010","name":"Mifflinburg Area School District"},"geometry":{"type":"Polygon","coordinates":[[[-77.3642,40.8469],[-77.2792,40.9097],[-77.204,40.9927],[-77.1438,41.0429],[-77.1441,41.0688],[-77.1138,41.069],[-77.0682,41.0852],[-77.0581,41.0856],[-77.0588,41.0382],[-77.061,41.0371],[-77.0619,41.0348],[-77.0581,41.0248],[-77.046,41.0267],[-77.0406,41.0287],[-77.0191,41.0287],[-77.0162,41.0303],[-76.9806,41.0263],[-76.9769,41.0208],[-76.9791,41.0181],[-76.9801,41.0136],[-76.9825,41.012],[-76.9801,41.0062],[-76.983,41.0038],[-76.9824,41.0005],[-76.9858,40.9946],[-76.9831,40.9893],[-76.9855,40.9828],[-76.9845,40.9803],[-76.9786,40.9773],[-76.9757,40.9777],[-76.9735,40.9824],[-76.9705,40.9828],[-76.964,40.9767],[-76.9638,40.9733],[-76.9546,40.9713],[-76.9532,40.9719],[-76.9515,40.9764],[-76.9514,40.9822],[-76.9494,40.9849],[-76.9443,40.9871],[-76.9406,40.986],[-76.9379,40.9861],[-76.9371,40.9873],[-76.9295,40.9846],[-76.929,40.9863],[-76.9256,40.9839],[-76.9241,40.9806],[-76.9191,40.9759],[-76.9189,40.9718],[-76.9101,40.9739],[-76.9075,40.9722],[-76.8978,40.9722],[-76.8963,40.9712],[-76.8985,40.9711],[-76.8992,40.9671],[-76.9086,40.9672],[-76.9082,40.964],[-76.9059,40.964],[-76.9553,40.9536],[-76.9548,40.9455],[-76.9562,40.9418],[-76.9532,40.9346],[-76.9526,40.9233],[-76.9563,40.9008],[-76.9074,40.9105],[-76.9129,40.9059],[-76.9145,40.9011],[-76.9172,40.8994],[-76.9123,40.8877],[-76.9131,40.8845],[-76.9278,40.8874],[-76.9433,40.8877],[-76.9471,40.8858],[-76.97,40.8809],[-76.9709,40.8785],[-76.9732,40.8771],[-76.9937,40.8751],[-76.9966,40.872],[-77.0048,40.8721],[-77.0113,40.8688],[-77.015,40.8637],[-77.0155,40.8609],[-77.0188,40.8583],[-77.0234,40.8575],[-77.0249,40.8575],[-77.0319,40.8641],[-77.0372,40.8646],[-77.0375,40.8634],[-77.0402,40.8627],[-77.052,40.8694],[-77.0741,40.8683],[-77.1296,40.8538],[-77.3212,40.8172],[-77.3566,40.8073],[-77.3571,40.8445],[-77.3642,40.8469]]]}},{"type":"Feature","properties":{"geoid":"4222290","name":"Southern Fulton School District"},"geometry":{"type":"Polygon","coordinates":[[[-78.3747,39.7277],[-78.3555,39.7504],[-78.3438,39.7616],[-78.3356,39.7741],[-78.3288,39.7813],[-78.3222,39.7947],[-78.299,39.8255],[-78.2906,39.8435],[-78.2769,39.8807],[-78.2705,39.8933],[-78.2675,39.9035],[-78.25,39.936],[-78.2441,39.9453],[-78.2399,39.9495],[-78.2352,39.9637],[-78.2198,39.9933],[-78.2046,40.0107],[-78.201,40.013],[-78.2041,40.0178],[-78.2028,40.0297],[-78.2055,40.0338],[-78.1969,40.034],[-78.1966,40.0357],[-78.1852,40.0361],[-78.1835,40.0371],[-78.183,40.0342],[-78.1135,40.0355],[-78.1196,40.0254],[-78.1277,40.0235],[-78.1271,40.0166],[-78.1308,40.0022],[-78.137,39.9929],[-78.1705,39.9544],[-78.1785,39.9495],[-78.0689,39.9114],[-78.0722,39.8948],[-78.0722,39.8824],[-78.0709,39.8769],[-78.0683,39.8732],[-78.0695,39.8679],[-78.0742,39.8606],[-78.0757,39.8519],[-78.0794,39.8437],[-78.0764,39.8404],[-78.081,39.8289],[-78.0815,39.8245],[-78.089,39.8104],[-78.0305,39.7979],[-78.0629,39.7599],[-78.0693,39.7483],[-78.0991,39.7223],[-78.3806,39.7225],[-78.3747,39.7277]]]}},{"type":"Feature","properties":{"geoid":"4206860","name":"Corry Area School District"},"geometry":{"type":"Polygon","coordinates":[[[-79.7713,41.8101],[-79.7703,41.8336],[-79.7625,41.8337],[-79.7613,41.8509],[-79.762,41.9501],[-79.758,41.9503],[-79.7612,41.9991],[-79.511,41.9984],[-79.5113,41.9886],[-79.5152,41.9886],[-79.5152,41.9724],[-79.51,41.9725],[-79.5102,41.9528],[-79.492,41.9525],[-79.4928,41.9049],[-79.4685,41.9049],[-79.4687,41.8973],[-79.4739,41.8972],[-79.4724,41.8446],[-79.4924,41.8446],[-79.4923,41.7892],[-79.5315,41.7892],[-79.5316,41.7914],[-79.6076,41.7909],[-79.6076,41.7858],[-79.6126,41.7858],[-79.6126,41.7746],[-79.7714,41.7746],[-79.7713,41.8101]]]}},{"type":"Feature","properties":{"geoid":"4219710","name":"Pottsville Area School District"},"geometry":{"type":"Polygon","coordinates":[[[-76.2554,40.6877],[-76.2534,40.6833],[-76.2537,40.6847],[-76.2515,40.6855],[-76.2512,40.6891],[-76.2448,40.6912],[-76.2463,40.6931],[-76.2518,40.6918],[-76.2546,40.6932],[-76.2542,40.6944],[-76.2508,40.6954],[-76.2504,40.6997],[-76.2516,40.7016],[-76.2462,40.7094],[-76.2471,40.711],[-76.1962,40.7142],[-76.1921,40.7102],[-76.1823,40.6948],[-76.1638,40.7043],[-76.1585,40.705],[-76.1511,40.6886],[-76.1878,40.676],[-76.1858,40.6735],[-76.186,40.6693],[-76.1881,40.6678],[-76.189,40.6687],[-76.1911,40.6679],[-76.1933,40.6704],[-76.1935,40.6671],[-76.1995,40.6644],[-76.2023,40.6678],[-76.2002,40.6701],[-76.2004,40.6715],[-76.2326,40.6616],[-76.2356,40.6643],[-76.2359,40.6737],[-76.243,40.6738],[-76.2494,40.6778],[-76.2486,40.6815],[-76.2548,40.6815],[-76.2542,40.6842],[-76.2567,40.687],[-76.2554,40.6877]],[[-76.1959,40.6711],[-76.1906,40.6722],[-76.1931,40.6738],[-76.1967,40.6722],[-76.1959,40.6711]]]}},{"type":"Feature","properties":{"geoid":"4205730","name":"Chartiers-Houston School District"},"geometry":{"type":"Polygon","coordinates":[[[-80.3104,40.2505],[-80.2706,40.275],[-80.2696,40.2783],[-80.267,40.2809],[-80.2656,40.2866],[-80.2401,40.3082],[-80.2366,40.3054],[-80.228,40.2897],[-80.2254,40.2872],[-80.2217,40.2855],[-80.2127,40.2845],[-80.1957,40.2745],[-80.19,40.2729],[-80.1836,40.2669],[-80.1855,40.2658],[-80.187,40.2678],[-80.1897,40.2668],[-80.1979,40.2708],[-80.1981,40.2692],[-80.2015,40.2681],[-80.2012,40.2662],[-80.2022,40.2657],[-80.1991,40.263],[-80.2013,40.2616],[-80.2005,40.2604],[-80.2026,40.2601],[-80.2066,40.2564],[-80.2066,40.2527],[-80.2039,40.2483],[-80.205,40.2479],[-80.2027,40.2458],[-80.2038,40.244],[-80.203,40.2398],[-80.2045,40.2391],[-80.2083,40.241],[-80.2083,40.2386],[-80.2137,40.2382],[-80.2147,40.2371],[-80.2111,40.2337],[-80.2162,40.2189],[-80.226,40.2117],[-80.2369,40.2118],[-80.2472,40.2089],[-80.253,40.2053],[-80.2635,40.2067],[-80.2656,40.2052],[-80.2663,40.2014],[-80.2792,40.2038],[-80.282,40.2054],[-80.2868,40.2132],[-80.286,40.2192],[-80.2869,40.2251],[-80.295,40.234],[-80.2997,40.2368],[-80.3036,40.2462],[-80.3076,40.2472],[-80.3113,40.25],[-80.3104,40.2505]]]}},{"type":"Feature","properties":{"geoid":"4202100","name":"Albert Gallatin Area School District"},"geometry":{"type":"Polygon","coordinates":[[[-79.9386,39.8455],[-79.9246,39.8551],[-79.9248,39.8588],[-79.9303,39.8662],[-79.9303,39.8693],[-79.9277,39.872],[-79.9168,39.8766],[-79.9153,39.8803],[-79.9287,39.903],[-79.9296,39.9077],[-79.9256,39.9148],[-79.9191,39.9132],[-79.9143,39.9165],[-79.9042,39.9178],[-79.8936,39.9297],[-79.8824,39.9293],[-79.848,39.9337],[-79.845,39.9283],[-79.8415,39.9257],[-79.841,39.923],[-79.8433,39.9204],[-79.8416,39.9189],[-79.8392,39.9182],[-79.8362,39.9227],[-79.8322,39.923],[-79.8212,39.9186],[-79.813,39.9177],[-79.809,39.9113],[-79.8056,39.9026],[-79.8005,39.9007],[-79.7982,39.8984],[-79.7985,39.8965],[-79.7927,39.8906],[-79.7402,39.8643],[-79.7064,39.8371],[-79.7028,39.8368],[-79.7021,39.8345],[-79.6821,39.8184],[-79.688,39.812],[-79.692,39.8098],[-79.6972,39.8],[-79.7021,39.7948],[-79.7025,39.7892],[-79.7015,39.7867],[-79.7036,39.7826],[-79.7039,39.7714],[-79.7144,39.7656],[-79.7181,39.7546],[-79.7227,39.7543],[-79.7291,39.7462],[-79.7255,39.7458],[-79.7259,39.7431],[-79.7192,39.7429],[-79.719,39.7209],[-79.9162,39.7209],[-79.9062,39.7334],[-79.9039,39.7378],[-79.9034,39.7431],[-79.9118,39.7509],[-79.9225,39.7535],[-79.9301,39.7571],[-79.9347,39.7648],[-79.933,39.7715],[-79.9344,39.7813],[-79.9325,39.7849],[-79.9293,39.7863],[-79.914,39.788],[-79.9095,39.7911],[-79.9087,39.7938],[-79.9102,39.7996],[-79.9206,39.8134],[-79.9217,39.8306],[-79.9244,39.8382],[-79.9365,39.8417],[-79.9386,39.8455]]]}},{"type":"Feature","properties":{"geoid":"4206660","name":"Connellsville Area School District"},"geometry":{"type":"Polygon","coordinates":[[[-79.7034,39.9663],[-79.7021,39.968],[-79.699,39.9811],[-79.697,39.9833],[-79.6889,39.9835],[-79.6881,39.9848],[-79.6919,39.9855],[-79.6956,39.9889],[-79.6789,40.022],[-79.6794,40.0229],[-79.6735,40.0329],[-79.6725,40.0328],[-79.6733,40.0333],[-79.6696,40.0452],[-79.6741,40.0495],[-79.6741,40.0517],[-79.6647,40.0493],[-79.6612,40.0514],[-79.6553,40.0491],[-79.6521,40.0523],[-79.6545,40.0471],[-79.6487,40.0409],[-79.6388,40.0363],[-79.6352,40.0361],[-79.63,40.0385],[-79.6265,40.0443],[-79.6214,40.047],[-79.6176,40.0479],[-79.6125,40.0463],[-79.6083,40.0472],[-79.6057,40.0517],[-79.596,40.056],[-79.5611,40.0906],[-79.5565,40.0957],[-79.5575,40.0965],[-79.5546,40.0962],[-79.5498,40.1106],[-79.5466,40.112],[-79.5423,40.1119],[-79.5403,40.114],[-79.5411,40.1208],[-79.5355,40.126],[-79.5355,40.1277],[-79.5309,40.1282],[-79.527,40.1232],[-79.5179,40.1314],[-79.5178,40.1333],[-79.503,40.1411],[-79.4885,40.1412],[-79.4831,40.144],[-79.4737,40.1439],[-79.4732,40.1457],[-79.4711,40.1453],[-79.4714,40.144],[-79.4615,40.1441],[-79.4612,40.1413],[-79.4475,40.1332],[-79.4477,40.1268],[-79.4377,40.1159],[-79.4231,40.111],[-79.4154,40.1046],[-79.4049,40.1023],[-79.4016,40.1026],[-79.3935,40.0908],[-79.3555,40.0743],[-79.3512,40.0679],[-79.3427,40.0442],[-79.3412,40.0429],[-79.3248,40.0406],[-79.3123,40.0444],[-79.2939,40.0404],[-79.3095,40.0186],[-79.3228,40.0035],[-79.3385,39.982],[-79.3426,39.9821],[-79.3425,39.9763],[-79.3542,39.9607],[-79.3541,39.9581],[-79.356,39.9582],[-79.3729,39.9365],[-79.3783,39.9367],[-79.3783,39.9331],[-79.3833,39.9276],[-79.3822,39.9268],[-79.384,39.9245],[-79.3873,39.9223],[-79.4519,39.9243],[-79.4569,39.9236],[-79.4652,39.9192],[-79.4728,39.9191],[-79.4806,39.9251],[-79.4868,39.9273],[-79.5073,39.92],[-79.5852,39.8874],[-79.5958,39.9007],[-79.6337,39.9003],[-79.6363,39.9056],[-79.634,39.9101],[-79.6297,39.9139],[-79.6276,39.919],[-79.6237,39.9213],[-79.6236,39.9235],[-79.6259,39.9296],[-79.628,39.9306],[-79.6306,39.9298],[-79.628,39.9356],[-79.6342,39.9446],[-79.6527,39.9528],[-79.6652,39.9599],[-79.674,39.9618],[-79.6814,39.9582],[-79.7029,39.9585],[-79.7034,39.9663]]]}},{"type":"Feature","properties":{"geoid":"4204260","name":"Brockway Area School District"},"geometry":{"type":"Polygon","coordinates":[[[-79.0166,41.3149],[-78.9514,41.314],[-78.9528,41.3383],[-78.9363,41.3521],[-78.7353,41.2629],[-78.7371,41.2585],[-78.7295,41.2616],[-78.7122,41.2756],[-78.7114,41.2867],[-78.708,41.2867],[-78.708,41.2852],[-78.7005,41.2795],[-78.6912,41.2692],[-78.6893,41.2071],[-78.7102,41.2019],[-78.7664,41.2028],[-78.7968,41.1462],[-78.7996,41.1495],[-78.8043,41.1487],[-78.8043,41.1506],[-78.8144,41.1505],[-78.8141,41.1328],[-78.9466,41.1384],[-78.9471,41.1727],[-78.9417,41.1752],[-78.9363,41.1825],[-78.9332,41.1911],[-78.9308,41.1926],[-78.918,41.1931],[-78.912,41.1969],[-78.9056,41.1975],[-78.9068,41.2003],[-78.9058,41.2004],[-78.9055,41.2043],[-78.9015,41.2087],[-78.9025,41.2099],[-78.9002,41.2124],[-78.9007,41.2146],[-78.8989,41.2165],[-78.8993,41.2215],[-78.8888,41.228],[-78.8891,41.2479],[-78.9255,41.2481],[-78.9258,41.2579],[-78.95,41.2576],[-78.9503,41.2685],[-79.0146,41.2687],[-79.0166,41.3149]]]}},{"type":"Feature","properties":{"geoid":"4223040","name":"Susquenita School District"},"geometry":{"type":"Polygon","coordinates":[[[-77.1564,40.4022],[-77.1483,40.4055],[-77.1307,40.4176],[-77.1238,40.4188],[-77.1174,40.4235],[-77.0911,40.4315],[-77.0721,40.4396],[-77.0644,40.4419],[-77.0579,40.4409],[-77.0509,40.4434],[-77.049,40.4446],[-77.0478,40.4495],[-77.0403,40.4534],[-77.0352,40.454],[-77.0267,40.4573],[-77.0289,40.4593],[-77.034,40.4712],[-77.0412,40.4749],[-77.0256,40.4795],[-77.0067,40.4824],[-76.9945,40.4878],[-76.9674,40.4883],[-76.953,40.4906],[-76.9495,40.4845],[-76.9488,40.4734],[-76.9496,40.4686],[-76.9528,40.4625],[-76.9611,40.4558],[-76.9805,40.4471],[-76.9921,40.4367],[-76.9791,40.4395],[-76.9634,40.434],[-76.9641,40.4324],[-76.9533,40.4048],[-76.9845,40.3965],[-77.027,40.3809],[-77.0223,40.3751],[-77.0208,40.3662],[-77.0082,40.3584],[-76.998,40.3567],[-76.982,40.3573],[-76.9706,40.3563],[-76.9517,40.3582],[-76.9375,40.3575],[-76.9336,40.356],[-76.9285,40.348],[-76.9267,40.342],[-76.9173,40.3327],[-76.915,40.3285],[-76.9493,40.3169],[-76.9769,40.3099],[-77.0221,40.304],[-77.0418,40.3044],[-77.0597,40.3033],[-77.0639,40.302],[-77.0964,40.3004],[-77.1017,40.2986],[-77.1329,40.2951],[-77.1304,40.2998],[-77.1198,40.3069],[-77.1198,40.3124],[-77.1165,40.3222],[-77.1269,40.3389],[-77.128,40.3386],[-77.127,40.3427],[-77.1213,40.3511],[-77.1253,40.3595],[-77.1251,40.3638],[-77.1239,40.365],[-77.1307,40.3729],[-77.1362,40.3766],[-77.1367,40.3809],[-77.1385,40.3836],[-77.1429,40.3861],[-77.1564,40.4022]]]}},{"type":"Feature","properties":{"geoid":"4204080","name":"Brownsville Area School District"},"geometry":{"type":"Polygon","coordinates":[[[-80.0107,39.9711],[-80.0091,39.9771],[-80.0059,39.9802],[-80.0,39.9828],[-79.9934,39.984],[-79.9909,39.9866],[-79.9957,40.0051],[-79.995,40.0074],[-79.9882,40.0119],[-79.9746,40.0139],[-79.9694,40.0131],[-79.9632,40.008],[-79.959,40.0],[-79.9546,39.9953],[-79.951,39.9942],[-79.9434,39.9951],[-79.9345,39.9996],[-79.9298,40.0117],[-79.9248,40.0161],[-79.91,40.022],[-79.8955,40.0221],[-79.8956,40.0235],[-79.908,40.0259],[-79.8855,40.0277],[-79.8825,40.0304],[-79.8828,40.0356],[-79.8807,40.0392],[-79.8721,40.0331],[-79.8609,40.0341],[-79.864,40.0291],[-79.8619,40.0231],[-79.8584,40.026],[-79.8575,40.0294],[-79.8538,40.0298],[-79.8549,40.0265],[-79.8523,40.0251],[-79.8465,40.0258],[-79.8426,40.0233],[-79.8345,40.0261],[-79.8335,40.0246],[-79.835,40.0212],[-79.8338,40.0174],[-79.8305,40.016],[-79.8275,40.0168],[-79.825,40.0155],[-79.8168,40.016],[-79.8116,40.0132],[-79.8056,40.0148],[-79.8027,40.017],[-79.7959,40.0151],[-79.7946,40.0142],[-79.7954,40.0127],[-79.7998,40.012],[-79.8,40.0101],[-79.7904,40.0053],[-79.7908,39.9999],[-79.7882,39.998],[-79.7923,39.9913],[-79.7999,39.9877],[-79.8108,39.9653],[-79.8196,39.9606],[-79.8259,39.942],[-79.8312,39.943],[-79.8441,39.9404],[-79.8496,39.9373],[-79.8502,39.9349],[-79.8492,39.9333],[-79.8824,39.9293],[-79.8936,39.9297],[-79.9042,39.9178],[-79.9143,39.9165],[-79.9191,39.9132],[-79.9256,39.9148],[-79.9233,39.9177],[-79.9231,39.921],[-79.9249,39.9239],[-79.9333,39.9317],[-79.9438,39.944],[-79.9536,39.9515],[-79.9592,39.9539],[-79.9703,39.9555],[-79.9951,39.9495],[-80.0053,39.9549],[-80.0093,39.9588],[-80.0107,39.9711]]]}},{"type":"Feature","properties":{"geoid":"4204500","name":"Burgettstown Area School District"},"geometry":{"type":"Polygon","coordinates":[[[-80.519,40.2942],[-80.5177,40.4625],[-80.519,40.4774],[-80.3619,40.4776],[-80.3644,40.4714],[-80.3675,40.4727],[-80.3706,40.4712],[-80.37,40.4686],[-80.3672,40.4675],[-80.3653,40.4602],[-80.3608,40.4584],[-80.36,40.4566],[-80.3618,40.4552],[-80.3664,40.4555],[-80.3671,40.4546],[-80.365,40.452],[-80.3664,40.4479],[-80.3647,40.445],[-80.3628,40.4443],[-80.3663,40.4368],[-80.3622,40.437],[-80.362,40.438],[-80.3596,40.4385],[-80.3543,40.4345],[-80.3585,40.4253],[-80.3573,40.4217],[-80.3538,40.422],[-80.3515,40.4202],[-80.3527,40.4175],[-80.3516,40.417],[-80.3496,40.418],[-80.3449,40.4173],[-80.3457,40.4138],[-80.3441,40.411],[-80.3451,40.4088],[-80.3418,40.4083],[-80.3429,40.4065],[-80.3378,40.4025],[-80.3343,40.4024],[-80.3323,40.4001],[-80.329,40.4009],[-80.3276,40.3999],[-80.3258,40.395],[-80.3196,40.3885],[-80.3137,40.3886],[-80.3086,40.3854],[-80.3085,40.3718],[-80.3033,40.3685],[-80.2981,40.3686],[-80.2986,40.3673],[-80.2967,40.3667],[-80.2986,40.3646],[-80.2974,40.3642],[-80.2984,40.363],[-80.2959,40.3618],[-80.2941,40.3639],[-80.2851,40.3633],[-80.285,40.3655],[-80.2824,40.3658],[-80.2801,40.3641],[-80.2963,40.3602],[-80.3283,40.3496],[-80.3565,40.3086],[-80.3626,40.3114],[-80.3687,40.32],[-80.378,40.3187],[-80.3794,40.3189],[-80.3784,40.3217],[-80.3813,40.3202],[-80.3817,40.3213],[-80.3845,40.3212],[-80.3845,40.3237],[-80.3869,40.3263],[-80.3846,40.3271],[-80.3851,40.3292],[-80.3876,40.3316],[-80.3918,40.3316],[-80.3942,40.342],[-80.3996,40.342],[-80.3991,40.3431],[-80.4025,40.3448],[-80.4205,40.3416],[-80.4195,40.3448],[-80.421,40.3491],[-80.4265,40.3461],[-80.4807,40.2887],[-80.4837,40.2886],[-80.4871,40.2914],[-80.4882,40.2902],[-80.4868,40.2876],[-80.4871,40.284],[-80.489,40.2834],[-80.4897,40.2855],[-80.4946,40.2858],[-80.4975,40.2806],[-80.5019,40.2824],[-80.5042,40.2868],[-80.5124,40.2892],[-80.5115,40.2844],[-80.5143,40.2854],[-80.519,40.2817],[-80.519,40.2942]]]}},{"type":"Feature","properties":{"geoid":"4203870","name":"Blue Mountain School District"},"geometry":{"type":"MultiPolygon","coordinates":[[[[-76.1967,40.6722],[-76.1931,40.6738],[-76.1906,40.6722],[-76.1959,40.6711],[-76.1967,40.6722]]],[[[-76.2821,40.6289],[-76.2426,40.6455],[-76.2442,40.6478],[-76.2256,40.6557],[-76.2296,40.6603],[-76.2326,40.6616],[-76.2004,40.6715],[-76.2002,40.6701],[-76.2023,40.6678],[-76.1995,40.6644],[-76.1935,40.6671],[-76.1933,40.6704],[-76.1911,40.6679],[-76.189,40.6687],[-76.1881,40.6678],[-76.186,40.6693],[-76.1858,40.6735],[-76.1878,40.676],[-76.13,40.6958],[-76.1252,40.6858],[-76.0579,40.6988],[-75.9562,40.7208],[-75.8935,40.6765],[-75.9932,40.6397],[-76.0122,40.5777],[-76.0168,40.576],[-76.0186,40.588],[-76.0391,40.5861],[-76.0385,40.5823],[-76.045,40.5838],[-76.0473,40.5827],[-76.0472,40.5799],[-76.0495,40.5765],[-76.0542,40.5741],[-76.0577,40.5767],[-76.058,40.5796],[-76.0614,40.583],[-76.0625,40.5893],[-76.0657,40.5942],[-76.075,40.5945],[-76.0764,40.5925],[-76.0747,40.584],[-76.0775,40.5815],[-76.0801,40.5832],[-76.0796,40.5857],[-76.0852,40.5837],[-76.0902,40.5838],[-76.0913,40.587],[-76.0967,40.5896],[-76.1021,40.5888],[-76.1035,40.5953],[-76.1132,40.592],[-76.1141,40.5934],[-76.1181,40.5934],[-76.1215,40.5967],[-76.1201,40.5959],[-76.1169,40.6021],[-76.1185,40.6057],[-76.1168,40.6124],[-76.1214,40.6174],[-76.1214,40.6203],[-76.1183,40.6179],[-76.1103,40.6191],[-76.1115,40.6219],[-76.114,40.6221],[-76.1136,40.6245],[-76.1103,40.6247],[-76.111,40.6287],[-76.1233,40.6295],[-76.1249,40.6326],[-76.1277,40.6333],[-76.137,40.6306],[-76.1335,40.6253],[-76.1552,40.6263],[-76.1676,40.621],[-76.1627,40.6268],[-76.1569,40.6286],[-76.1626,40.6331],[-76.1613,40.6343],[-76.1641,40.6344],[-76.1635,40.6363],[-76.1706,40.6361],[-76.1713,40.6378],[-76.1748,40.6383],[-76.1768,40.6434],[-76.1786,40.6432],[-76.1801,40.6322],[-76.1845,40.6281],[-76.183,40.6285],[-76.1814,40.6229],[-76.1828,40.6219],[-76.1816,40.6193],[-76.1834,40.6188],[-76.1819,40.6158],[-76.1789,40.6163],[-76.2006,40.607],[-76.1554,40.545],[-76.1601,40.5404],[-76.1636,40.54],[-76.1716,40.5349],[-76.1856,40.5356],[-76.1966,40.5313],[-76.2194,40.5287],[-76.2401,40.5205],[-76.2985,40.6224],[-76.2821,40.6289]],[[-76.1065,40.6095],[-76.0953,40.6015],[-76.1004,40.6053],[-76.104,40.6121],[-76.1067,40.6113],[-76.1065,40.6095]]]]}},{"type":"Feature","properties":{"geoid":"4219140","name":"Pine Grove Area School District"},"geometry":{"type":"Polygon","coordinates":[[[-76.5367,40.5651],[-76.5104,40.5774],[-76.4627,40.6103],[-76.4523,40.6106],[-76.4578,40.6358],[-76.442,40.6396],[-76.4087,40.6606],[-76.374,40.6713],[-76.3634,40.6503],[-76.3597,40.6454],[-76.3806,40.6376],[-76.3355,40.611],[-76.314,40.6172],[-76.3052,40.6214],[-76.2985,40.6224],[-76.2401,40.5205],[-76.256,40.5171],[-76.2722,40.5176],[-76.3023,40.5147],[-76.3146,40.5159],[-76.3225,40.5142],[-76.3304,40.5159],[-76.3382,40.5155],[-76.3551,40.5108],[-76.3692,40.5096],[-76.3769,40.5063],[-76.3843,40.5057],[-76.4159,40.496],[-76.4402,40.496],[-76.5451,40.5611],[-76.5367,40.5651]]]}},{"type":"Feature","properties":{"geoid":"4212390","name":"Jefferson-Morgan School District"},"geometry":{"type":"Polygon","coordinates":[[[-80.1477,39.9513],[-80.1266,39.9889],[-80.1183,39.9913],[-80.1113,39.9882],[-80.1057,39.991],[-80.1029,39.9904],[-80.0981,39.9919],[-80.0921,39.992],[-80.0864,39.9904],[-80.0603,40.0095],[-80.0588,40.0093],[-80.0576,40.0074],[-80.0597,40.0049],[-80.0584,40.0036],[-80.0496,40.0066],[-80.0472,40.0051],[-80.0442,40.0005],[-80.0444,39.9988],[-80.0389,39.9965],[-80.0507,39.9896],[-80.0487,39.9853],[-80.045,39.9851],[-80.0489,39.98],[-80.0483,39.9785],[-80.0398,39.9741],[-80.0319,39.9777],[-80.0338,39.9826],[-80.033,39.9839],[-80.0283,39.983],[-80.018,39.9775],[-80.0121,39.9826],[-80.0069,39.9847],[-79.9988,39.9843],[-79.998,39.9833],[-80.0059,39.9802],[-80.0091,39.9771],[-80.0105,39.974],[-80.0093,39.9588],[-80.0053,39.9549],[-79.9951,39.9495],[-79.9844,39.952],[-79.9827,39.9491],[-79.9857,39.9455],[-79.9953,39.9409],[-79.9941,39.9394],[-79.9943,39.9352],[-79.996,39.9303],[-80.0026,39.9274],[-80.029,39.9078],[-80.0292,39.9053],[-80.0397,39.8846],[-80.0478,39.8884],[-80.0493,39.8902],[-80.0562,39.8914],[-80.0644,39.8878],[-80.0697,39.8831],[-80.0723,39.878],[-80.0797,39.8699],[-80.0823,39.8716],[-80.1007,39.8683],[-80.1039,39.8689],[-80.1049,39.8711],[-80.1078,39.8701],[-80.1068,39.8734],[-80.108,39.877],[-80.1073,39.879],[-80.1009,39.8848],[-80.1033,39.8882],[-80.103,39.8901],[-80.106,39.8891],[-80.1093,39.8933],[-80.1123,39.9028],[-80.1164,39.9036],[-80.12,39.9079],[-80.1195,39.9111],[-80.1212,39.9119],[-80.1176,39.9146],[-80.1215,39.9191],[-80.1208,39.9202],[-80.1403,39.9352],[-80.1612,39.9426],[-80.1477,39.9513]]]}},{"type":"Feature","properties":{"geoid":"4222200","name":"Southeastern Greene School District"},"geometry":{"type":"Polygon","coordinates":[[[-80.1007,39.8683],[-80.0823,39.8716],[-80.0779,39.8696],[-80.0738,39.8658],[-80.0735,39.8571],[-80.0712,39.8544],[-80.0638,39.8522],[-80.0617,39.85],[-80.062,39.8437],[-80.0606,39.8419],[-80.0577,39.8425],[-80.0509,39.8408],[-80.0474,39.8416],[-80.0463,39.8432],[-80.0433,39.8435],[-80.0414,39.8414],[-80.0314,39.8445],[-80.0262,39.8443],[-80.0215,39.8459],[-79.9853,39.8469],[-79.9857,39.8505],[-79.9833,39.8584],[-79.9805,39.862],[-79.9744,39.8648],[-79.9722,39.8623],[-79.9614,39.859],[-79.9546,39.8594],[-79.9533,39.8616],[-79.9485,39.8615],[-79.9481,39.8604],[-79.9461,39.8596],[-79.945,39.8607],[-79.9422,39.8584],[-79.9369,39.8593],[-79.9358,39.8618],[-79.9329,39.8608],[-79.9278,39.8629],[-79.9248,39.8588],[-79.9246,39.8551],[-79.938,39.8467],[-79.9385,39.844],[-79.9365,39.8417],[-79.9244,39.8382],[-79.9217,39.8306],[-79.9206,39.8134],[-79.9102,39.7996],[-79.9087,39.7926],[-79.9145,39.7878],[-79.9293,39.7863],[-79.9325,39.7849],[-79.9344,39.7813],[-79.933,39.7715],[-79.9347,39.7648],[-79.9301,39.7571],[-79.9225,39.7535],[-79.9118,39.7509],[-79.9034,39.7431],[-79.9039,39.7378],[-79.911,39.7267],[-79.9162,39.7209],[-80.0417,39.7213],[-80.035,39.7304],[-80.037,39.7355],[-80.0457,39.7429],[-80.045,39.7496],[-80.0421,39.7516],[-80.0432,39.757],[-80.0529,39.7653],[-80.0602,39.7678],[-80.0653,39.7745],[-80.0691,39.7755],[-80.069,39.7774],[-80.0732,39.7804],[-80.0728,39.7844],[-80.0748,39.7872],[-80.0693,39.7968],[-80.0724,39.8011],[-80.0668,39.8123],[-80.0656,39.8181],[-80.0706,39.8354],[-80.073,39.8396],[-80.0801,39.8457],[-80.0833,39.8514],[-80.0926,39.8588],[-80.0922,39.8631],[-80.098,39.8677],[-80.1007,39.8683]]]}},{"type":"Feature","properties":{"geoid":"4224630","name":"Valley Grove School District"},"geometry":{"type":"Polygon","coordinates":[[[-79.9433,41.5378],[-79.9233,41.5376],[-79.9254,41.5502],[-79.9095,41.5501],[-79.9086,41.5622],[-79.885,41.5623],[-79.8851,41.5556],[-79.8778,41.5556],[-79.8777,41.5491],[-79.8707,41.5454],[-79.8628,41.5451],[-79.8502,41.5483],[-79.8455,41.5369],[-79.8348,41.5369],[-79.8325,41.5267],[-79.8299,41.5213],[-79.8368,41.5168],[-79.8272,41.502],[-79.8364,41.4999],[-79.8356,41.4982],[-79.8434,41.4836],[-79.8255,41.4842],[-79.8243,41.4698],[-79.8,41.4705],[-79.7999,41.4689],[-79.759,41.4702],[-79.7587,41.4645],[-79.7522,41.4643],[-79.7418,41.4704],[-79.73,41.4703],[-79.7299,41.4598],[-79.7311,41.4597],[-79.7311,41.4519],[-79.7323,41.451],[-79.7277,41.4468],[-79.7299,41.4469],[-79.7297,41.4453],[-79.7276,41.4448],[-79.7275,41.4383],[-79.7309,41.4356],[-79.7286,41.4287],[-79.7253,41.4237],[-79.7328,41.4073],[-79.7375,41.4044],[-79.7452,41.4035],[-79.7657,41.4126],[-79.7775,41.414],[-79.7897,41.408],[-79.7943,41.4034],[-79.8048,41.3997],[-79.8173,41.3929],[-79.8181,41.3914],[-79.8194,41.3918],[-79.8173,41.3946],[-79.819,41.3976],[-79.8218,41.3952],[-79.826,41.4022],[-79.8323,41.405],[-79.836,41.4092],[-79.8332,41.4123],[-79.8335,41.4149],[-79.8367,41.4179],[-79.8497,41.4159],[-79.8506,41.4133],[-79.8523,41.4136],[-79.8559,41.4018],[-79.8569,41.4022],[-79.8565,41.4073],[-79.8539,41.4115],[-79.8764,41.4151],[-79.8776,41.4193],[-79.8801,41.4205],[-79.8896,41.4178],[-79.8973,41.418],[-79.9157,41.4135],[-79.9244,41.4126],[-79.9257,41.4138],[-79.928,41.4218],[-79.9163,41.4298],[-79.9135,41.4401],[-79.9109,41.4397],[-79.9023,41.4706],[-79.8944,41.4815],[-79.9061,41.481],[-79.9074,41.4932],[-79.9085,41.4932],[-79.9088,41.5135],[-79.9258,41.5135],[-79.9256,41.5226],[-79.9422,41.5253],[-79.9433,41.5378]]]}},{"type":"Feature","properties":{"geoid":"4215480","name":"Milton Area School District"},"geometry":{"type":"Polygon","coordinates":[[[-77.061,41.0371],[-77.0588,41.0382],[-77.0581,41.0856],[-76.8805,41.0906],[-76.8723,41.0823],[-76.8645,41.0799],[-76.86,41.0757],[-76.8579,41.0721],[-76.857,41.0666],[-76.8576,41.0556],[-76.7645,41.0565],[-76.7488,41.062],[-76.7565,41.0505],[-76.7597,41.0387],[-76.7645,41.0296],[-76.762,41.0259],[-76.7706,41.0187],[-76.7747,41.0123],[-76.7758,41.0081],[-76.7737,41.0026],[-76.7849,40.9669],[-76.7865,40.9652],[-76.7868,40.9607],[-76.7854,40.9589],[-76.7915,40.9555],[-76.7893,40.9521],[-76.7932,40.9501],[-76.7929,40.9466],[-76.864,40.9319],[-76.8762,40.9511],[-76.8776,40.9561],[-76.8771,40.9595],[-76.8822,40.9687],[-76.8824,40.9714],[-76.8759,40.9841],[-76.8686,40.9949],[-76.8674,41.0079],[-76.8645,41.0198],[-76.8922,41.0187],[-76.9054,41.0199],[-76.9778,41.0195],[-76.977,41.0217],[-76.9806,41.0263],[-77.0162,41.0303],[-77.0191,41.0287],[-77.0406,41.0287],[-77.0574,41.0244],[-77.0619,41.0348],[-77.061,41.0371]]]}},{"type":"Feature","properties":{"geoid":"4221240","name":"Shamokin Area School District"},"geometry":{"type":"Polygon","coordinates":[[[-76.6972,40.8608],[-76.6717,40.8618],[-76.6533,40.8653],[-76.6502,40.876],[-76.6427,40.8757],[-76.6425,40.8839],[-76.5848,40.8799],[-76.5865,40.8685],[-76.5847,40.8618],[-76.5861,40.8606],[-76.5876,40.8504],[-76.5833,40.8473],[-76.5831,40.8433],[-76.5841,40.8396],[-76.5885,40.8366],[-76.588,40.8352],[-76.5843,40.8338],[-76.5858,40.8271],[-76.5852,40.8236],[-76.5833,40.8211],[-76.585,40.813],[-76.5834,40.8092],[-76.5021,40.8278],[-76.5016,40.8248],[-76.4985,40.8239],[-76.4932,40.8247],[-76.4849,40.7589],[-76.4613,40.76],[-76.4609,40.7564],[-76.4101,40.7649],[-76.5049,40.7302],[-76.5333,40.7292],[-76.5854,40.7329],[-76.5812,40.7469],[-76.5743,40.7575],[-76.6018,40.7558],[-76.6037,40.7603],[-76.6115,40.7601],[-76.6293,40.7988],[-76.6961,40.7855],[-76.6972,40.8608]]]}},{"type":"Feature","properties":{"geoid":"4221540","name":"Shikellamy School District"},"geometry":{"type":"Polygon","coordinates":[[[-76.864,40.9319],[-76.7929,40.9466],[-76.7674,40.9498],[-76.743,40.9545],[-76.7348,40.9544],[-76.6613,40.968],[-76.6525,40.9616],[-76.674,40.9411],[-76.6867,40.9338],[-76.7099,40.9286],[-76.7189,40.9229],[-76.7109,40.9185],[-76.7001,40.9207],[-76.6947,40.9149],[-76.693,40.9116],[-76.6936,40.9091],[-76.6899,40.9072],[-76.6918,40.9059],[-76.696,40.8924],[-76.6975,40.8792],[-76.6612,40.8837],[-76.6425,40.8839],[-76.6427,40.8757],[-76.6502,40.876],[-76.6533,40.8653],[-76.6717,40.8618],[-76.6972,40.8608],[-76.6961,40.7855],[-76.7398,40.7788],[-76.7501,40.7763],[-76.7555,40.7894],[-76.7616,40.8171],[-76.7731,40.8176],[-76.7832,40.8229],[-76.7884,40.8278],[-76.797,40.8224],[-76.7889,40.819],[-76.7982,40.8136],[-76.8309,40.8095],[-76.8363,40.8125],[-76.8471,40.8126],[-76.8363,40.8258],[-76.813,40.8471],[-76.7987,40.8783],[-76.8002,40.882],[-76.8035,40.8846],[-76.8246,40.8907],[-76.8541,40.9154],[-76.864,40.9319]]]}},{"type":"Feature","properties":{"geoid":"4203660","name":"Big Spring School District"},"geometry":{"type":"Polygon","coordinates":[[[-77.5663,40.2134],[-77.5567,40.2191],[-77.5369,40.2191],[-77.529,40.223],[-77.5268,40.2256],[-77.4973,40.2402],[-77.4736,40.2542],[-77.4609,40.2639],[-77.4195,40.2908],[-77.3944,40.3035],[-77.366,40.3136],[-77.3601,40.3141],[-77.3576,40.3125],[-77.3612,40.3052],[-77.4029,40.2801],[-77.4093,40.2746],[-77.411,40.2693],[-77.4198,40.2641],[-77.4233,40.2585],[-77.4208,40.2554],[-77.4025,40.257],[-77.3851,40.2627],[-77.3607,40.2747],[-77.3406,40.2869],[-77.3286,40.2923],[-77.3232,40.2925],[-77.3239,40.2886],[-77.3307,40.2806],[-77.3315,40.2772],[-77.3305,40.2756],[-77.3165,40.2675],[-77.3055,40.2692],[-77.27,40.2787],[-77.2601,40.2517],[-77.244,40.1901],[-77.3022,40.1643],[-77.3168,40.161],[-77.2552,40.0208],[-77.3537,40.0033],[-77.3805,40.0299],[-77.3829,40.0344],[-77.4204,40.0697],[-77.4892,40.1278],[-77.5696,40.2121],[-77.5663,40.2134]]]}},{"type":"Feature","properties":{"geoid":"4207110","name":"Cumberland Valley School District"},"geometry":{"type":"Polygon","coordinates":[[[-77.1855,40.2877],[-77.1504,40.2913],[-77.1248,40.2967],[-77.1017,40.2986],[-77.0964,40.3004],[-77.0639,40.302],[-77.0597,40.3033],[-77.0418,40.3044],[-77.0221,40.304],[-76.9769,40.3099],[-76.9592,40.2803],[-76.9449,40.2506],[-76.9401,40.2365],[-76.9436,40.2353],[-76.9423,40.2305],[-76.9376,40.2323],[-76.9357,40.2268],[-76.9469,40.2247],[-76.9487,40.2263],[-76.9652,40.2227],[-76.965,40.2209],[-76.9971,40.2144],[-77.0014,40.2191],[-76.9998,40.2199],[-77.0009,40.2222],[-77.0054,40.2211],[-77.0079,40.2243],[-77.0119,40.2239],[-77.0142,40.219],[-77.026,40.2157],[-77.0258,40.2138],[-77.0272,40.2144],[-77.0276,40.217],[-77.0312,40.2165],[-77.0322,40.2108],[-77.0307,40.2087],[-77.0225,40.2091],[-77.0197,40.203],[-77.0196,40.2021],[-77.0217,40.2017],[-77.0188,40.1861],[-77.0214,40.1822],[-77.0193,40.1814],[-77.0165,40.1612],[-77.0128,40.1484],[-77.0197,40.1483],[-77.0227,40.1458],[-77.0289,40.1477],[-77.0315,40.1466],[-77.0804,40.111],[-77.1142,40.1223],[-77.1227,40.1471],[-77.1235,40.1507],[-77.1191,40.172],[-77.1118,40.181],[-77.1043,40.1949],[-77.1644,40.1995],[-77.1722,40.2442],[-77.1855,40.2877]]]}},{"type":"Feature","properties":{"geoid":"4218090","name":"Oil City Area School District"},"geometry":{"type":"Polygon","coordinates":[[[-79.8356,41.4982],[-79.8364,41.4999],[-79.8272,41.502],[-79.8368,41.5168],[-79.8299,41.5213],[-79.8325,41.5267],[-79.7946,41.5367],[-79.8002,41.548],[-79.77,41.5561],[-79.7592,41.5337],[-79.7472,41.5354],[-79.7466,41.5273],[-79.7082,41.5277],[-79.7082,41.5263],[-79.6773,41.5257],[-79.6769,41.531],[-79.6714,41.5318],[-79.6634,41.5298],[-79.6602,41.5309],[-79.6594,41.5336],[-79.6516,41.534],[-79.6517,41.5364],[-79.5714,41.5369],[-79.5707,41.5066],[-79.5589,41.5065],[-79.5706,41.4847],[-79.56,41.4795],[-79.5614,41.4781],[-79.5627,41.4795],[-79.5646,41.4774],[-79.5645,41.4743],[-79.5679,41.467],[-79.5605,41.4655],[-79.561,41.4506],[-79.5689,41.448],[-79.58,41.4511],[-79.5861,41.4577],[-79.5908,41.465],[-79.595,41.4667],[-79.5995,41.4659],[-79.6114,41.4541],[-79.6153,41.4534],[-79.622,41.4555],[-79.6411,41.4659],[-79.6461,41.4667],[-79.6502,41.4628],[-79.6506,41.4565],[-79.6469,41.4524],[-79.6383,41.4468],[-79.6379,41.4417],[-79.6407,41.4378],[-79.656,41.4351],[-79.671,41.4279],[-79.6813,41.4167],[-79.685,41.4143],[-79.6935,41.4151],[-79.6985,41.4239],[-79.7017,41.4203],[-79.7121,41.4204],[-79.7175,41.4142],[-79.7203,41.413],[-79.7162,41.41],[-79.7262,41.4077],[-79.7276,41.4051],[-79.7333,41.4069],[-79.7253,41.4237],[-79.7286,41.4287],[-79.7309,41.4356],[-79.7275,41.4383],[-79.7276,41.4448],[-79.7297,41.4453],[-79.7299,41.4469],[-79.7277,41.4468],[-79.7323,41.451],[-79.7311,41.4519],[-79.7311,41.4597],[-79.7299,41.4598],[-79.73,41.4703],[-79.7418,41.4704],[-79.7522,41.4643],[-79.7587,41.4645],[-79.759,41.4702],[-79.7999,41.4689],[-79.8,41.4705],[-79.8243,41.4698],[-79.8255,41.4842],[-79.8434,41.4836],[-79.8356,41.4982]]]}},{"type":"Feature","properties":{"geoid":"4208580","name":"East Pennsboro Area School District"},"geometry":{"type":"MultiPolygon","coordinates":[[[[-76.9376,40.2323],[-76.933,40.2328],[-76.9322,40.2298],[-76.9365,40.2289],[-76.9376,40.2323]]],[[[-76.9769,40.3099],[-76.9493,40.3169],[-76.915,40.3285],[-76.9121,40.3255],[-76.9118,40.3226],[-76.9135,40.3175],[-76.9232,40.3002],[-76.9245,40.2922],[-76.9221,40.2855],[-76.9163,40.2802],[-76.9137,40.2721],[-76.9213,40.2694],[-76.9196,40.2644],[-76.9164,40.262],[-76.919,40.2603],[-76.9181,40.259],[-76.9143,40.2616],[-76.9114,40.2593],[-76.9108,40.2576],[-76.9143,40.2551],[-76.911,40.2514],[-76.9227,40.2491],[-76.9241,40.2538],[-76.9258,40.2549],[-76.9252,40.2557],[-76.9307,40.256],[-76.934,40.2593],[-76.94,40.2567],[-76.9329,40.2475],[-76.9369,40.2466],[-76.9371,40.2441],[-76.9428,40.2429],[-76.9449,40.2506],[-76.9592,40.2803],[-76.9769,40.3099]]]]}},{"type":"Feature","properties":{"geoid":"4221570","name":"Shippensburg Area School District"},"geometry":{"type":"Polygon","coordinates":[[[-77.6315,40.0518],[-77.6299,40.0506],[-77.6265,40.0507],[-77.6253,40.0514],[-77.626,40.0545],[-77.6244,40.0557],[-77.6244,40.0583],[-77.6168,40.0595],[-77.6118,40.0627],[-77.613,40.0657],[-77.6122,40.0691],[-77.6084,40.0696],[-77.6038,40.0681],[-77.5984,40.0724],[-77.5962,40.0712],[-77.5931,40.0728],[-77.5991,40.0826],[-77.5983,40.0837],[-77.579,40.0879],[-77.5692,40.0934],[-77.5708,40.098],[-77.5744,40.1017],[-77.5741,40.1039],[-77.5695,40.1033],[-77.5592,40.1053],[-77.5626,40.1142],[-77.5629,40.1193],[-77.5645,40.1198],[-77.5646,40.1217],[-77.5684,40.1259],[-77.5747,40.1277],[-77.5817,40.1341],[-77.5903,40.1339],[-77.593,40.1354],[-77.5923,40.1386],[-77.5932,40.1422],[-77.6015,40.1479],[-77.6042,40.1514],[-77.6083,40.1527],[-77.6129,40.1612],[-77.6143,40.1669],[-77.6136,40.1702],[-77.6275,40.1886],[-77.6147,40.1985],[-77.6054,40.1854],[-77.5935,40.192],[-77.5783,40.2066],[-77.5696,40.2121],[-77.4892,40.1278],[-77.4204,40.0697],[-77.3829,40.0344],[-77.3805,40.0299],[-77.3537,40.0033],[-77.4035,39.9945],[-77.4711,39.9441],[-77.494,39.9572],[-77.4984,39.9605],[-77.5039,39.9674],[-77.5151,39.9698],[-77.5207,39.9739],[-77.5259,39.9759],[-77.5318,39.9812],[-77.538,39.9816],[-77.5858,40.01],[-77.6193,40.0349],[-77.6309,40.0483],[-77.6315,40.0518]]]}},{"type":"Feature","properties":{"geoid":"4218740","name":"Penncrest School District"},"geometry":{"type":"Polygon","coordinates":[[[-80.2707,41.6941],[-80.267,41.8495],[-80.1465,41.849],[-79.91,41.8507],[-79.9101,41.7739],[-79.8283,41.7752],[-79.7714,41.7746],[-79.7696,41.7488],[-79.7729,41.7478],[-79.7708,41.7166],[-79.7501,41.7164],[-79.7501,41.7174],[-79.7469,41.7174],[-79.748,41.6179],[-79.7684,41.6177],[-79.7684,41.5836],[-79.7622,41.57],[-79.7708,41.5674],[-79.7662,41.5571],[-79.8002,41.548],[-79.7946,41.5367],[-79.8325,41.5267],[-79.8348,41.5369],[-79.8455,41.5369],[-79.8502,41.5483],[-79.8628,41.5451],[-79.8707,41.5454],[-79.8777,41.5491],[-79.8778,41.5556],[-79.8851,41.5556],[-79.885,41.5623],[-79.8928,41.5622],[-79.8927,41.5741],[-79.8772,41.5742],[-79.8764,41.5863],[-79.9581,41.5863],[-79.9582,41.5827],[-80.0622,41.5818],[-80.0625,41.5787],[-80.0785,41.5787],[-80.0841,41.5829],[-80.0912,41.5914],[-80.0954,41.599],[-80.0948,41.6598],[-80.0881,41.662],[-80.0899,41.6675],[-80.0951,41.6656],[-80.0951,41.6692],[-80.1266,41.6688],[-80.1262,41.6743],[-80.1398,41.6742],[-80.1398,41.6793],[-80.149,41.6793],[-80.1723,41.6843],[-80.1719,41.679],[-80.1795,41.6717],[-80.1769,41.6674],[-80.1971,41.6629],[-80.1969,41.6702],[-80.21,41.67],[-80.2102,41.6618],[-80.2497,41.6632],[-80.2527,41.662],[-80.2717,41.6622],[-80.2707,41.6941]]]}},{"type":"Feature","properties":{"geoid":"4205430","name":"Central Greene School District"},"geometry":{"type":"Polygon","coordinates":[[[-80.3071,39.8051],[-80.302,39.8053],[-80.2759,39.8194],[-80.2604,39.8255],[-80.25,39.8236],[-80.2231,39.8243],[-80.2248,39.832],[-80.2237,39.8459],[-80.2199,39.8595],[-80.2206,39.8652],[-80.2235,39.8712],[-80.2299,39.8742],[-80.2282,39.8828],[-80.2386,39.8909],[-80.2378,39.8928],[-80.2486,39.8989],[-80.252,39.9129],[-80.257,39.9178],[-80.2569,39.9201],[-80.2596,39.922],[-80.2551,39.9222],[-80.2532,39.9557],[-80.2477,39.9719],[-80.2373,39.9933],[-80.2322,40.0078],[-80.2264,40.0078],[-80.2228,40.0047],[-80.2148,40.0028],[-80.2082,40.0051],[-80.2048,40.0035],[-80.1994,40.0032],[-80.1971,40.0048],[-80.1939,40.0049],[-80.1903,40.0018],[-80.1878,40.0033],[-80.1824,40.0032],[-80.1813,40.0066],[-80.1753,40.008],[-80.1721,40.0055],[-80.1698,40.0062],[-80.1605,40.0033],[-80.1573,39.9996],[-80.1551,39.9988],[-80.1553,39.9965],[-80.1521,39.9962],[-80.151,39.9944],[-80.1364,39.9926],[-80.1295,39.9884],[-80.1266,39.9889],[-80.1477,39.9513],[-80.1612,39.9426],[-80.1403,39.9352],[-80.1208,39.9202],[-80.1215,39.9191],[-80.1176,39.9146],[-80.1212,39.9119],[-80.1195,39.9111],[-80.12,39.9079],[-80.1164,39.9036],[-80.1123,39.9028],[-80.1093,39.8933],[-80.106,39.8891],[-80.103,39.8901],[-80.1033,39.8882],[-80.1009,39.8848],[-80.1073,39.879],[-80.108,39.877],[-80.1068,39.8734],[-80.1078,39.8701],[-80.1049,39.8711],[-80.1039,39.8689],[-80.098,39.8677],[-80.0922,39.8631],[-80.0926,39.8588],[-80.0833,39.8514],[-80.0801,39.8457],[-80.073,39.8396],[-80.0706,39.8354],[-80.0656,39.8181],[-80.0668,39.8123],[-80.0724,39.8011],[-80.0693,39.7968],[-80.0748,39.7872],[-80.0728,39.7844],[-80.0732,39.7804],[-80.069,39.7774],[-80.0691,39.7755],[-80.0653,39.7745],[-80.0602,39.7678],[-80.0529,39.7653],[-80.0438,39.7578],[-80.0421,39.7516],[-80.045,39.7496],[-80.0457,39.7429],[-80.037,39.7355],[-80.035,39.7304],[-80.0417,39.7213],[-80.2938,39.7213],[-80.2976,39.7384],[-80.2883,39.7442],[-80.2845,39.7554],[-80.2842,39.7719],[-80.2937,39.7717],[-80.2982,39.7774],[-80.3018,39.7838],[-80.3014,39.7866],[-80.3036,39.7937],[-80.3036,39.8027],[-80.3071,39.8051]]]}},{"type":"Feature","properties":{"geoid":"4224820","name":"Warren County School District"},"geometry":{"type":"Polygon","coordinates":[[[-79.6126,41.7746],[-79.6126,41.7858],[-79.6076,41.7858],[-79.6076,41.7909],[-79.5316,41.7914],[-79.5315,41.7892],[-79.4923,41.7892],[-79.4924,41.8446],[-79.4724,41.8446],[-79.4739,41.8972],[-79.4687,41.8973],[-79.4685,41.9049],[-79.4928,41.9049],[-79.492,41.9525],[-79.5102,41.9528],[-79.51,41.9725],[-79.5152,41.9724],[-79.5152,41.9886],[-79.5113,41.9886],[-79.511,41.9984],[-79.1786,41.9995],[-78.9189,41.9981],[-78.9185,41.9529],[-78.9155,41.9529],[-78.9171,41.8618],[-78.916,41.8618],[-78.9156,41.8409],[-78.9215,41.8409],[-78.9214,41.8309],[-78.9486,41.8305],[-78.9547,41.6402],[-78.9555,41.6402],[-78.9561,41.6233],[-79.0916,41.6263],[-79.402,41.626],[-79.4935,41.6247],[-79.4934,41.63],[-79.4954,41.63],[-79.4956,41.6793],[-79.4941,41.7061],[-79.5325,41.7065],[-79.5327,41.7042],[-79.613,41.7053],[-79.6126,41.7746]]]}},{"type":"Feature","properties":{"geoid":"4214460","name":"Line Mountain School District"},"geometry":{"type":"Polygon","coordinates":[[[-76.9486,40.6285],[-76.9399,40.6381],[-76.9276,40.6457],[-76.912,40.6676],[-76.9038,40.6741],[-76.8799,40.6872],[-76.8694,40.699],[-76.8612,40.7116],[-76.8565,40.7226],[-76.8554,40.7286],[-76.8574,40.75],[-76.8563,40.7548],[-76.857,40.766],[-76.8593,40.777],[-76.8561,40.7912],[-76.8489,40.806],[-76.8487,40.8106],[-76.8471,40.8126],[-76.8363,40.8125],[-76.8309,40.8095],[-76.7982,40.8136],[-76.7889,40.819],[-76.797,40.8224],[-76.7884,40.8278],[-76.7832,40.8229],[-76.7731,40.8176],[-76.7616,40.8171],[-76.7555,40.7894],[-76.7501,40.7763],[-76.7398,40.7788],[-76.692,40.7861],[-76.6293,40.7988],[-76.6115,40.7601],[-76.6037,40.7603],[-76.6018,40.7558],[-76.5743,40.7575],[-76.5812,40.7469],[-76.5854,40.7329],[-76.5333,40.7292],[-76.5049,40.7302],[-76.5654,40.7078],[-76.6001,40.6971],[-76.6947,40.6629],[-76.7005,40.6631],[-76.7024,40.6557],[-76.7039,40.6554],[-76.7136,40.6596],[-76.7183,40.6584],[-76.722,40.6534],[-76.7328,40.6547],[-76.7459,40.6545],[-76.7497,40.6531],[-76.7562,40.6481],[-76.7783,40.646],[-76.7859,40.6417],[-76.7904,40.6408],[-76.7947,40.6408],[-76.7982,40.6448],[-76.8034,40.6472],[-76.8091,40.6434],[-76.8111,40.6338],[-76.8274,40.6339],[-76.8332,40.6276],[-76.8401,40.6254],[-76.8557,40.6259],[-76.8643,40.6276],[-76.8695,40.6235],[-76.8695,40.6184],[-76.8727,40.6163],[-76.8864,40.6178],[-76.8903,40.6163],[-76.8915,40.6143],[-76.8897,40.6129],[-76.89,40.6103],[-76.8989,40.6105],[-76.9033,40.6119],[-76.9199,40.6101],[-76.921,40.6096],[-76.9208,40.6083],[-76.9178,40.6048],[-76.9187,40.6035],[-76.9255,40.6089],[-76.937,40.6128],[-76.9486,40.6285]]]}},{"type":"Feature","properties":{"geoid":"4211940","name":"Hollidaysburg Area School District"},"geometry":{"type":"Polygon","coordinates":[[[-78.6022,40.3536],[-78.5615,40.3697],[-78.5529,40.4348],[-78.5577,40.4416],[-78.5485,40.4619],[-78.544,40.4659],[-78.542,40.4697],[-78.5381,40.472],[-78.5372,40.4793],[-78.5412,40.4845],[-78.5404,40.4888],[-78.544,40.4892],[-78.5398,40.5063],[-78.5372,40.5099],[-78.509,40.4977],[-78.4578,40.4854],[-78.414,40.4644],[-78.3893,40.4561],[-78.3544,40.4856],[-78.339,40.4887],[-78.3247,40.4967],[-78.3221,40.5007],[-78.3173,40.5039],[-78.2904,40.5178],[-78.2701,40.5302],[-78.2457,40.5043],[-78.243,40.4884],[-78.2398,40.4874],[-78.2377,40.4851],[-78.2519,40.472],[-78.2789,40.4392],[-78.2923,40.4155],[-78.3127,40.3835],[-78.3231,40.3636],[-78.3264,40.3545],[-78.3301,40.3493],[-78.3373,40.3442],[-78.3451,40.3436],[-78.35,40.3457],[-78.3539,40.35],[-78.3617,40.3789],[-78.365,40.3861],[-78.3689,40.3916],[-78.3717,40.3935],[-78.3765,40.3945],[-78.3808,40.3916],[-78.386,40.3861],[-78.3929,40.3738],[-78.405,40.3622],[-78.4103,40.3552],[-78.4175,40.3606],[-78.4557,40.4058],[-78.5391,40.3458],[-78.6022,40.3536]]]}},{"type":"Feature","properties":{"geoid":"4224030","name":"Tyrone Area School District"},"geometry":{"type":"Polygon","coordinates":[[[-78.3606,40.7332],[-78.2789,40.7366],[-78.2728,40.7419],[-78.1359,40.8165],[-78.0638,40.776],[-78.1159,40.7393],[-77.9441,40.6916],[-77.9639,40.6845],[-77.9999,40.6747],[-78.0513,40.6541],[-78.0681,40.6441],[-78.0975,40.6219],[-78.1326,40.6422],[-78.16,40.6441],[-78.1759,40.6281],[-78.1731,40.628],[-78.1692,40.6204],[-78.1664,40.6181],[-78.1842,40.5953],[-78.1836,40.5948],[-78.2007,40.5871],[-78.2158,40.5785],[-78.2345,40.5622],[-78.2489,40.5472],[-78.2555,40.5519],[-78.2633,40.5623],[-78.262,40.564],[-78.2712,40.5699],[-78.2706,40.5709],[-78.2819,40.5746],[-78.302,40.5739],[-78.297,40.5983],[-78.2895,40.6114],[-78.2819,40.6204],[-78.2674,40.6312],[-78.2672,40.6335],[-78.2604,40.6378],[-78.3589,40.7099],[-78.3487,40.7234],[-78.3606,40.7332]]]}},{"type":"Feature","properties":{"geoid":"4218330","name":"Palisades School District"},"geometry":{"type":"Polygon","coordinates":[[[-75.4088,40.4886],[-75.3087,40.5526],[-75.2582,40.582],[-75.1968,40.6086],[-75.1923,40.6027],[-75.1901,40.5904],[-75.1908,40.5868],[-75.1947,40.5819],[-75.1949,40.5786],[-75.1924,40.5743],[-75.1832,40.5674],[-75.1753,40.565],[-75.1629,40.5641],[-75.1584,40.5653],[-75.1474,40.5732],[-75.1419,40.5753],[-75.1367,40.5757],[-75.1173,40.5732],[-75.1003,40.5678],[-75.0785,40.5483],[-75.0686,40.5422],[-75.0664,40.5365],[-75.0651,40.5261],[-75.0659,40.5195],[-75.0648,40.5035],[-75.0633,40.4994],[-75.0626,40.4896],[-75.0629,40.4816],[-75.0643,40.4768],[-75.0677,40.4737],[-75.067,40.4653],[-75.0704,40.4584],[-75.0706,40.4552],[-75.0665,40.4472],[-75.0607,40.4214],[-75.0666,40.4231],[-75.072,40.4273],[-75.0758,40.4343],[-75.08,40.4355],[-75.0839,40.442],[-75.0863,40.4415],[-75.0918,40.4374],[-75.0976,40.4409],[-75.0992,40.4393],[-75.0947,40.4368],[-75.0946,40.435],[-75.0961,40.4344],[-75.1013,40.4365],[-75.1063,40.4352],[-75.1095,40.4321],[-75.1201,40.4346],[-75.1242,40.4383],[-75.1377,40.4347],[-75.1412,40.4375],[-75.143,40.4438],[-75.1457,40.4455],[-75.1544,40.4414],[-75.1625,40.4433],[-75.1635,40.447],[-75.1564,40.4523],[-75.157,40.4556],[-75.1617,40.4615],[-75.1736,40.4631],[-75.1761,40.4662],[-75.1875,40.4701],[-75.1885,40.4719],[-75.1846,40.4733],[-75.1882,40.4769],[-75.1903,40.487],[-75.1925,40.491],[-75.2001,40.4953],[-75.2079,40.5045],[-75.2109,40.5057],[-75.2189,40.5137],[-75.2298,40.5171],[-75.2968,40.4939],[-75.3811,40.4864],[-75.3808,40.4815],[-75.3945,40.4799],[-75.4088,40.4886]]]}},{"type":"Feature","properties":{"geoid":"4218840","name":"Pennsbury School District"},"geometry":{"type":"Polygon","coordinates":[[[-74.9143,40.263],[-74.8531,40.2697],[-74.8423,40.2505],[-74.8363,40.2462],[-74.7953,40.2294],[-74.782,40.2219],[-74.789,40.2171],[-74.787,40.2146],[-74.7924,40.2121],[-74.7915,40.2097],[-74.7938,40.2115],[-74.7943,40.2095],[-74.7979,40.2097],[-74.797,40.2077],[-74.8002,40.2088],[-74.8031,40.2075],[-74.8003,40.2065],[-74.8007,40.203],[-74.7932,40.2031],[-74.7887,40.2008],[-74.7838,40.2036],[-74.7747,40.194],[-74.7612,40.1991],[-74.7543,40.1852],[-74.7372,40.1776],[-74.7223,40.1606],[-74.7222,40.1499],[-74.7244,40.1464],[-74.7406,40.1355],[-74.7589,40.134],[-74.7695,40.1291],[-74.7821,40.1208],[-74.7887,40.1204],[-74.8006,40.1228],[-74.8156,40.1276],[-74.8288,40.1454],[-74.8232,40.148],[-74.8328,40.1611],[-74.8265,40.1663],[-74.8445,40.1739],[-74.8444,40.1753],[-74.8578,40.1667],[-74.8688,40.1658],[-74.8712,40.1751],[-74.8694,40.1839],[-74.8694,40.1927],[-74.8711,40.193],[-74.8744,40.2005],[-74.8767,40.2],[-74.8879,40.2257],[-74.8963,40.2356],[-74.8964,40.2395],[-74.9017,40.2424],[-74.9037,40.2421],[-74.909,40.2512],[-74.9118,40.251],[-74.9143,40.263]]]}},{"type":"Feature","properties":{"geoid":"4202310","name":"Allegheny-Clarion Valley School District"},"geometry":{"type":"Polygon","coordinates":[[[-79.8292,41.2469],[-79.8268,41.247],[-79.8282,41.2665],[-79.8262,41.2712],[-79.823,41.2747],[-79.8135,41.2787],[-79.8052,41.2792],[-79.7986,41.2773],[-79.7953,41.2721],[-79.7962,41.2703],[-79.7953,41.2694],[-79.7951,41.2632],[-79.7972,41.2569],[-79.7961,41.2535],[-79.7938,41.25],[-79.7846,41.2442],[-79.7814,41.2402],[-79.7785,41.2299],[-79.7738,41.2269],[-79.7617,41.2325],[-79.7583,41.2329],[-79.7533,41.2315],[-79.7526,41.2286],[-79.7514,41.2287],[-79.752,41.2256],[-79.76,41.2143],[-79.7612,41.2108],[-79.7602,41.2088],[-79.7573,41.207],[-79.7543,41.207],[-79.7467,41.2109],[-79.7454,41.2141],[-79.747,41.2204],[-79.7453,41.2256],[-79.7401,41.2312],[-79.7301,41.233],[-79.7263,41.2313],[-79.7238,41.225],[-79.727,41.2218],[-79.7265,41.2181],[-79.7288,41.2145],[-79.7287,41.2118],[-79.719,41.2071],[-79.7079,41.2248],[-79.7079,41.2558],[-79.6943,41.2555],[-79.6939,41.2777],[-79.6879,41.2776],[-79.6879,41.2811],[-79.6745,41.2811],[-79.6744,41.2877],[-79.6515,41.288],[-79.6514,41.2901],[-79.6046,41.2913],[-79.6046,41.2771],[-79.6276,41.2772],[-79.6277,41.2669],[-79.6327,41.2669],[-79.6329,41.2536],[-79.6504,41.2537],[-79.6496,41.2179],[-79.6689,41.1991],[-79.6663,41.1971],[-79.6057,41.1985],[-79.6049,41.1545],[-79.6006,41.1555],[-79.598,41.1546],[-79.5961,41.1522],[-79.5995,41.1453],[-79.5992,41.1429],[-79.5974,41.1417],[-79.5856,41.1436],[-79.5828,41.1425],[-79.5853,41.1396],[-79.5941,41.1372],[-79.5963,41.1348],[-79.5965,41.1326],[-79.5846,41.1171],[-79.5712,41.0949],[-79.5792,41.0735],[-79.6279,41.0359],[-79.6368,41.0379],[-79.6513,41.0451],[-79.6625,41.0473],[-79.6659,41.0493],[-79.6671,41.0559],[-79.6654,41.0585],[-79.6565,41.0648],[-79.6559,41.0694],[-79.6591,41.0735],[-79.666,41.0789],[-79.6742,41.0828],[-79.6805,41.0816],[-79.6831,41.0795],[-79.6902,41.0791],[-79.6903,41.1022],[-79.7861,41.1015],[-79.7874,41.1511],[-79.7867,41.173],[-79.8226,41.1731],[-79.8244,41.2008],[-79.8259,41.2008],[-79.8292,41.2469]]]}},{"type":"Feature","properties":{"geoid":"4214160","name":"Lower Merion School District"},"geometry":{"type":"Polygon","coordinates":[[[-75.3495,40.0529],[-75.3437,40.0555],[-75.3381,40.0605],[-75.3318,40.0638],[-75.3258,40.0654],[-75.3232,40.0618],[-75.315,40.0648],[-75.311,40.0651],[-75.3102,40.0637],[-75.3062,40.0653],[-75.3056,40.069],[-75.2826,40.073],[-75.2577,40.0476],[-75.249,40.0418],[-75.2456,40.0377],[-75.2321,40.028],[-75.2181,40.0209],[-75.2122,40.0155],[-75.2058,40.0116],[-75.2765,39.977],[-75.3114,40.0198],[-75.3207,40.0162],[-75.3495,40.0529]]]}},{"type":"Feature","properties":{"geoid":"4214250","name":"Methacton School District"},"geometry":{"type":"Polygon","coordinates":[[[-75.4707,40.1149],[-75.4694,40.1167],[-75.4626,40.1196],[-75.4532,40.1194],[-75.4484,40.1214],[-75.4445,40.1256],[-75.4445,40.1306],[-75.4419,40.1371],[-75.445,40.1467],[-75.4487,40.1496],[-75.4545,40.1503],[-75.4558,40.1518],[-75.4562,40.1606],[-75.4544,40.1642],[-75.4633,40.1674],[-75.461,40.1711],[-75.453,40.172],[-75.4481,40.1781],[-75.4474,40.1821],[-75.4502,40.1954],[-75.4498,40.2001],[-75.4107,40.1761],[-75.3558,40.2292],[-75.2932,40.1931],[-75.3269,40.1597],[-75.3553,40.1758],[-75.4243,40.1079],[-75.4334,40.1103],[-75.4438,40.109],[-75.4617,40.103],[-75.4692,40.1074],[-75.4716,40.1119],[-75.4707,40.1149]]]}},{"type":"Feature","properties":{"geoid":"4216980","name":"Norristown Area School District"},"geometry":{"type":"Polygon","coordinates":[[[-75.4247,40.1085],[-75.3553,40.1758],[-75.2982,40.1432],[-75.3167,40.1248],[-75.3269,40.1052],[-75.3469,40.1111],[-75.3475,40.1095],[-75.3508,40.1094],[-75.3705,40.1162],[-75.3801,40.1181],[-75.3935,40.1172],[-75.4165,40.1079],[-75.4247,40.1085]]]}},{"type":"Feature","properties":{"geoid":"4219470","name":"Colonial School District"},"geometry":{"type":"Polygon","coordinates":[[[-75.3262,40.1055],[-75.3167,40.1248],[-75.2982,40.1432],[-75.2604,40.122],[-75.2334,40.1506],[-75.1963,40.1278],[-75.2561,40.0671],[-75.2522,40.0653],[-75.2644,40.0541],[-75.2778,40.0692],[-75.2826,40.073],[-75.3056,40.069],[-75.3157,40.0746],[-75.3201,40.0817],[-75.3214,40.0978],[-75.3262,40.1055]]]}},{"type":"Feature","properties":{"geoid":"4219650","name":"Pottsgrove School District"},"geometry":{"type":"Polygon","coordinates":[[[-75.6959,40.2424],[-75.645,40.3053],[-75.6201,40.2926],[-75.6169,40.2897],[-75.6177,40.2887],[-75.6055,40.2823],[-75.5999,40.281],[-75.5594,40.2578],[-75.5927,40.2255],[-75.597,40.2368],[-75.6014,40.2381],[-75.6069,40.2361],[-75.6075,40.2328],[-75.6037,40.2295],[-75.6032,40.227],[-75.6055,40.2248],[-75.6107,40.2231],[-75.6163,40.2249],[-75.6196,40.2301],[-75.628,40.2329],[-75.6232,40.2374],[-75.6167,40.2378],[-75.6105,40.2431],[-75.6117,40.2484],[-75.614,40.2471],[-75.6283,40.2558],[-75.622,40.2599],[-75.6345,40.2675],[-75.6403,40.2606],[-75.6627,40.2659],[-75.6636,40.2639],[-75.6654,40.2643],[-75.663,40.2673],[-75.6676,40.2671],[-75.669,40.2658],[-75.6701,40.2611],[-75.6781,40.2581],[-75.6755,40.257],[-75.6684,40.2593],[-75.6785,40.2479],[-75.6761,40.2426],[-75.6856,40.2366],[-75.6885,40.2362],[-75.6968,40.2419],[-75.6959,40.2424]]]}},{"type":"Feature","properties":{"geoid":"4224390","name":"Upper Dublin School District"},"geometry":{"type":"Polygon","coordinates":[[[-75.2274,40.1566],[-75.2266,40.1549],[-75.2283,40.1535],[-75.226,40.1486],[-75.2206,40.1454],[-75.219,40.1462],[-75.2131,40.1521],[-75.2144,40.1591],[-75.2187,40.1654],[-75.1955,40.1882],[-75.133,40.1509],[-75.1504,40.1341],[-75.1511,40.1316],[-75.1616,40.1207],[-75.1645,40.1182],[-75.167,40.1182],[-75.1711,40.114],[-75.1705,40.1118],[-75.2334,40.1506],[-75.2274,40.1566]]]}},{"type":"Feature","properties":{"geoid":"4224510","name":"Upper Moreland Township School District"},"geometry":{"type":"Polygon","coordinates":[[[-75.1432,40.1569],[-75.1069,40.1923],[-75.1049,40.1911],[-75.1108,40.1853],[-75.1126,40.1773],[-75.1161,40.1732],[-75.1175,40.1737],[-75.1224,40.171],[-75.1103,40.1669],[-75.1078,40.1644],[-75.1057,40.1652],[-75.0902,40.1825],[-75.0601,40.1648],[-75.0669,40.1617],[-75.0724,40.1575],[-75.0767,40.1601],[-75.0816,40.1553],[-75.0857,40.1578],[-75.0939,40.1557],[-75.0923,40.153],[-75.0899,40.1551],[-75.087,40.1521],[-75.0852,40.1538],[-75.0809,40.1504],[-75.0843,40.1471],[-75.0824,40.1444],[-75.0767,40.1459],[-75.0759,40.1438],[-75.0773,40.1418],[-75.0756,40.1399],[-75.0797,40.1391],[-75.0844,40.1342],[-75.0925,40.1306],[-75.0949,40.1281],[-75.1432,40.1569]]]}},{"type":"Feature","properties":{"geoid":"4202670","name":"Athens Area School District"},"geometry":{"type":"Polygon","coordinates":[[[-76.7498,41.9288],[-76.7473,42.0017],[-76.5577,42.0002],[-76.5587,41.9916],[-76.5368,41.991],[-76.5346,41.9834],[-76.5329,41.9834],[-76.533,41.9807],[-76.5291,41.9802],[-76.5295,41.9729],[-76.5117,41.9725],[-76.5109,41.9762],[-76.5072,41.9821],[-76.5065,41.9872],[-76.5082,41.99],[-76.5054,41.9901],[-76.5071,41.9909],[-76.5047,41.9928],[-76.5192,41.9951],[-76.5189,41.9967],[-76.5235,41.9987],[-76.5233,41.9997],[-76.4734,41.9991],[-76.4764,41.9937],[-76.4823,41.9919],[-76.4789,41.9115],[-76.4147,41.9138],[-76.4092,41.8342],[-76.4133,41.8207],[-76.4439,41.7928],[-76.4509,41.7979],[-76.458,41.8006],[-76.4673,41.8002],[-76.4729,41.8041],[-76.4776,41.8056],[-76.4861,41.8055],[-76.4942,41.8095],[-76.5207,41.7955],[-76.5487,41.7945],[-76.5498,41.8128],[-76.6721,41.809],[-76.6785,41.9061],[-76.7112,41.9058],[-76.7112,41.9044],[-76.7507,41.9031],[-76.7498,41.9288]]]}},{"type":"Feature","properties":{"geoid":"4223790","name":"Troy Area School District"},"geometry":{"type":"Polygon","coordinates":[[[-76.9271,42.0017],[-76.7473,42.0017],[-76.7507,41.9031],[-76.7112,41.9044],[-76.7112,41.9058],[-76.6785,41.9061],[-76.6721,41.809],[-76.5498,41.8128],[-76.5487,41.7945],[-76.5207,41.7955],[-76.528,41.7917],[-76.5277,41.7659],[-76.5245,41.7232],[-76.6349,41.7183],[-76.634,41.7083],[-76.7845,41.6759],[-76.7868,41.713],[-76.8207,41.7127],[-76.8206,41.6992],[-76.8345,41.6991],[-76.8347,41.7126],[-76.8466,41.7125],[-76.8503,41.7065],[-76.8608,41.6948],[-76.8637,41.6846],[-76.8839,41.669],[-76.8986,41.7945],[-76.8991,41.8081],[-76.9271,42.0017]]]}},{"type":"Feature","properties":{"geoid":"4205460","name":"Crestwood School District"},"geometry":{"type":"Polygon","coordinates":[[[-76.0906,41.1485],[-76.0558,41.155],[-76.0439,41.1597],[-76.0393,41.153],[-76.0085,41.1652],[-75.9872,41.1673],[-75.9823,41.1666],[-75.8863,41.1837],[-75.8721,41.1816],[-75.8504,41.1885],[-75.8485,41.1518],[-75.7703,41.1511],[-75.769,41.1213],[-75.7649,41.1196],[-75.7612,41.1207],[-75.7562,41.1243],[-75.756,41.1203],[-75.7524,41.1204],[-75.7599,41.1171],[-75.7598,41.1109],[-75.7683,41.1047],[-75.7668,41.0936],[-75.7675,41.0917],[-75.7657,41.0844],[-75.772,41.0768],[-75.77,41.0656],[-75.7703,41.0619],[-75.7715,41.0612],[-75.7703,41.0501],[-75.7718,41.0502],[-75.7718,41.0474],[-75.7886,41.0472],[-75.7888,41.0569],[-75.7903,41.0567],[-75.7908,41.0664],[-75.8106,41.0666],[-75.8156,41.0679],[-75.8525,41.0666],[-75.8526,41.07],[-75.9144,41.0423],[-75.9278,41.0885],[-76.0267,41.0554],[-76.0906,41.1485]]]}},{"type":"Feature","properties":{"geoid":"4211420","name":"Hanover Area School District"},"geometry":{"type":"Polygon","coordinates":[[[-75.994,41.1841],[-75.9757,41.1864],[-75.9928,41.2149],[-75.9766,41.2136],[-75.9669,41.2164],[-75.9567,41.2224],[-75.9539,41.232],[-75.951,41.2349],[-75.9475,41.2367],[-75.9364,41.2384],[-75.9291,41.2415],[-75.8504,41.1975],[-75.8504,41.1885],[-75.8721,41.1816],[-75.8863,41.1837],[-75.9823,41.1666],[-75.9872,41.1673],[-75.9969,41.1849],[-75.994,41.1841]]]}},{"type":"Feature","properties":{"geoid":"4213020","name":"Lake-Lehman School District"},"geometry":{"type":"Polygon","coordinates":[[[-76.2503,41.378],[-76.1589,41.3799],[-76.1622,41.4321],[-76.1358,41.4328],[-76.136,41.4376],[-76.1138,41.4384],[-76.1142,41.4445],[-76.0924,41.4454],[-76.0939,41.4662],[-76.0527,41.468],[-76.0532,41.4711],[-76.0471,41.4714],[-76.0422,41.3831],[-76.0254,41.3838],[-76.0083,41.3472],[-76.0045,41.3429],[-76.0076,41.3407],[-76.005,41.3391],[-76.0027,41.3405],[-76.0033,41.3417],[-75.9711,41.3087],[-75.9564,41.3168],[-75.9284,41.2881],[-76.0092,41.2434],[-76.0231,41.2575],[-76.0341,41.263],[-76.045,41.2628],[-76.0471,41.2668],[-76.0769,41.2502],[-76.1091,41.2833],[-76.2101,41.2141],[-76.2231,41.2363],[-76.2148,41.3148],[-76.2503,41.3723],[-76.2503,41.378]]]}},{"type":"Feature","properties":{"geoid":"4219200","name":"Pittston Area School District"},"geometry":{"type":"Polygon","coordinates":[[[-75.8418,41.2979],[-75.8042,41.319],[-75.7939,41.3236],[-75.7915,41.3268],[-75.7908,41.3314],[-75.7941,41.3374],[-75.7957,41.344],[-75.8074,41.3582],[-75.804,41.3652],[-75.7964,41.3731],[-75.7951,41.3771],[-75.7678,41.3654],[-75.7419,41.3483],[-75.6886,41.3394],[-75.6878,41.3178],[-75.695,41.3176],[-75.6941,41.3041],[-75.6908,41.3043],[-75.6897,41.2878],[-75.6793,41.288],[-75.6793,41.2643],[-75.6523,41.2574],[-75.7297,41.2551],[-75.801,41.2822],[-75.7991,41.2841],[-75.7903,41.2807],[-75.7762,41.2946],[-75.7892,41.2988],[-75.8019,41.2933],[-75.8053,41.2934],[-75.815,41.2876],[-75.8418,41.2979]]]}},{"type":"Feature","properties":{"geoid":"4207320","name":"Danville Area School District"},"geometry":{"type":"Polygon","coordinates":[[[-76.7932,40.9501],[-76.7893,40.9521],[-76.7913,40.954],[-76.7905,40.9567],[-76.7854,40.9589],[-76.7868,40.9607],[-76.7865,40.9652],[-76.7849,40.9669],[-76.7743,41.0001],[-76.7737,41.0026],[-76.7758,41.0081],[-76.7723,41.0163],[-76.7523,41.0227],[-76.7505,41.0256],[-76.7339,41.0289],[-76.7172,41.0352],[-76.7111,41.0357],[-76.7084,41.0396],[-76.706,41.0408],[-76.7007,41.04],[-76.6841,41.0459],[-76.6926,41.066],[-76.6994,41.0763],[-76.6213,41.0916],[-76.6205,41.0848],[-76.6154,41.0794],[-76.6182,41.0742],[-76.616,41.0687],[-76.619,41.0638],[-76.5699,41.0538],[-76.5623,41.0342],[-76.5628,41.0234],[-76.5662,41.0086],[-76.5652,40.9999],[-76.529,40.9731],[-76.5251,40.9678],[-76.5218,40.9671],[-76.5215,40.9647],[-76.515,40.959],[-76.5158,40.95],[-76.5124,40.9461],[-76.5294,40.9401],[-76.5258,40.9346],[-76.5238,40.9342],[-76.5218,40.9317],[-76.5201,40.9266],[-76.5222,40.9227],[-76.5282,40.9191],[-76.5249,40.9159],[-76.528,40.8826],[-76.5509,40.8828],[-76.5702,40.8791],[-76.6252,40.8832],[-76.6612,40.8837],[-76.6975,40.8792],[-76.696,40.8924],[-76.6918,40.9059],[-76.6899,40.9072],[-76.6936,40.9091],[-76.693,40.9116],[-76.6947,40.9149],[-76.7001,40.9207],[-76.7109,40.9185],[-76.7189,40.9229],[-76.7099,40.9286],[-76.6867,40.9338],[-76.6771,40.939],[-76.6525,40.9616],[-76.6613,40.968],[-76.6821,40.965],[-76.6871,40.9628],[-76.7189,40.9571],[-76.7348,40.9544],[-76.743,40.9545],[-76.7674,40.9498],[-76.7929,40.9466],[-76.7932,40.9501]]]}},{"type":"Feature","properties":{"geoid":"4203960","name":"Boyertown Area School District"},"geometry":{"type":"Polygon","coordinates":[[[-75.745,40.3212],[-75.7228,40.3871],[-75.6627,40.3671],[-75.6279,40.4206],[-75.6012,40.4312],[-75.5622,40.412],[-75.5598,40.4097],[-75.5693,40.3979],[-75.5361,40.3818],[-75.5459,40.3707],[-75.4968,40.3444],[-75.4905,40.3508],[-75.4875,40.3473],[-75.4887,40.3428],[-75.4806,40.3419],[-75.4737,40.3389],[-75.4766,40.3371],[-75.4816,40.3363],[-75.482,40.3344],[-75.4782,40.3264],[-75.4815,40.324],[-75.4774,40.3206],[-75.4758,40.3151],[-75.4719,40.3144],[-75.5174,40.2728],[-75.5195,40.2715],[-75.5357,40.2805],[-75.5594,40.2578],[-75.5999,40.281],[-75.6055,40.2823],[-75.6177,40.2887],[-75.6169,40.2897],[-75.6201,40.2926],[-75.645,40.3053],[-75.6968,40.2419],[-75.7122,40.2472],[-75.7205,40.2485],[-75.7099,40.2813],[-75.6996,40.2992],[-75.6954,40.3107],[-75.745,40.3212]]]}},{"type":"Feature","properties":{"geoid":"4204050","name":"Brandywine Heights Area School District"},"geometry":{"type":"Polygon","coordinates":[[[-75.7956,40.419],[-75.7726,40.4414],[-75.7942,40.4542],[-75.7491,40.4705],[-75.7428,40.4754],[-75.6927,40.5264],[-75.6816,40.5284],[-75.6749,40.539],[-75.5898,40.4847],[-75.636,40.441],[-75.6275,40.4225],[-75.6288,40.4228],[-75.6279,40.4206],[-75.6437,40.3959],[-75.7043,40.4349],[-75.7295,40.4247],[-75.7593,40.4097],[-75.7968,40.4178],[-75.7956,40.419]]]}},{"type":"Feature","properties":{"geoid":"4207290","name":"Daniel Boone Area School District"},"geometry":{"type":"Polygon","coordinates":[[[-75.8443,40.2127],[-75.8198,40.2378],[-75.8086,40.2523],[-75.813,40.255],[-75.8256,40.2567],[-75.8196,40.271],[-75.8144,40.2681],[-75.8102,40.2677],[-75.8052,40.2704],[-75.7955,40.2717],[-75.7907,40.2931],[-75.7846,40.3089],[-75.78,40.3263],[-75.7773,40.3256],[-75.7769,40.327],[-75.7575,40.3239],[-75.6954,40.3107],[-75.6996,40.2992],[-75.7099,40.2813],[-75.7205,40.2485],[-75.7122,40.2472],[-75.6968,40.2419],[-75.7299,40.2245],[-75.8079,40.1777],[-75.8452,40.2118],[-75.8443,40.2127]]]}},{"type":"Feature","properties":{"geoid":"4209480","name":"Exeter Township School District"},"geometry":{"type":"Polygon","coordinates":[[[-75.8976,40.3121],[-75.8954,40.3151],[-75.892,40.3137],[-75.8667,40.3484],[-75.8443,40.3582],[-75.8302,40.3624],[-75.8198,40.3614],[-75.817,40.3586],[-75.8151,40.3551],[-75.8152,40.3521],[-75.8132,40.3495],[-75.8051,40.3434],[-75.7994,40.3353],[-75.7854,40.3275],[-75.78,40.3263],[-75.7846,40.3089],[-75.7907,40.2931],[-75.7955,40.2717],[-75.8052,40.2704],[-75.8102,40.2677],[-75.8144,40.2681],[-75.8265,40.2746],[-75.8436,40.2768],[-75.8493,40.2832],[-75.8609,40.2877],[-75.8776,40.2894],[-75.8884,40.2942],[-75.8941,40.3013],[-75.8976,40.3121]]]}},{"type":"Feature","properties":{"geoid":"4210860","name":"Governor Mifflin School District"},"geometry":{"type":"MultiPolygon","coordinates":[[[[-75.9305,40.3144],[-75.9262,40.3133],[-75.929,40.3121],[-75.9305,40.3144]]],[[[-75.9424,40.3315],[-75.9391,40.3304],[-75.9413,40.3286],[-75.9424,40.3315]]],[[[-76.0332,40.2534],[-76.0168,40.287],[-76.0065,40.2996],[-75.9889,40.3074],[-75.9818,40.313],[-75.983,40.3122],[-75.9816,40.3107],[-75.9844,40.3095],[-75.9752,40.3057],[-75.9698,40.3142],[-75.9651,40.3107],[-75.9611,40.3109],[-75.9605,40.3142],[-75.9564,40.3179],[-75.9518,40.3105],[-75.9396,40.3147],[-75.9363,40.312],[-75.9396,40.3102],[-75.9346,40.3052],[-75.9353,40.3047],[-75.9295,40.3088],[-75.9275,40.3075],[-75.9257,40.3086],[-75.924,40.3078],[-75.9246,40.303],[-75.9182,40.2974],[-75.9142,40.2966],[-75.9221,40.3056],[-75.9226,40.3078],[-75.9203,40.3112],[-75.92,40.3194],[-75.9213,40.3216],[-75.9162,40.3233],[-75.9106,40.3231],[-75.8958,40.309],[-75.8941,40.3013],[-75.8911,40.297],[-75.8961,40.2838],[-75.9439,40.2447],[-75.9343,40.2447],[-75.9198,40.2028],[-75.9434,40.1827],[-76.044,40.2472],[-76.0332,40.2534]]]]}},{"type":"Feature","properties":{"geoid":"4226700","name":"Wyalusing Area School District"},"geometry":{"type":"Polygon","coordinates":[[[-76.6852,41.5993],[-76.676,41.6022],[-76.6712,41.6066],[-76.6712,41.6107],[-76.6698,41.6131],[-76.6714,41.616],[-76.6693,41.6198],[-76.6659,41.6192],[-76.6616,41.6209],[-76.6592,41.6246],[-76.6536,41.6258],[-76.6514,41.6293],[-76.6465,41.6308],[-76.6404,41.6295],[-76.6357,41.6303],[-76.6331,41.6331],[-76.63,41.6336],[-76.6253,41.6312],[-76.6247,41.6281],[-76.623,41.6269],[-76.613,41.6307],[-76.6108,41.6298],[-76.6061,41.6326],[-76.6022,41.638],[-76.594,41.6404],[-76.5896,41.6392],[-76.5884,41.6399],[-76.5891,41.6418],[-76.586,41.6435],[-76.5783,41.6449],[-76.5733,41.6425],[-76.5701,41.6472],[-76.5643,41.6512],[-76.5608,41.6513],[-76.5546,41.655],[-76.55,41.6559],[-76.5486,41.6617],[-76.542,41.6674],[-76.537,41.6754],[-76.5377,41.6794],[-76.4934,41.6042],[-76.4218,41.6653],[-76.3917,41.6524],[-76.3279,41.6976],[-76.3303,41.706],[-76.3291,41.7086],[-76.3231,41.7147],[-76.3105,41.7211],[-76.303,41.7265],[-76.2911,41.7453],[-76.2893,41.8084],[-76.3149,41.8075],[-76.3117,41.8215],[-76.214,41.8257],[-76.2129,41.8048],[-76.2105,41.8041],[-76.1777,41.7952],[-76.1275,41.8013],[-76.1259,41.7706],[-76.1246,41.7669],[-76.122,41.7385],[-76.1142,41.6434],[-76.0987,41.6442],[-76.1095,41.638],[-76.1095,41.6351],[-76.1136,41.6354],[-76.1221,41.6112],[-76.1007,41.6051],[-76.0891,41.5975],[-76.0951,41.5862],[-76.094,41.5833],[-76.0965,41.5779],[-76.1019,41.5776],[-76.1057,41.5745],[-76.1203,41.5784],[-76.1211,41.5775],[-76.1273,41.5889],[-76.1236,41.592],[-76.1258,41.5936],[-76.1313,41.5905],[-76.1392,41.595],[-76.146,41.5888],[-76.1414,41.5944],[-76.1477,41.5958],[-76.1531,41.5935],[-76.1558,41.5962],[-76.1586,41.5924],[-76.1606,41.5943],[-76.1632,41.594],[-76.163,41.5926],[-76.1673,41.5922],[-76.1651,41.5935],[-76.1678,41.596],[-76.1659,41.5968],[-76.1681,41.5983],[-76.1769,41.5991],[-76.177,41.6019],[-76.1872,41.6045],[-76.1975,41.585],[-76.1941,41.5827],[-76.1936,41.5746],[-76.1897,41.5745],[-76.2135,41.5706],[-76.2201,41.5413],[-76.6944,41.5799],[-76.6852,41.5993]]]}},{"type":"Feature","properties":{"geoid":"4226300","name":"Wilkes-Barre Area School District"},"geometry":{"type":"Polygon","coordinates":[[[-75.9262,41.2414],[-75.921,41.2436],[-75.9146,41.2492],[-75.9065,41.2495],[-75.9019,41.2479],[-75.8967,41.2517],[-75.8946,41.2503],[-75.8927,41.2517],[-75.8937,41.2526],[-75.8903,41.2545],[-75.8866,41.2508],[-75.8792,41.2566],[-75.8781,41.2556],[-75.8712,41.2612],[-75.8654,41.2686],[-75.8704,41.2795],[-75.8699,41.2834],[-75.8418,41.2979],[-75.815,41.2876],[-75.8053,41.2934],[-75.8019,41.2933],[-75.7892,41.2988],[-75.7762,41.2946],[-75.7903,41.2807],[-75.7991,41.2841],[-75.801,41.2822],[-75.7297,41.2551],[-75.6523,41.2574],[-75.6492,41.1872],[-75.6467,41.1872],[-75.6438,41.1822],[-75.6445,41.1797],[-75.6435,41.1763],[-75.6395,41.1762],[-75.6367,41.1714],[-75.6318,41.1697],[-75.6241,41.1698],[-75.6166,41.1727],[-75.6148,41.172],[-75.6139,41.1691],[-75.6151,41.1685],[-75.6117,41.1642],[-75.604,41.1632],[-75.6007,41.1615],[-75.6008,41.16],[-75.6045,41.1561],[-75.6033,41.1519],[-75.6093,41.1501],[-75.6156,41.1507],[-75.6142,41.1452],[-75.6249,41.138],[-75.6284,41.1368],[-75.6286,41.1344],[-75.6279,41.1326],[-75.6254,41.1319],[-75.626,41.1304],[-75.6281,41.1283],[-75.6328,41.1279],[-75.6342,41.1232],[-75.6403,41.1268],[-75.649,41.1251],[-75.6494,41.1223],[-75.656,41.116],[-75.6582,41.1186],[-75.6564,41.1229],[-75.6584,41.1263],[-75.6615,41.1292],[-75.6652,41.1303],[-75.6675,41.134],[-75.6786,41.133],[-75.6849,41.13],[-75.6919,41.1312],[-75.7006,41.1273],[-75.7028,41.1226],[-75.7056,41.1215],[-75.7076,41.1227],[-75.7097,41.122],[-75.708,41.1161],[-75.7115,41.1161],[-75.7167,41.1181],[-75.721,41.1116],[-75.7237,41.1094],[-75.7293,41.1078],[-75.7326,41.1033],[-75.7392,41.1023],[-75.7474,41.1042],[-75.7536,41.1034],[-75.7547,41.1016],[-75.7534,41.0965],[-75.7554,41.0943],[-75.7618,41.0919],[-75.7635,41.0938],[-75.7668,41.0936],[-75.7683,41.1047],[-75.7598,41.1109],[-75.7599,41.1171],[-75.7524,41.1204],[-75.756,41.1203],[-75.7562,41.1243],[-75.7612,41.1207],[-75.7649,41.1196],[-75.769,41.1213],[-75.7703,41.1511],[-75.8485,41.1518],[-75.8504,41.1975],[-75.9291,41.2415],[-75.9262,41.2414]]]}},{"type":"Feature","properties":{"geoid":"4226730","name":"Wyoming Area School District"},"geometry":{"type":"Polygon","coordinates":[[[-75.8812,41.3215],[-75.8578,41.3429],[-75.8708,41.3553],[-75.8551,41.3641],[-75.8748,41.416],[-75.8787,41.4151],[-75.8671,41.4426],[-75.8698,41.4605],[-75.8623,41.4644],[-75.8595,41.4644],[-75.8541,41.462],[-75.8515,41.4588],[-75.8539,41.4444],[-75.8514,41.4366],[-75.8487,41.4339],[-75.8345,41.427],[-75.8332,41.4252],[-75.8311,41.4155],[-75.8326,41.3999],[-75.8301,41.3944],[-75.8202,41.3878],[-75.8066,41.3852],[-75.7969,41.3807],[-75.7951,41.3771],[-75.7954,41.375],[-75.804,41.3652],[-75.8074,41.3582],[-75.7957,41.344],[-75.7904,41.3297],[-75.7939,41.3236],[-75.8004,41.321],[-75.8493,41.2942],[-75.8594,41.2993],[-75.8812,41.3215]]]}},{"type":"Feature","properties":{"geoid":"4220040","name":"Reading School District"},"geometry":{"type":"Polygon","coordinates":[[[-75.9607,40.3546],[-75.9414,40.3644],[-75.9533,40.3683],[-75.948,40.3708],[-75.9472,40.3696],[-75.943,40.3709],[-75.9406,40.3676],[-75.9278,40.3674],[-75.9274,40.3688],[-75.9205,40.3712],[-75.9216,40.3673],[-75.8986,40.3669],[-75.9032,40.3559],[-75.9073,40.3511],[-75.9071,40.3457],[-75.8957,40.3456],[-75.8911,40.3427],[-75.8944,40.3403],[-75.8942,40.3363],[-75.8904,40.3339],[-75.8949,40.3292],[-75.8996,40.3294],[-75.8998,40.3229],[-75.9162,40.3233],[-75.9213,40.3216],[-75.92,40.3194],[-75.9203,40.3112],[-75.9226,40.3078],[-75.9221,40.3056],[-75.9142,40.2966],[-75.9182,40.2974],[-75.9246,40.303],[-75.924,40.3078],[-75.9257,40.3086],[-75.9275,40.3075],[-75.9295,40.3088],[-75.9353,40.3047],[-75.9346,40.3052],[-75.9396,40.3102],[-75.9363,40.312],[-75.9396,40.3147],[-75.9518,40.3105],[-75.9595,40.3224],[-75.9564,40.327],[-75.9528,40.3283],[-75.9487,40.3267],[-75.9403,40.3291],[-75.9377,40.3354],[-75.9505,40.3424],[-75.9508,40.3446],[-75.9607,40.3546]],[[-75.9309,40.3142],[-75.929,40.3121],[-75.9262,40.3133],[-75.9309,40.3142]]]}},{"type":"Feature","properties":{"geoid":"4220970","name":"Schuylkill Valley School District"},"geometry":{"type":"Polygon","coordinates":[[[-76.0656,40.4846],[-76.0482,40.4993],[-76.0145,40.5134],[-76.0015,40.5153],[-75.9975,40.5132],[-75.9921,40.5124],[-75.9878,40.5092],[-75.9882,40.5047],[-75.9838,40.5007],[-75.9749,40.4989],[-75.9723,40.497],[-75.972,40.4916],[-75.9673,40.4835],[-75.9699,40.4799],[-75.9699,40.4748],[-75.9762,40.4691],[-75.9763,40.4665],[-75.9482,40.4776],[-75.9458,40.4739],[-75.9356,40.4657],[-75.9342,40.4629],[-75.9287,40.4596],[-75.9229,40.4582],[-75.92,40.4543],[-75.9155,40.4516],[-75.9148,40.4482],[-75.9159,40.4485],[-75.9099,40.4375],[-75.899,40.4256],[-75.9456,40.4099],[-75.9554,40.41],[-75.9615,40.408],[-75.9691,40.4118],[-75.9725,40.409],[-75.9748,40.4034],[-75.9725,40.4024],[-75.9695,40.4034],[-75.9655,40.4022],[-75.9649,40.401],[-75.9735,40.3961],[-75.9728,40.3935],[-75.9699,40.391],[-75.9613,40.3887],[-75.9527,40.3834],[-75.9511,40.3801],[-75.9562,40.3726],[-75.9558,40.3712],[-75.9506,40.3667],[-75.9414,40.3644],[-75.9607,40.3546],[-75.9668,40.3571],[-75.9647,40.3604],[-75.969,40.3643],[-75.9709,40.3624],[-75.9745,40.364],[-75.9754,40.3692],[-75.9766,40.37],[-75.9843,40.3669],[-75.9919,40.3688],[-75.9947,40.3663],[-75.9979,40.3664],[-76.0061,40.3697],[-76.0076,40.3728],[-76.0105,40.3735],[-76.0151,40.3675],[-76.0178,40.3664],[-76.0201,40.367],[-76.0298,40.3749],[-76.0311,40.3814],[-76.0339,40.3836],[-76.0363,40.3835],[-76.0387,40.3793],[-76.0383,40.3761],[-76.0348,40.3713],[-76.0356,40.3698],[-76.0392,40.3699],[-76.0431,40.3732],[-76.0511,40.3854],[-76.051,40.3895],[-76.0212,40.4107],[-76.0279,40.4327],[-76.0423,40.4296],[-76.0724,40.4835],[-76.0656,40.4846]]]}},{"type":"Feature","properties":{"geoid":"4224540","name":"Upper Perkiomen School District"},"geometry":{"type":"Polygon","coordinates":[[[-75.636,40.441],[-75.5898,40.4847],[-75.4841,40.4185],[-75.4023,40.3696],[-75.413,40.3633],[-75.4135,40.3577],[-75.4316,40.3392],[-75.4425,40.3321],[-75.4475,40.3266],[-75.4544,40.3252],[-75.4582,40.321],[-75.4619,40.3211],[-75.4646,40.3181],[-75.4686,40.3199],[-75.4749,40.3146],[-75.4776,40.3189],[-75.4774,40.3206],[-75.4815,40.324],[-75.4782,40.3264],[-75.482,40.3344],[-75.4816,40.3363],[-75.4766,40.3371],[-75.4737,40.3389],[-75.4806,40.3419],[-75.4887,40.3428],[-75.4875,40.3473],[-75.4905,40.3508],[-75.4968,40.3444],[-75.5459,40.3707],[-75.5361,40.3818],[-75.5693,40.3979],[-75.5598,40.4097],[-75.5622,40.412],[-75.6012,40.4312],[-75.6279,40.4206],[-75.6288,40.4228],[-75.6275,40.4225],[-75.636,40.441]]]}},{"type":"Feature","properties":{"geoid":"4226760","name":"Wyomissing Area School District"},"geometry":{"type":"Polygon","coordinates":[[[-75.995,40.3349],[-75.9913,40.3348],[-75.9897,40.3417],[-75.9724,40.3382],[-75.9769,40.334],[-75.9746,40.3325],[-75.977,40.3326],[-75.9735,40.3303],[-75.9616,40.3373],[-75.9477,40.3406],[-75.9405,40.3379],[-75.9377,40.3354],[-75.9393,40.3309],[-75.9424,40.3315],[-75.9413,40.3286],[-75.9487,40.3267],[-75.9528,40.3283],[-75.9564,40.327],[-75.9595,40.3224],[-75.9564,40.3179],[-75.9605,40.3142],[-75.9603,40.3113],[-75.9651,40.3107],[-75.9698,40.3142],[-75.9752,40.3057],[-75.9844,40.3095],[-75.9816,40.3107],[-75.983,40.3122],[-75.9818,40.313],[-75.9887,40.3211],[-75.9777,40.3237],[-75.9829,40.3278],[-75.9865,40.3277],[-75.9902,40.3318],[-75.9946,40.3315],[-75.995,40.3349]]]}},{"type":"Feature","properties":{"geoid":"4215660","name":"Montgomery Area School District"},"geometry":{"type":"Polygon","coordinates":[[[-77.1805,41.0843],[-77.0666,41.1488],[-77.0451,41.1667],[-77.0212,41.1756],[-77.0018,41.1798],[-76.9825,41.1883],[-76.9767,41.1921],[-76.9556,41.2113],[-76.9513,41.2127],[-76.9328,41.212],[-76.9249,41.2132],[-76.9145,41.2173],[-76.8938,41.2305],[-76.8694,41.2332],[-76.8667,41.2324],[-76.8649,41.2301],[-76.8499,41.2294],[-76.8384,41.2274],[-76.8306,41.2272],[-76.8265,41.2292],[-76.8223,41.229],[-76.8193,41.2276],[-76.8108,41.2201],[-76.8027,41.2049],[-76.8036,41.1954],[-76.8097,41.1868],[-76.8236,41.1782],[-76.8574,41.171],[-76.8737,41.1641],[-76.881,41.158],[-76.8842,41.1571],[-76.8893,41.152],[-76.8961,41.1391],[-76.9602,41.1488],[-76.9779,41.0879],[-77.0682,41.0852],[-77.1138,41.069],[-77.1643,41.0687],[-77.1805,41.0843]]]}},{"type":"Feature","properties":{"geoid":"4215750","name":"Montoursville Area School District"},"geometry":{"type":"Polygon","coordinates":[[[-77.0785,41.3547],[-77.0277,41.3909],[-77.0215,41.3981],[-76.9675,41.4294],[-76.9698,41.4742],[-76.9678,41.4748],[-76.9627,41.4803],[-76.96,41.4805],[-76.9604,41.474],[-76.9462,41.4742],[-76.9461,41.4827],[-76.9254,41.4829],[-76.9253,41.489],[-76.8981,41.4886],[-76.8977,41.496],[-76.8953,41.4957],[-76.8945,41.4969],[-76.889,41.4965],[-76.8886,41.4948],[-76.8842,41.493],[-76.8741,41.4908],[-76.8638,41.4933],[-76.8572,41.4919],[-76.844,41.4957],[-76.8389,41.4951],[-76.8326,41.4968],[-76.8218,41.504],[-76.8186,41.5078],[-76.8028,41.5113],[-76.8032,41.4708],[-76.7724,41.4717],[-76.7495,41.4056],[-76.6984,41.3731],[-76.7375,41.3308],[-76.8167,41.3354],[-76.8205,41.298],[-76.8246,41.2812],[-76.832,41.2765],[-76.833,41.268],[-76.8355,41.2623],[-76.8393,41.2592],[-76.8409,41.2466],[-76.8471,41.2469],[-76.8499,41.2294],[-76.8649,41.2301],[-76.8667,41.2324],[-76.8694,41.2332],[-76.9068,41.2296],[-76.9148,41.2345],[-76.9268,41.2318],[-76.937,41.2317],[-76.9409,41.2329],[-76.9434,41.2345],[-76.9374,41.2413],[-76.9336,41.2434],[-76.9354,41.2481],[-76.936,41.2611],[-76.9328,41.2608],[-76.9228,41.2663],[-76.9182,41.2782],[-76.9147,41.2813],[-76.9161,41.2868],[-76.915,41.2948],[-76.9127,41.2966],[-76.9965,41.2973],[-76.9999,41.3116],[-76.9959,41.3273],[-76.9935,41.3486],[-77.0785,41.3547]]]}},{"type":"Feature","properties":{"geoid":"4222370","name":"Southern Tioga School District"},"geometry":{"type":"Polygon","coordinates":[[[-77.4578,41.631],[-77.297,41.6327],[-77.2964,41.6125],[-77.2322,41.6133],[-77.2326,41.6423],[-77.2155,41.6425],[-77.2163,41.662],[-77.1902,41.6626],[-77.191,41.682],[-77.1769,41.6823],[-77.1796,41.8559],[-77.0453,41.856],[-77.0483,41.9134],[-76.9142,41.9149],[-76.8991,41.8081],[-76.8986,41.7945],[-76.8835,41.6663],[-77.016,41.6631],[-77.0179,41.6401],[-77.0106,41.5498],[-77.008,41.5499],[-77.0398,41.5011],[-77.0825,41.4554],[-77.1285,41.3417],[-77.1934,41.342],[-77.1932,41.3556],[-77.26,41.3561],[-77.2605,41.385],[-77.2925,41.3852],[-77.2923,41.3998],[-77.2612,41.3999],[-77.2613,41.4148],[-77.2348,41.4155],[-77.2348,41.4169],[-77.2292,41.4169],[-77.2288,41.4591],[-77.1943,41.459],[-77.1931,41.5458],[-77.2948,41.5441],[-77.4548,41.5436],[-77.4578,41.631]]]}},{"type":"Feature","properties":{"geoid":"4226460","name":"Williamsport Area School District"},"geometry":{"type":"Polygon","coordinates":[[[-77.1943,41.2497],[-77.1849,41.2505],[-77.1801,41.2531],[-77.1393,41.2666],[-77.1239,41.2691],[-77.1285,41.2694],[-77.1316,41.2719],[-77.1276,41.2758],[-77.1292,41.2798],[-77.1286,41.2818],[-77.131,41.2853],[-77.1314,41.2913],[-77.1399,41.2925],[-77.1432,41.2952],[-77.143,41.2993],[-77.1396,41.3047],[-77.1461,41.3113],[-77.1463,41.3201],[-77.1672,41.3418],[-77.1285,41.3417],[-77.0825,41.4554],[-76.9945,41.4619],[-76.9945,41.466],[-76.9778,41.4635],[-76.9768,41.4651],[-76.9789,41.4691],[-76.9732,41.4711],[-76.9698,41.4742],[-76.9675,41.4294],[-77.0215,41.3981],[-77.0277,41.3909],[-77.0785,41.3547],[-76.9935,41.3486],[-76.9959,41.3273],[-76.9999,41.3116],[-76.9965,41.2973],[-77.0547,41.2972],[-77.0517,41.2937],[-77.0518,41.2911],[-77.0625,41.2814],[-77.0631,41.2784],[-77.0504,41.2682],[-77.043,41.2672],[-77.0407,41.2647],[-77.0397,41.2572],[-77.0422,41.2512],[-77.0467,41.2461],[-77.0239,41.2474],[-77.0246,41.254],[-77.026,41.2539],[-77.0264,41.258],[-77.0256,41.2592],[-77.0215,41.2589],[-77.0198,41.2613],[-76.988,41.2619],[-76.9884,41.2637],[-76.9856,41.2643],[-76.9857,41.262],[-76.9826,41.2617],[-76.9819,41.2447],[-77.0157,41.2296],[-77.0246,41.2281],[-77.0372,41.2285],[-77.0539,41.2223],[-77.0663,41.2196],[-77.0785,41.2188],[-77.0874,41.2199],[-77.1303,41.2291],[-77.1365,41.2292],[-77.1485,41.2225],[-77.1588,41.2087],[-77.1624,41.2016],[-77.1649,41.1992],[-77.1716,41.1962],[-77.1839,41.2144],[-77.1835,41.2159],[-77.1856,41.2205],[-77.182,41.2241],[-77.1854,41.2267],[-77.186,41.2302],[-77.1848,41.2343],[-77.1901,41.2386],[-77.1902,41.2424],[-77.1943,41.2497]]]}},{"type":"Feature","properties":{"geoid":"4203000","name":"Bangor Area School District"},"geometry":{"type":"Polygon","coordinates":[[[-75.2442,40.8942],[-75.2325,40.8998],[-75.2411,40.9094],[-75.2218,40.9196],[-75.2182,40.9279],[-75.1955,40.9363],[-75.1875,40.9371],[-75.1781,40.9403],[-75.1768,40.9455],[-75.1695,40.948],[-75.1529,40.9493],[-75.1451,40.9516],[-75.1292,40.9589],[-75.1202,40.9687],[-75.1195,40.9663],[-75.1207,40.9625],[-75.1178,40.953],[-75.1117,40.9481],[-75.1062,40.9397],[-75.1055,40.9363],[-75.0955,40.9242],[-75.0793,40.9139],[-75.0761,40.907],[-75.0753,40.8942],[-75.0537,40.8737],[-75.0515,40.8702],[-75.051,40.8657],[-75.0516,40.864],[-75.0589,40.8604],[-75.0639,40.8554],[-75.0635,40.8495],[-75.066,40.8476],[-75.0708,40.8474],[-75.0767,40.8499],[-75.091,40.8492],[-75.0958,40.8471],[-75.0976,40.843],[-75.097,40.8393],[-75.0855,40.8301],[-75.0838,40.8278],[-75.0839,40.8245],[-75.0905,40.8159],[-75.0961,40.8122],[-75.1003,40.8076],[-75.1008,40.7998],[-75.1085,40.7911],[-75.1231,40.7867],[-75.1333,40.7741],[-75.1413,40.7739],[-75.1411,40.7759],[-75.1426,40.7762],[-75.142,40.7792],[-75.1454,40.7867],[-75.1506,40.785],[-75.1538,40.7854],[-75.1591,40.7886],[-75.1665,40.7867],[-75.169,40.7886],[-75.1691,40.7903],[-75.1646,40.7973],[-75.1696,40.8002],[-75.1681,40.8021],[-75.174,40.8003],[-75.1757,40.803],[-75.1815,40.8025],[-75.1918,40.7974],[-75.1923,40.7932],[-75.1891,40.7916],[-75.1917,40.7842],[-75.192,40.7775],[-75.175,40.7738],[-75.1775,40.7642],[-75.1816,40.7603],[-75.1833,40.7626],[-75.1875,40.7615],[-75.1946,40.7639],[-75.1971,40.7631],[-75.1904,40.7564],[-75.1953,40.7527],[-75.218,40.7694],[-75.2281,40.8225],[-75.2442,40.8942]]]}},{"type":"Feature","properties":{"geoid":"4211730","name":"Saucon Valley School District"},"geometry":{"type":"Polygon","coordinates":[[[-75.4044,40.5812],[-75.3913,40.5966],[-75.3906,40.6007],[-75.3675,40.6007],[-75.3631,40.5928],[-75.3617,40.5853],[-75.3643,40.585],[-75.3637,40.5802],[-75.3588,40.578],[-75.345,40.579],[-75.3441,40.5823],[-75.3482,40.5858],[-75.3442,40.588],[-75.3436,40.5964],[-75.3404,40.5962],[-75.3401,40.5932],[-75.3308,40.5938],[-75.3195,40.6014],[-75.303,40.6062],[-75.3034,40.6173],[-75.3061,40.6169],[-75.3057,40.6151],[-75.3075,40.6148],[-75.3089,40.6161],[-75.312,40.6163],[-75.3112,40.6197],[-75.3123,40.6201],[-75.3263,40.6164],[-75.3276,40.6223],[-75.334,40.6222],[-75.3326,40.631],[-75.3304,40.6332],[-75.3267,40.6336],[-75.3108,40.6304],[-75.3018,40.6347],[-75.2948,40.6401],[-75.2741,40.6418],[-75.2689,40.6443],[-75.2664,40.5969],[-75.2565,40.5827],[-75.2935,40.562],[-75.333,40.5368],[-75.4044,40.5812]]]}},{"type":"Feature","properties":{"geoid":"4226550","name":"Wilson Area School District"},"geometry":{"type":"MultiPolygon","coordinates":[[[[-75.2524,40.6871],[-75.2489,40.6878],[-75.2434,40.6939],[-75.2429,40.6915],[-75.2391,40.6924],[-75.2385,40.6981],[-75.2334,40.7024],[-75.2307,40.6782],[-75.2394,40.6648],[-75.24,40.6672],[-75.2465,40.6704],[-75.2475,40.681],[-75.2524,40.6871]]],[[[-75.2689,40.6443],[-75.2508,40.6513],[-75.2373,40.6629],[-75.2368,40.6662],[-75.2318,40.6728],[-75.2312,40.671],[-75.2274,40.6728],[-75.2219,40.6733],[-75.2216,40.6715],[-75.2167,40.6718],[-75.2154,40.674],[-75.2119,40.6742],[-75.2115,40.6724],[-75.2091,40.6724],[-75.2095,40.6745],[-75.1993,40.6754],[-75.1994,40.6765],[-75.1945,40.6793],[-75.1944,40.6767],[-75.197,40.6758],[-75.1941,40.6756],[-75.1902,40.6794],[-75.1845,40.68],[-75.1776,40.6777],[-75.1768,40.6757],[-75.1775,40.6726],[-75.1828,40.666],[-75.1909,40.6619],[-75.2005,40.6492],[-75.2005,40.6469],[-75.1954,40.6431],[-75.1907,40.6359],[-75.1886,40.6246],[-75.1907,40.62],[-75.1979,40.6193],[-75.2018,40.6172],[-75.2013,40.6146],[-75.1968,40.6086],[-75.2565,40.5827],[-75.2664,40.5969],[-75.2689,40.6443]]]]}},{"type":"Feature","properties":{"geoid":"4218210","name":"Oswayo Valley School District"},"geometry":{"type":"Polygon","coordinates":[[[-78.3067,41.9819],[-78.3071,41.9865],[-78.3048,41.9887],[-78.3071,41.9994],[-78.1247,42.0005],[-77.9628,41.9987],[-77.9632,41.9135],[-78.0898,41.9133],[-78.0916,41.8167],[-78.1467,41.8175],[-78.1496,41.9133],[-78.2062,41.913],[-78.2065,41.885],[-78.2139,41.8859],[-78.2173,41.8887],[-78.2215,41.8891],[-78.2233,41.8908],[-78.2216,41.8972],[-78.232,41.8997],[-78.2376,41.9054],[-78.2525,41.9102],[-78.2561,41.9192],[-78.2625,41.9266],[-78.2683,41.9281],[-78.272,41.9332],[-78.2774,41.9343],[-78.2817,41.9394],[-78.2953,41.945],[-78.2964,41.9485],[-78.2951,41.9535],[-78.2982,41.9591],[-78.2956,41.962],[-78.2955,41.9642],[-78.3086,41.9779],[-78.3067,41.9819]]]}},{"type":"Feature","properties":{"geoid":"4206390","name":"Commodore Perry School District"},"geometry":{"type":"Polygon","coordinates":[[[-80.326,41.4843],[-80.1254,41.4804],[-80.1256,41.4863],[-80.1013,41.487],[-80.1014,41.4301],[-80.1798,41.4292],[-80.1786,41.3696],[-80.3209,41.3658],[-80.326,41.4843]]]}},{"type":"Feature","properties":{"geoid":"4211160","name":"Greenville Area School District"},"geometry":{"type":"Polygon","coordinates":[[[-80.4059,41.4017],[-80.4042,41.4018],[-80.4029,41.4069],[-80.3988,41.408],[-80.3989,41.4109],[-80.3945,41.4092],[-80.3934,41.4105],[-80.3956,41.4155],[-80.3952,41.4181],[-80.3991,41.4213],[-80.38,41.4214],[-80.3809,41.4438],[-80.3801,41.4859],[-80.326,41.4843],[-80.3208,41.3636],[-80.3984,41.3616],[-80.398,41.3679],[-80.3992,41.3706],[-80.3975,41.3743],[-80.396,41.3741],[-80.3947,41.3791],[-80.3917,41.3825],[-80.3942,41.386],[-80.3907,41.3903],[-80.391,41.3928],[-80.392,41.3948],[-80.3954,41.3932],[-80.3964,41.3984],[-80.399,41.3989],[-80.3957,41.3995],[-80.3977,41.4006],[-80.4059,41.4006],[-80.4059,41.4017]]]}},{"type":"Feature","properties":{"geoid":"4203330","name":"Bensalem Township School District"},"geometry":{"type":"Polygon","coordinates":[[[-74.9923,40.1307],[-74.9936,40.1323],[-74.9709,40.1558],[-74.9575,40.148],[-74.9579,40.1461],[-74.9492,40.1462],[-74.9434,40.1481],[-74.9343,40.1533],[-74.9282,40.1529],[-74.914,40.1422],[-74.9096,40.1416],[-74.9052,40.1389],[-74.8982,40.1312],[-74.9001,40.1289],[-74.9028,40.1196],[-74.9054,40.117],[-74.9026,40.1041],[-74.9059,40.0999],[-74.9127,40.097],[-74.915,40.0886],[-74.9097,40.0827],[-74.9091,40.0702],[-74.9209,40.0714],[-74.9326,40.0688],[-74.9669,40.0527],[-74.9737,40.0482],[-74.9797,40.0534],[-74.9839,40.055],[-74.9843,40.0558],[-74.9804,40.0603],[-74.9809,40.066],[-74.9724,40.0722],[-74.9711,40.076],[-74.9636,40.0771],[-74.9588,40.0825],[-74.9558,40.0951],[-74.9616,40.0978],[-74.9612,40.1034],[-74.9652,40.1078],[-74.9634,40.11],[-74.9631,40.115],[-74.9645,40.1184],[-74.9701,40.1172],[-74.9732,40.1199],[-74.9827,40.1209],[-74.9822,40.1221],[-74.9835,40.1237],[-74.9872,40.1233],[-74.989,40.1261],[-74.9937,40.1266],[-74.9923,40.1307]]]}},{"type":"Feature","properties":{"geoid":"4205190","name":"Centennial School District"},"geometry":{"type":"Polygon","coordinates":[[[-75.1378,40.2109],[-75.111,40.2378],[-74.9988,40.1715],[-75.009,40.1666],[-75.0293,40.1465],[-75.1378,40.2109]]]}},{"type":"Feature","properties":{"geoid":"4205310","name":"Central Bucks School District"},"geometry":{"type":"Polygon","coordinates":[[[-75.2606,40.2901],[-75.2364,40.3137],[-75.2323,40.3115],[-75.1814,40.3594],[-75.1888,40.3633],[-75.1882,40.3643],[-75.1624,40.3897],[-75.1601,40.389],[-75.1493,40.3983],[-75.15,40.4],[-75.1346,40.4127],[-75.1352,40.4147],[-75.1166,40.4337],[-75.1095,40.4321],[-75.1063,40.4352],[-75.1013,40.4365],[-75.0961,40.4344],[-75.0946,40.435],[-75.0947,40.4368],[-75.0992,40.4393],[-75.0976,40.4409],[-75.0918,40.4374],[-75.0863,40.4415],[-75.0839,40.442],[-75.08,40.4355],[-75.0758,40.4343],[-75.072,40.4273],[-75.0666,40.4231],[-75.0607,40.4214],[-75.0588,40.4181],[-75.0557,40.4164],[-75.0462,40.414],[-75.0412,40.4106],[-75.0579,40.3975],[-75.0565,40.3951],[-75.0639,40.3876],[-75.0676,40.39],[-75.0806,40.3783],[-74.9887,40.3222],[-74.986,40.3237],[-74.982,40.3213],[-74.981,40.3192],[-75.0409,40.2608],[-75.0339,40.2556],[-75.0363,40.2538],[-75.0361,40.251],[-75.0345,40.2495],[-75.0351,40.2482],[-75.0393,40.2478],[-75.0432,40.2439],[-75.0458,40.2432],[-75.048,40.2448],[-75.0509,40.2433],[-75.0511,40.2388],[-75.0544,40.24],[-75.0678,40.2273],[-75.0632,40.2247],[-75.0727,40.2152],[-75.111,40.2378],[-75.1378,40.2109],[-75.2573,40.2825],[-75.2593,40.2866],[-75.2585,40.2888],[-75.2606,40.2901]]]}},{"type":"Feature","properties":{"geoid":"4216860","name":"New Hope-Solebury School District"},"geometry":{"type":"Polygon","coordinates":[[[-75.0806,40.3783],[-75.0676,40.39],[-75.0639,40.3876],[-75.0565,40.3951],[-75.0579,40.3975],[-75.0412,40.4106],[-75.0344,40.4061],[-75.0248,40.4035],[-75.0038,40.4076],[-74.9964,40.4105],[-74.9889,40.4088],[-74.9827,40.4044],[-74.9681,40.3991],[-74.964,40.3952],[-74.9487,40.3648],[-74.9438,40.3426],[-74.9397,40.338],[-74.9269,40.3295],[-74.981,40.3192],[-74.982,40.3213],[-74.986,40.3237],[-74.9887,40.3222],[-75.0806,40.3783]]]}},{"type":"Feature","properties":{"geoid":"4211220","name":"Grove City Area School District"},"geometry":{"type":"Polygon","coordinates":[[[-80.2579,41.1173],[-80.2579,41.1281],[-80.2562,41.1281],[-80.2579,41.1808],[-80.2354,41.1815],[-80.2243,41.1834],[-80.1909,41.184],[-80.1905,41.1742],[-80.1672,41.1762],[-80.1464,41.1759],[-80.1465,41.1774],[-80.1315,41.1773],[-80.1245,41.1962],[-80.1258,41.1989],[-80.1249,41.2065],[-80.1231,41.2064],[-80.1159,41.2366],[-79.9998,41.2387],[-79.9998,41.1719],[-80.0471,41.1206],[-80.0969,41.0698],[-80.1473,41.1139],[-80.2579,41.1173]]]}},{"type":"Feature","properties":{"geoid":"4215120","name":"Mercer Area School District"},"geometry":{"type":"Polygon","coordinates":[[[-80.3875,41.2936],[-80.3748,41.2897],[-80.3748,41.2909],[-80.3669,41.2894],[-80.3638,41.2853],[-80.3585,41.2879],[-80.3563,41.2868],[-80.3551,41.2878],[-80.3528,41.2858],[-80.3488,41.286],[-80.3462,41.2877],[-80.3455,41.2849],[-80.3429,41.2847],[-80.3408,41.2858],[-80.3373,41.2851],[-80.3372,41.2874],[-80.3247,41.2877],[-80.3253,41.2944],[-80.3092,41.2942],[-80.3092,41.2952],[-80.2988,41.296],[-80.2599,41.2971],[-80.26,41.3032],[-80.2437,41.3031],[-80.244,41.3064],[-80.2381,41.3066],[-80.2377,41.3031],[-80.1814,41.3033],[-80.1822,41.2356],[-80.1159,41.2366],[-80.1231,41.2064],[-80.1249,41.2065],[-80.1258,41.1989],[-80.1245,41.1962],[-80.1315,41.1773],[-80.1465,41.1774],[-80.1464,41.1759],[-80.1672,41.1762],[-80.1905,41.1742],[-80.1909,41.184],[-80.2243,41.1834],[-80.2354,41.1815],[-80.2579,41.1808],[-80.2571,41.1572],[-80.3125,41.1558],[-80.3134,41.1585],[-80.3099,41.1606],[-80.3153,41.1704],[-80.3105,41.1746],[-80.309,41.1806],[-80.3108,41.186],[-80.3144,41.191],[-80.3145,41.1933],[-80.3162,41.1945],[-80.3198,41.2083],[-80.3186,41.2135],[-80.3202,41.2157],[-80.3182,41.2187],[-80.319,41.2194],[-80.3173,41.2221],[-80.3173,41.2268],[-80.3151,41.2313],[-80.3185,41.2362],[-80.3862,41.2353],[-80.3875,41.2936]]]}},{"type":"Feature","properties":{"geoid":"4221330","name":"Sharon City School District"},"geometry":{"type":"Polygon","coordinates":[[[-80.5189,41.2279],[-80.5188,41.2431],[-80.513,41.2428],[-80.5106,41.2457],[-80.5084,41.2448],[-80.5085,41.2477],[-80.503,41.2555],[-80.5003,41.2542],[-80.5007,41.2533],[-80.4966,41.252],[-80.4966,41.2495],[-80.4925,41.2491],[-80.4923,41.2449],[-80.49,41.245],[-80.49,41.2468],[-80.4876,41.2468],[-80.4875,41.2425],[-80.4755,41.2424],[-80.4755,41.2392],[-80.4801,41.2391],[-80.4814,41.2296],[-80.483,41.2287],[-80.4828,41.2212],[-80.487,41.2211],[-80.4869,41.2161],[-80.4934,41.2198],[-80.4933,41.2148],[-80.4968,41.2145],[-80.4969,41.221],[-80.5066,41.2208],[-80.5079,41.2177],[-80.5086,41.2208],[-80.5175,41.2207],[-80.5189,41.2194],[-80.5189,41.2279]]]}},{"type":"Feature","properties":{"geoid":"4215290","name":"Mifflin County School District"},"geometry":{"type":"Polygon","coordinates":[[[-77.8387,40.5545],[-77.821,40.5796],[-77.8194,40.5801],[-77.7991,40.6023],[-77.7725,40.6259],[-77.7516,40.6323],[-77.7204,40.6546],[-77.7207,40.658],[-77.7108,40.662],[-77.6871,40.6767],[-77.6827,40.6827],[-77.6823,40.6851],[-77.7038,40.6799],[-77.7084,40.6905],[-77.7005,40.6949],[-77.6992,40.6981],[-77.7012,40.705],[-77.6766,40.7165],[-77.6813,40.7298],[-77.662,40.7377],[-77.6526,40.7449],[-77.5934,40.7612],[-77.4296,40.8275],[-77.3747,40.8453],[-77.3642,40.8469],[-77.3571,40.8445],[-77.3541,40.7017],[-77.2879,40.6936],[-77.3231,40.6831],[-77.3841,40.6616],[-77.4425,40.6371],[-77.4808,40.6195],[-77.4937,40.6123],[-77.4978,40.6095],[-77.4975,40.5817],[-77.5127,40.5731],[-77.5156,40.5696],[-77.5263,40.563],[-77.574,40.5378],[-77.6125,40.5142],[-77.6125,40.4909],[-77.6342,40.4773],[-77.7219,40.4085],[-77.7929,40.4691],[-77.8259,40.4928],[-77.816,40.4998],[-77.8418,40.55],[-77.8387,40.5545]]]}},{"type":"Feature","properties":{"geoid":"4202400","name":"Wissahickon School District"},"geometry":{"type":"Polygon","coordinates":[[[-75.3269,40.1597],[-75.2932,40.1931],[-75.2793,40.1857],[-75.2455,40.2187],[-75.1955,40.1882],[-75.2187,40.1654],[-75.2144,40.1591],[-75.2131,40.1521],[-75.2206,40.1454],[-75.226,40.1486],[-75.2283,40.1535],[-75.2266,40.1549],[-75.2274,40.1566],[-75.2604,40.122],[-75.3269,40.1597]]]}},{"type":"Feature","properties":{"geoid":"4204090","name":"Bryn Athyn School District"},"geometry":{"type":"Polygon","coordinates":[[[-75.0939,40.1557],[-75.0857,40.1578],[-75.0816,40.1553],[-75.0767,40.1601],[-75.0724,40.1575],[-75.0745,40.1519],[-75.0735,40.1524],[-75.0682,40.1492],[-75.0694,40.148],[-75.0713,40.1492],[-75.0728,40.1478],[-75.068,40.1447],[-75.0686,40.1435],[-75.0663,40.1422],[-75.0671,40.1414],[-75.0612,40.1391],[-75.0606,40.1429],[-75.0567,40.1434],[-75.0543,40.1422],[-75.0513,40.1451],[-75.0472,40.1426],[-75.0539,40.136],[-75.0455,40.1312],[-75.0499,40.1312],[-75.0484,40.1302],[-75.0547,40.1252],[-75.0619,40.1308],[-75.0658,40.1288],[-75.0649,40.1265],[-75.0671,40.1284],[-75.0704,40.1263],[-75.0722,40.128],[-75.0703,40.1336],[-75.0747,40.1358],[-75.0742,40.1396],[-75.0773,40.1418],[-75.0759,40.1438],[-75.0767,40.1459],[-75.0824,40.1444],[-75.0843,40.1471],[-75.0809,40.1504],[-75.0852,40.1538],[-75.087,40.1521],[-75.0899,40.1551],[-75.0923,40.153],[-75.0939,40.1557]]]}},{"type":"Feature","properties":{"geoid":"4211610","name":"Hatboro-Horsham School District"},"geometry":{"type":"MultiPolygon","coordinates":[[[[-75.123,40.1713],[-75.1175,40.1737],[-75.1161,40.1732],[-75.1126,40.1773],[-75.1108,40.1853],[-75.1049,40.1911],[-75.0902,40.1825],[-75.1057,40.1652],[-75.1078,40.1644],[-75.1103,40.1669],[-75.1193,40.1692],[-75.123,40.1713]]],[[[-75.2268,40.2074],[-75.2089,40.2258],[-75.2055,40.2238],[-75.1876,40.2415],[-75.1069,40.1923],[-75.1432,40.1569],[-75.2268,40.2074]]]]}},{"type":"Feature","properties":{"geoid":"4209750","name":"Ferndale Area School District"},"geometry":{"type":"MultiPolygon","coordinates":[[[[-78.9053,40.2939],[-78.9008,40.2955],[-78.9026,40.296],[-78.9007,40.2968],[-78.8995,40.2993],[-78.8932,40.3015],[-78.89,40.2994],[-78.891,40.2985],[-78.8897,40.2972],[-78.8914,40.2919],[-78.9053,40.2939]]],[[[-78.9128,40.3202],[-78.907,40.3154],[-78.9009,40.3135],[-78.901,40.3088],[-78.9053,40.3061],[-78.9066,40.3125],[-78.9128,40.3202]]],[[[-78.9293,40.2926],[-78.9285,40.2937],[-78.9211,40.2916],[-78.9204,40.2957],[-78.9174,40.2922],[-78.9123,40.2899],[-78.9101,40.2872],[-78.9103,40.2837],[-78.9115,40.2822],[-78.9149,40.2823],[-78.9223,40.2869],[-78.9244,40.2868],[-78.9231,40.2891],[-78.9242,40.2904],[-78.9297,40.2916],[-78.9293,40.2926]]],[[[-78.9322,40.3459],[-78.9265,40.3484],[-78.9288,40.3552],[-78.9292,40.3686],[-78.8929,40.3934],[-78.8648,40.3925],[-78.8757,40.3887],[-78.8805,40.3858],[-78.8869,40.3763],[-78.8862,40.3736],[-78.8882,40.371],[-78.8906,40.3713],[-78.8916,40.3691],[-78.8999,40.364],[-78.9032,40.3604],[-78.9056,40.3616],[-78.9095,40.3563],[-78.9077,40.3538],[-78.9106,40.3462],[-78.9163,40.3446],[-78.9283,40.3441],[-78.9322,40.3459]]],[[[-78.9429,40.335],[-78.942,40.337],[-78.9362,40.3376],[-78.9306,40.3306],[-78.937,40.3284],[-78.9429,40.335]]]]}},{"type":"Feature","properties":{"geoid":"4210830","name":"Glendale School District"},"geometry":{"type":"Polygon","coordinates":[[[-78.5954,40.7449],[-78.5744,40.7604],[-78.5897,40.7729],[-78.5659,40.7856],[-78.5114,40.8253],[-78.4994,40.8144],[-78.5101,40.807],[-78.509,40.806],[-78.5142,40.8023],[-78.5175,40.8035],[-78.5184,40.8013],[-78.5191,40.7977],[-78.507,40.7933],[-78.5079,40.7916],[-78.5034,40.7919],[-78.5033,40.794],[-78.4951,40.7866],[-78.4835,40.7919],[-78.4861,40.7954],[-78.4829,40.8037],[-78.4749,40.7958],[-78.4764,40.7952],[-78.4752,40.7936],[-78.4766,40.7921],[-78.4314,40.7918],[-78.4317,40.7873],[-78.4392,40.7803],[-78.4389,40.7773],[-78.4405,40.7733],[-78.4431,40.7726],[-78.4477,40.7687],[-78.4451,40.7633],[-78.4472,40.7587],[-78.4461,40.757],[-78.4473,40.7551],[-78.446,40.7543],[-78.4467,40.7496],[-78.4474,40.7501],[-78.4491,40.7477],[-78.4414,40.7441],[-78.4393,40.7418],[-78.4358,40.7411],[-78.4358,40.7388],[-78.4342,40.737],[-78.4347,40.7308],[-78.4313,40.7254],[-78.3487,40.7234],[-78.4088,40.6444],[-78.4235,40.6475],[-78.4289,40.6468],[-78.4325,40.6478],[-78.4369,40.6467],[-78.4421,40.6411],[-78.4404,40.6392],[-78.4407,40.6365],[-78.5344,40.6391],[-78.5771,40.6386],[-78.578,40.7253],[-78.5891,40.7249],[-78.5942,40.7296],[-78.5848,40.736],[-78.5954,40.7449]]]}},{"type":"Feature","properties":{"geoid":"4210950","name":"Greater Johnstown School District"},"geometry":{"type":"Polygon","coordinates":[[[-79.0363,40.3146],[-79.0317,40.3176],[-79.0312,40.3208],[-79.0234,40.3287],[-79.02,40.3356],[-79.0154,40.3392],[-79.0099,40.3405],[-79.0099,40.343],[-79.0061,40.3512],[-78.9982,40.3562],[-78.9742,40.3946],[-78.8929,40.3934],[-78.9292,40.3686],[-78.9288,40.3552],[-78.9265,40.3484],[-78.9322,40.3459],[-78.9283,40.3441],[-78.9163,40.3446],[-78.9106,40.3462],[-78.9077,40.3538],[-78.9095,40.3563],[-78.9056,40.3616],[-78.9024,40.3599],[-78.9042,40.3575],[-78.904,40.3526],[-78.9069,40.3508],[-78.9055,40.3456],[-78.9094,40.341],[-78.9137,40.3408],[-78.9164,40.3426],[-78.9165,40.3379],[-78.914,40.339],[-78.9089,40.336],[-78.9069,40.3373],[-78.8928,40.3398],[-78.8969,40.3343],[-78.9031,40.3318],[-78.904,40.3273],[-78.913,40.3226],[-78.9027,40.3163],[-78.8978,40.3172],[-78.896,40.3207],[-78.8766,40.3189],[-78.8592,40.3124],[-78.8708,40.3023],[-78.8787,40.2978],[-78.8829,40.2931],[-78.8828,40.2906],[-78.8838,40.2899],[-78.8852,40.291],[-78.9041,40.2753],[-78.9256,40.279],[-78.9277,40.2831],[-78.9258,40.2863],[-78.9223,40.2869],[-78.9149,40.2823],[-78.9115,40.2822],[-78.9101,40.2872],[-78.9204,40.2957],[-78.9211,40.2916],[-78.9276,40.2933],[-78.927,40.297],[-78.9305,40.2966],[-78.9338,40.2983],[-78.9275,40.3061],[-78.9266,40.3053],[-78.9193,40.307],[-78.9159,40.3133],[-78.9186,40.3147],[-78.922,40.3143],[-78.9232,40.3179],[-78.9244,40.3175],[-78.9281,40.3239],[-78.9291,40.3286],[-78.9284,40.3319],[-78.9264,40.3319],[-78.9271,40.3353],[-78.9323,40.3327],[-78.9362,40.3376],[-78.942,40.337],[-78.9425,40.3338],[-78.9344,40.3251],[-78.9365,40.3212],[-78.9449,40.3207],[-78.9388,40.3219],[-78.9366,40.3237],[-78.9387,40.3266],[-78.9415,40.3264],[-78.9415,40.329],[-78.9469,40.325],[-78.953,40.3242],[-78.9557,40.3205],[-78.9615,40.3205],[-78.9645,40.327],[-78.974,40.3247],[-78.979,40.3198],[-79.0002,40.316],[-79.0373,40.3134],[-79.0363,40.3146]],[[-78.913,40.3199],[-78.9066,40.3125],[-78.9053,40.3061],[-78.901,40.3088],[-78.9009,40.3135],[-78.907,40.3154],[-78.913,40.3199]],[[-78.9055,40.2936],[-78.8914,40.2919],[-78.8897,40.2972],[-78.891,40.2985],[-78.89,40.2994],[-78.8932,40.3015],[-78.8995,40.2993],[-78.9007,40.2968],[-78.9026,40.296],[-78.9008,40.2955],[-78.9055,40.2936]]]}},{"type":"Feature","properties":{"geoid":"4226610","name":"Windber Area School District"},"geometry":{"type":"Polygon","coordinates":[[[-78.8838,40.2447],[-78.8806,40.2453],[-78.8798,40.2472],[-78.8692,40.249],[-78.8646,40.2445],[-78.8609,40.2452],[-78.8601,40.2429],[-78.8586,40.2425],[-78.8566,40.2431],[-78.8564,40.249],[-78.8476,40.2535],[-78.8475,40.2546],[-78.8419,40.2548],[-78.8407,40.2563],[-78.8384,40.2551],[-78.8345,40.2552],[-78.8351,40.2447],[-78.6583,40.2432],[-78.6614,40.2311],[-78.677,40.2112],[-78.7063,40.1448],[-78.7486,40.1689],[-78.7501,40.1674],[-78.7585,40.1691],[-78.7594,40.1679],[-78.7652,40.1679],[-78.7684,40.1625],[-78.7671,40.1614],[-78.772,40.1554],[-78.7762,40.1566],[-78.7805,40.1542],[-78.7813,40.1509],[-78.7855,40.1453],[-78.7942,40.1437],[-78.8008,40.1459],[-78.8006,40.147],[-78.8042,40.1484],[-78.8115,40.1495],[-78.8179,40.1483],[-78.826,40.1532],[-78.8301,40.1541],[-78.8277,40.158],[-78.8278,40.1601],[-78.8306,40.1622],[-78.8329,40.1669],[-78.8369,40.167],[-78.8398,40.1636],[-78.8456,40.1638],[-78.8485,40.1716],[-78.8548,40.1771],[-78.8528,40.1902],[-78.8539,40.2045],[-78.8558,40.2096],[-78.8605,40.2189],[-78.8687,40.2306],[-78.8838,40.2447]]]}},{"type":"Feature","properties":{"geoid":"4211700","name":"Hazleton Area School District"},"geometry":{"type":"Polygon","coordinates":[[[-76.273,40.8942],[-76.2497,40.9158],[-76.2078,40.9497],[-76.2217,41.0043],[-76.1798,41.0126],[-76.0735,41.0402],[-76.0614,41.0447],[-76.0611,41.0513],[-76.0463,41.0573],[-76.044,41.0537],[-76.0419,41.0543],[-76.0401,41.0509],[-75.9278,41.0885],[-75.9144,41.0423],[-75.8526,41.07],[-75.8525,41.0666],[-75.8156,41.0679],[-75.8106,41.0666],[-75.7908,41.0664],[-75.7903,41.0567],[-75.7888,41.0569],[-75.7886,41.0472],[-75.7718,41.0474],[-75.7718,41.0502],[-75.7703,41.0501],[-75.7655,41.044],[-75.7612,41.041],[-75.7612,41.0386],[-75.7595,41.037],[-75.7577,41.0316],[-75.7427,41.0314],[-75.7402,41.0299],[-75.7391,41.028],[-75.7385,41.0168],[-75.7322,41.0081],[-75.8012,40.9834],[-75.8192,40.9826],[-75.8485,40.9722],[-75.848,40.9664],[-75.8639,40.961],[-75.8456,40.9415],[-75.8723,40.9331],[-75.8882,40.9256],[-75.9789,40.8968],[-75.9579,40.8787],[-75.973,40.8726],[-75.9762,40.8683],[-75.9891,40.8654],[-76.0031,40.8633],[-76.0115,40.8647],[-76.0272,40.8613],[-76.0296,40.8662],[-76.0325,40.867],[-76.0303,40.8686],[-76.0349,40.8717],[-76.0925,40.8612],[-76.096,40.859],[-76.0981,40.8591],[-76.0981,40.8624],[-76.1074,40.8572],[-76.1132,40.8647],[-76.126,40.8614],[-76.1493,40.8585],[-76.1782,40.8482],[-76.1951,40.8663],[-76.1977,40.8656],[-76.1977,40.8699],[-76.202,40.873],[-76.205,40.8773],[-76.2042,40.8788],[-76.2075,40.8833],[-76.2071,40.8857],[-76.2528,40.8819],[-76.28,40.8878],[-76.273,40.8942]]]}},{"type":"Feature","properties":{"geoid":"4218450","name":"Panther Valley School District"},"geometry":{"type":"Polygon","coordinates":[[[-75.9362,40.8188],[-75.9062,40.8337],[-75.9264,40.8517],[-75.799,40.9041],[-75.7916,40.8988],[-75.7622,40.884],[-75.7653,40.8792],[-75.7593,40.8751],[-75.7407,40.8726],[-75.812,40.8452],[-75.7994,40.8245],[-75.8584,40.7988],[-75.886,40.8163],[-75.8917,40.8211],[-75.9344,40.8052],[-75.9362,40.8188]]]}},{"type":"Feature","properties":{"geoid":"4220250","name":"Richland School District"},"geometry":{"type":"Polygon","coordinates":[[[-78.9041,40.2753],[-78.8852,40.291],[-78.8838,40.2899],[-78.8828,40.2906],[-78.8829,40.2931],[-78.8787,40.2978],[-78.8708,40.3023],[-78.8133,40.3513],[-78.8124,40.322],[-78.8105,40.3108],[-78.8122,40.2965],[-78.8108,40.2675],[-78.8026,40.2443],[-78.8351,40.2447],[-78.8345,40.2552],[-78.8384,40.2551],[-78.8407,40.2563],[-78.8419,40.2548],[-78.8475,40.2546],[-78.8476,40.2535],[-78.8564,40.249],[-78.8566,40.2431],[-78.8586,40.2425],[-78.8601,40.2429],[-78.8609,40.2452],[-78.8646,40.2445],[-78.8692,40.249],[-78.8798,40.2472],[-78.8806,40.2453],[-78.8847,40.2446],[-78.8909,40.2497],[-78.894,40.2611],[-78.8967,40.2627],[-78.8972,40.2641],[-78.8945,40.268],[-78.895,40.2699],[-78.8972,40.2723],[-78.9041,40.2753]]]}},{"type":"Feature","properties":{"geoid":"4202790","name":"Avon Grove School District"},"geometry":{"type":"Polygon","coordinates":[[[-75.9219,39.766],[-75.919,39.766],[-75.9182,39.7679],[-75.9206,39.7706],[-75.9187,39.7731],[-75.9157,39.7729],[-75.9159,39.7752],[-75.9135,39.775],[-75.912,39.7762],[-75.9149,39.7771],[-75.9143,39.7784],[-75.9154,39.7796],[-75.9083,39.7862],[-75.9094,39.7864],[-75.9095,39.7899],[-75.9066,39.7904],[-75.9053,39.7923],[-75.907,39.8007],[-75.9037,39.8039],[-75.9053,39.8057],[-75.9015,39.8122],[-75.8973,39.816],[-75.8971,39.8234],[-75.8997,39.8262],[-75.9013,39.8262],[-75.9021,39.8286],[-75.9011,39.8302],[-75.9022,39.8335],[-75.8994,39.8369],[-75.9003,39.8375],[-75.9001,39.8411],[-75.9017,39.8431],[-75.8764,39.8496],[-75.8521,39.8507],[-75.8535,39.8587],[-75.848,39.8591],[-75.849,39.8665],[-75.7858,39.8717],[-75.7835,39.8551],[-75.7812,39.8553],[-75.7805,39.8493],[-75.785,39.8488],[-75.7846,39.8456],[-75.7858,39.8449],[-75.7844,39.844],[-75.7827,39.8302],[-75.7762,39.8307],[-75.7753,39.82],[-75.7809,39.8194],[-75.7757,39.7744],[-75.7608,39.7757],[-75.7594,39.7673],[-75.7545,39.7556],[-75.7661,39.7378],[-75.7738,39.7222],[-75.8419,39.7219],[-75.841,39.7233],[-75.8489,39.7269],[-75.8481,39.7305],[-75.8547,39.7329],[-75.8556,39.7387],[-75.8629,39.741],[-75.864,39.7402],[-75.8633,39.7376],[-75.8659,39.7368],[-75.8683,39.7403],[-75.8748,39.7353],[-75.8756,39.7379],[-75.8792,39.7394],[-75.8768,39.7399],[-75.8773,39.7417],[-75.8816,39.7441],[-75.8837,39.7485],[-75.888,39.7502],[-75.8869,39.7525],[-75.8934,39.7526],[-75.8967,39.7503],[-75.9029,39.753],[-75.905,39.7522],[-75.9061,39.753],[-75.9032,39.755],[-75.9064,39.7582],[-75.912,39.7601],[-75.913,39.7589],[-75.9112,39.7569],[-75.9128,39.7564],[-75.9207,39.7625],[-75.9219,39.766]]]}},{"type":"Feature","properties":{"geoid":"4206240","name":"Coatesville Area School District"},"geometry":{"type":"Polygon","coordinates":[[[-75.9456,40.0243],[-75.9359,40.0375],[-75.9343,40.0476],[-75.8847,40.053],[-75.8684,40.0582],[-75.8441,40.0568],[-75.8336,40.0733],[-75.8225,40.0821],[-75.8113,40.0793],[-75.7909,40.0618],[-75.7744,40.0632],[-75.7748,40.0486],[-75.7854,40.0478],[-75.7896,40.0224],[-75.7845,40.0228],[-75.784,40.0112],[-75.7795,40.0116],[-75.7797,40.0128],[-75.7649,40.0141],[-75.7647,40.0155],[-75.7331,40.0166],[-75.706,40.0223],[-75.7069,40.0178],[-75.7041,40.0151],[-75.7058,40.0134],[-75.7185,40.0124],[-75.7194,40.0105],[-75.7172,40.0096],[-75.7166,40.0043],[-75.7246,40.0031],[-75.7269,40.001],[-75.727,39.9988],[-75.724,39.9988],[-75.7237,39.9968],[-75.7155,39.997],[-75.7153,39.9954],[-75.7281,39.9925],[-75.7501,39.9906],[-75.7498,39.9868],[-75.7685,39.9853],[-75.7662,39.9655],[-75.7693,39.9582],[-75.7728,39.9591],[-75.7876,39.9161],[-75.7988,39.9188],[-75.8079,39.924],[-75.8138,39.9319],[-75.8239,39.9295],[-75.8265,39.9334],[-75.8316,39.9304],[-75.8345,39.9303],[-75.8359,39.9279],[-75.8468,39.9235],[-75.8465,39.9222],[-75.849,39.922],[-75.8567,39.9277],[-75.8566,39.9317],[-75.8538,39.9328],[-75.8594,39.9427],[-75.8692,39.942],[-75.8721,39.9438],[-75.8737,39.9496],[-75.8817,39.95],[-75.8906,39.9575],[-75.8904,39.9586],[-75.9064,39.9555],[-75.9078,39.9692],[-75.9203,39.9683],[-75.9202,39.9672],[-75.9257,39.963],[-75.929,39.9637],[-75.9328,39.9865],[-75.9371,39.9993],[-75.9379,40.0087],[-75.9514,40.0164],[-75.9456,40.0243]]]}},{"type":"Feature","properties":{"geoid":"4210870","name":"Great Valley School District"},"geometry":{"type":"Polygon","coordinates":[[[-75.6185,40.0561],[-75.554,40.1218],[-75.5255,40.1044],[-75.5153,40.0946],[-75.5022,40.0851],[-75.4964,40.0836],[-75.5304,40.0749],[-75.507,40.0454],[-75.4943,40.0502],[-75.4827,40.0346],[-75.4793,40.036],[-75.4488,39.9969],[-75.4538,39.9936],[-75.4431,39.9937],[-75.4408,39.9918],[-75.4377,39.9939],[-75.4368,39.993],[-75.4382,39.9907],[-75.4356,39.9888],[-75.4361,39.9849],[-75.5021,39.9544],[-75.5163,39.9727],[-75.5083,39.9764],[-75.5355,40.0101],[-75.5396,40.0189],[-75.5398,40.0221],[-75.544,40.0294],[-75.5752,40.0164],[-75.6013,40.0543],[-75.6133,40.0505],[-75.6185,40.0561]]]}},{"type":"Feature","properties":{"geoid":"4212690","name":"Kennett Consolidated School District"},"geometry":{"type":"Polygon","coordinates":[[[-75.7846,39.8456],[-75.785,39.8488],[-75.7035,39.8572],[-75.7046,39.8665],[-75.7019,39.8669],[-75.6997,39.8724],[-75.6929,39.873],[-75.6923,39.8678],[-75.6684,39.869],[-75.6688,39.8737],[-75.6641,39.8746],[-75.6645,39.8759],[-75.6532,39.8782],[-75.6397,39.8703],[-75.6348,39.8301],[-75.6628,39.8212],[-75.686,39.8111],[-75.7012,39.8026],[-75.727,39.7841],[-75.7444,39.7679],[-75.7545,39.7556],[-75.7594,39.7673],[-75.7608,39.7757],[-75.7757,39.7744],[-75.7809,39.8194],[-75.7753,39.82],[-75.7762,39.8307],[-75.7827,39.8302],[-75.7844,39.844],[-75.7858,39.8449],[-75.7846,39.8456]]]}},{"type":"Feature","properties":{"geoid":"4218270","name":"Owen J. Roberts School District"},"geometry":{"type":"Polygon","coordinates":[[[-75.821,40.1697],[-75.7299,40.2245],[-75.6968,40.2419],[-75.6885,40.2362],[-75.6856,40.2366],[-75.6712,40.2446],[-75.6649,40.2451],[-75.656,40.2412],[-75.6509,40.242],[-75.6403,40.2371],[-75.6196,40.2301],[-75.6163,40.2249],[-75.6124,40.223],[-75.6055,40.2248],[-75.6032,40.227],[-75.6037,40.2295],[-75.6075,40.2328],[-75.6069,40.2361],[-75.6014,40.2381],[-75.597,40.2368],[-75.5878,40.2144],[-75.5815,40.2071],[-75.5792,40.201],[-75.5733,40.1953],[-75.567,40.1943],[-75.5629,40.1974],[-75.5622,40.2006],[-75.5649,40.2062],[-75.5643,40.2091],[-75.5629,40.2099],[-75.5577,40.208],[-75.5474,40.1864],[-75.5574,40.1854],[-75.5563,40.1825],[-75.5581,40.1826],[-75.5578,40.18],[-75.5545,40.1799],[-75.5547,40.1753],[-75.5456,40.1701],[-75.6063,40.1082],[-75.6275,40.1208],[-75.6638,40.0824],[-75.6857,40.095],[-75.6778,40.1022],[-75.6762,40.1003],[-75.6685,40.1036],[-75.6732,40.1123],[-75.6974,40.1016],[-75.7064,40.1071],[-75.7044,40.1119],[-75.7151,40.1188],[-75.7197,40.1082],[-75.7233,40.1063],[-75.7302,40.1061],[-75.7331,40.1033],[-75.7339,40.0998],[-75.7382,40.0986],[-75.7502,40.1001],[-75.7506,40.1024],[-75.7536,40.1046],[-75.759,40.1135],[-75.7641,40.1191],[-75.7653,40.1243],[-75.7778,40.1234],[-75.7803,40.1207],[-75.7795,40.1159],[-75.7827,40.1172],[-75.8002,40.1312],[-75.8004,40.1408],[-75.821,40.1697]]]}},{"type":"Feature","properties":{"geoid":"4218300","name":"Oxford Area School District"},"geometry":{"type":"Polygon","coordinates":[[[-76.1367,39.7253],[-76.1344,39.7271],[-76.1276,39.7276],[-76.1247,39.7266],[-76.1223,39.7234],[-76.1193,39.7234],[-76.1182,39.7254],[-76.1203,39.7298],[-76.1207,39.7351],[-76.1199,39.7364],[-76.1136,39.7371],[-76.1086,39.7348],[-76.1106,39.7276],[-76.1052,39.724],[-76.1018,39.7243],[-76.0999,39.7274],[-76.0926,39.7335],[-76.0962,39.7372],[-76.1021,39.7399],[-76.1003,39.7457],[-76.0986,39.7455],[-76.0969,39.7431],[-76.093,39.7428],[-76.088,39.7449],[-76.0843,39.7483],[-76.0826,39.7531],[-76.0858,39.7559],[-76.0819,39.7614],[-76.0765,39.7618],[-76.0667,39.76],[-76.0626,39.7645],[-76.0646,39.7712],[-76.0605,39.775],[-76.0584,39.7799],[-76.0554,39.7803],[-76.0497,39.7838],[-76.0485,39.7892],[-76.0436,39.7912],[-76.0451,39.793],[-76.0413,39.7969],[-76.0435,39.7979],[-76.0457,39.801],[-76.0497,39.8024],[-76.0483,39.804],[-76.0457,39.8038],[-76.0392,39.8012],[-76.0351,39.8081],[-76.0352,39.8118],[-76.0296,39.813],[-76.0311,39.8148],[-76.0311,39.8175],[-76.0363,39.8233],[-76.0376,39.8269],[-76.0331,39.826],[-76.0302,39.824],[-76.027,39.8242],[-76.0238,39.8271],[-76.0228,39.8308],[-76.0165,39.8315],[-76.0178,39.8382],[-76.0198,39.8397],[-76.0188,39.8405],[-76.0208,39.845],[-76.021,39.8495],[-76.0225,39.8485],[-76.0228,39.8498],[-76.0188,39.8541],[-76.0076,39.8523],[-76.0059,39.8666],[-76.0041,39.8729],[-76.0017,39.8747],[-75.9975,39.8736],[-75.9984,39.872],[-75.9913,39.8687],[-75.9905,39.8709],[-75.9869,39.8735],[-75.965,39.8596],[-75.915,39.8644],[-75.9128,39.8584],[-75.9072,39.856],[-75.9057,39.8458],[-75.9012,39.8454],[-75.9017,39.8431],[-75.9001,39.8411],[-75.9003,39.8375],[-75.8994,39.8369],[-75.9022,39.8335],[-75.9011,39.8302],[-75.9021,39.8286],[-75.9013,39.8262],[-75.8997,39.8262],[-75.8966,39.8213],[-75.8978,39.8149],[-75.9015,39.8122],[-75.9053,39.8057],[-75.9037,39.8039],[-75.907,39.8007],[-75.9053,39.7923],[-75.9066,39.7904],[-75.9095,39.7899],[-75.9094,39.7864],[-75.9083,39.7862],[-75.9154,39.7796],[-75.9143,39.7784],[-75.9149,39.7771],[-75.912,39.7762],[-75.9135,39.775],[-75.9159,39.7752],[-75.9157,39.7729],[-75.9187,39.7731],[-75.9206,39.7706],[-75.9182,39.7679],[-75.919,39.766],[-75.9219,39.766],[-75.9219,39.7642],[-75.9128,39.7564],[-75.9112,39.7569],[-75.913,39.7589],[-75.912,39.7601],[-75.9064,39.7582],[-75.9032,39.755],[-75.9061,39.753],[-75.905,39.7522],[-75.9029,39.753],[-75.8967,39.7503],[-75.8934,39.7526],[-75.8869,39.7525],[-75.888,39.7502],[-75.8837,39.7485],[-75.8816,39.7441],[-75.8773,39.7417],[-75.8768,39.7399],[-75.8792,39.7394],[-75.8756,39.7379],[-75.8748,39.7353],[-75.8683,39.7403],[-75.8659,39.7368],[-75.8633,39.7376],[-75.864,39.7402],[-75.8629,39.741],[-75.8556,39.7387],[-75.8547,39.7329],[-75.8481,39.7305],[-75.8489,39.7269],[-75.841,39.7233],[-75.8419,39.7219],[-76.1356,39.7216],[-76.1367,39.7253]]]}},{"type":"Feature","properties":{"geoid":"4222560","name":"Spring-Ford Area School District"},"geometry":{"type":"Polygon","coordinates":[[[-75.5927,40.2255],[-75.5357,40.2805],[-75.4706,40.2446],[-75.4901,40.2245],[-75.4703,40.2128],[-75.4854,40.2041],[-75.4908,40.2025],[-75.496,40.1975],[-75.4604,40.1765],[-75.459,40.1778],[-75.4513,40.1733],[-75.453,40.172],[-75.461,40.1711],[-75.4633,40.1674],[-75.4544,40.1642],[-75.4562,40.1606],[-75.4558,40.1518],[-75.4545,40.1503],[-75.4487,40.1496],[-75.445,40.1467],[-75.4419,40.1371],[-75.4445,40.1306],[-75.4445,40.1256],[-75.4484,40.1214],[-75.4532,40.1194],[-75.4626,40.1196],[-75.4613,40.1243],[-75.4621,40.1253],[-75.4724,40.1293],[-75.4811,40.1268],[-75.4926,40.1261],[-75.5056,40.1326],[-75.5097,40.1371],[-75.5108,40.1405],[-75.5093,40.1456],[-75.501,40.1545],[-75.5011,40.1574],[-75.5038,40.1597],[-75.509,40.1601],[-75.5132,40.1583],[-75.5192,40.148],[-75.5243,40.1477],[-75.5268,40.1496],[-75.5278,40.1531],[-75.5266,40.1586],[-75.5292,40.1687],[-75.5318,40.1706],[-75.5338,40.1687],[-75.536,40.1694],[-75.5393,40.1684],[-75.5414,40.1662],[-75.5424,40.1681],[-75.5547,40.1753],[-75.5545,40.1799],[-75.5578,40.18],[-75.5581,40.1826],[-75.5563,40.1825],[-75.5574,40.1854],[-75.5474,40.1864],[-75.5577,40.208],[-75.5629,40.2099],[-75.5643,40.2091],[-75.5649,40.2062],[-75.5622,40.2006],[-75.5629,40.1974],[-75.567,40.1943],[-75.5733,40.1953],[-75.5797,40.2018],[-75.5815,40.2071],[-75.5878,40.2144],[-75.5927,40.2255]]]}},{"type":"Feature","properties":{"geoid":"4203240","name":"Bellefonte Area School District"},"geometry":{"type":"Polygon","coordinates":[[[-77.8928,40.8785],[-77.8754,40.8904],[-77.8131,40.9189],[-77.78,40.9284],[-77.733,40.9479],[-77.692,40.976],[-77.6682,40.9884],[-77.6459,41.0043],[-77.6243,41.0163],[-77.5802,41.0473],[-77.5143,40.9696],[-77.5599,40.9474],[-77.6223,40.9126],[-77.6306,40.9047],[-77.6349,40.8979],[-77.6448,40.8899],[-77.6726,40.8751],[-77.6949,40.86],[-77.7291,40.8338],[-77.7514,40.8232],[-77.7537,40.8263],[-77.7639,40.8326],[-77.778,40.8491],[-77.796,40.8474],[-77.8083,40.8428],[-77.8108,40.8452],[-77.8102,40.8463],[-77.8165,40.8429],[-77.8187,40.8449],[-77.8158,40.8467],[-77.82,40.8506],[-77.833,40.8414],[-77.8385,40.8476],[-77.8515,40.8404],[-77.8501,40.8393],[-77.8517,40.8381],[-77.8977,40.8753],[-77.8928,40.8785]]]}},{"type":"Feature","properties":{"geoid":"4225290","name":"West Chester Area School District"},"geometry":{"type":"Polygon","coordinates":[[[-75.6953,39.9946],[-75.6836,39.9968],[-75.6841,39.9996],[-75.6631,40.0018],[-75.6638,40.0054],[-75.6563,40.0081],[-75.6737,40.0319],[-75.6311,40.0449],[-75.6274,40.0449],[-75.6281,40.0459],[-75.6013,40.0543],[-75.5752,40.0164],[-75.544,40.0294],[-75.5398,40.0221],[-75.5396,40.0189],[-75.5355,40.0101],[-75.5083,39.9764],[-75.5163,39.9727],[-75.5021,39.9544],[-75.5079,39.9517],[-75.493,39.933],[-75.4829,39.9376],[-75.4729,39.9241],[-75.488,39.9172],[-75.4828,39.9154],[-75.4831,39.9138],[-75.4805,39.912],[-75.4806,39.9082],[-75.4769,39.908],[-75.4768,39.9062],[-75.4749,39.9062],[-75.4888,39.9003],[-75.4981,39.9125],[-75.552,39.8878],[-75.5703,39.9118],[-75.5879,39.9036],[-75.5945,39.9119],[-75.5968,39.9108],[-75.6108,39.9287],[-75.6146,39.9237],[-75.6334,39.9149],[-75.6336,39.9167],[-75.6448,39.9195],[-75.6504,39.9232],[-75.6601,39.9248],[-75.6762,39.9447],[-75.6551,39.9543],[-75.665,39.9673],[-75.673,39.9684],[-75.6829,39.976],[-75.6875,39.9819],[-75.6913,39.9909],[-75.6953,39.9946]]]}},{"type":"Feature","properties":{"geoid":"4212725","name":"Keystone Central School District"},"geometry":{"type":"Polygon","coordinates":[[[-78.0536,41.2737],[-77.9888,41.3675],[-77.9892,41.4748],[-77.8262,41.477],[-77.8268,41.5672],[-77.5999,41.5709],[-77.5973,41.4411],[-77.5847,41.4413],[-77.5805,41.4356],[-77.5752,41.4205],[-77.5687,41.4137],[-77.5644,41.4127],[-77.5504,41.3958],[-77.5422,41.3822],[-77.54,41.3681],[-77.5377,41.365],[-77.5265,41.3585],[-77.5177,41.3561],[-77.4999,41.354],[-77.477,41.339],[-77.4754,41.3377],[-77.4745,41.334],[-77.475,41.3267],[-77.4715,41.3135],[-77.4682,41.3104],[-77.4551,41.3034],[-77.4501,41.2933],[-77.4447,41.2874],[-77.4294,41.2821],[-77.4249,41.2731],[-77.4161,41.2701],[-77.4107,41.2662],[-77.399,41.2531],[-77.3701,41.2327],[-77.3627,41.2336],[-77.358,41.2306],[-77.3496,41.2289],[-77.3486,41.2231],[-77.3514,41.2202],[-77.3343,41.2205],[-77.3303,41.2195],[-77.3295,41.2207],[-77.3288,41.2195],[-77.323,41.2187],[-77.3221,41.2174],[-77.3233,41.2158],[-77.3265,41.2165],[-77.3224,41.2121],[-77.3244,41.211],[-77.3223,41.2086],[-77.3242,41.2079],[-77.3231,41.2062],[-77.3266,41.2069],[-77.3326,41.2057],[-77.3324,41.2024],[-77.3364,41.1998],[-77.336,41.1977],[-77.3393,41.1977],[-77.3368,41.196],[-77.3457,41.1952],[-77.3458,41.1897],[-77.34,41.1896],[-77.3408,41.1852],[-77.3386,41.1847],[-77.3373,41.1826],[-77.3387,41.1813],[-77.338,41.1778],[-77.336,41.1778],[-77.3334,41.1667],[-77.3355,41.1664],[-77.333,41.1638],[-77.3274,41.1639],[-77.3123,41.1702],[-77.3012,41.1703],[-77.2935,41.1663],[-77.2894,41.1658],[-77.2695,41.17],[-77.2516,41.1526],[-77.283,41.1416],[-77.2982,41.1273],[-77.3086,41.0786],[-77.1742,41.0783],[-77.1643,41.0687],[-77.1441,41.0688],[-77.1437,41.0451],[-77.3399,40.9872],[-77.3939,40.9783],[-77.4403,40.9744],[-77.5086,40.9629],[-77.5802,41.0473],[-77.6243,41.0163],[-77.6706,41.0541],[-77.7042,41.0316],[-77.73,41.0206],[-77.7513,41.0186],[-77.763,41.0353],[-77.7662,41.034],[-77.7733,41.0441],[-77.77,41.0452],[-77.7869,41.0717],[-77.8608,41.177],[-77.8977,41.1769],[-77.8983,41.2527],[-77.9138,41.2406],[-77.9218,41.2275],[-77.9236,41.2264],[-77.9363,41.226],[-77.9379,41.2248],[-77.9388,41.2198],[-77.9356,41.2149],[-77.9357,41.2117],[-77.9408,41.2094],[-77.9506,41.2138],[-77.9556,41.2174],[-77.9599,41.2177],[-77.963,41.2457],[-77.9892,41.2447],[-77.9895,41.2496],[-78.0215,41.2495],[-78.0214,41.2737],[-78.0536,41.2737]]]}},{"type":"Feature","properties":{"geoid":"4222770","name":"State College Area School District"},"geometry":{"type":"Polygon","coordinates":[[[-78.1159,40.7393],[-78.0519,40.7844],[-78.0284,40.804],[-77.9826,40.831],[-77.9584,40.8403],[-77.9323,40.8527],[-77.9229,40.8605],[-77.9148,40.8648],[-77.9083,40.8665],[-77.9049,40.8705],[-77.8977,40.8753],[-77.8517,40.8381],[-77.8501,40.8393],[-77.8515,40.8404],[-77.8385,40.8476],[-77.833,40.8414],[-77.82,40.8506],[-77.8158,40.8467],[-77.8187,40.8449],[-77.8165,40.8429],[-77.8102,40.8463],[-77.8108,40.8452],[-77.8083,40.8428],[-77.796,40.8474],[-77.778,40.8491],[-77.7639,40.8326],[-77.7537,40.8263],[-77.7256,40.7844],[-77.6955,40.7225],[-77.7105,40.7146],[-77.7187,40.7274],[-77.7685,40.7195],[-77.8249,40.7435],[-77.8943,40.7162],[-77.9442,40.6916],[-78.1159,40.7393]]]}},{"type":"Feature","properties":{"geoid":"4206060","name":"Clarion Area School District"},"geometry":{"type":"Polygon","coordinates":[[[-79.4507,41.1088],[-79.4489,41.1478],[-79.4419,41.1519],[-79.4371,41.1519],[-79.4329,41.1583],[-79.4331,41.1915],[-79.4357,41.1927],[-79.4421,41.1925],[-79.4406,41.2082],[-79.4415,41.2121],[-79.4394,41.2896],[-79.3533,41.2885],[-79.3482,41.2839],[-79.3384,41.284],[-79.3378,41.3136],[-79.3395,41.3136],[-79.3395,41.3253],[-79.3437,41.3254],[-79.3442,41.3265],[-79.3387,41.3264],[-79.3387,41.3226],[-79.3212,41.3227],[-79.3212,41.3212],[-79.3144,41.3211],[-79.3145,41.313],[-79.2827,41.3127],[-79.2713,41.2902],[-79.2863,41.2897],[-79.2919,41.2817],[-79.3021,41.2778],[-79.3089,41.2715],[-79.3085,41.2704],[-79.3033,41.2689],[-79.3024,41.2647],[-79.3073,41.2615],[-79.3129,41.2605],[-79.3164,41.2578],[-79.313,41.243],[-79.3216,41.2382],[-79.3235,41.2317],[-79.3253,41.2301],[-79.3371,41.2281],[-79.3391,41.2238],[-79.3451,41.2183],[-79.3526,41.2147],[-79.3633,41.2227],[-79.3681,41.2221],[-79.376,41.2179],[-79.3744,41.2161],[-79.3744,41.2124],[-79.3659,41.2106],[-79.368,41.2073],[-79.3636,41.2069],[-79.3641,41.2044],[-79.3667,41.2045],[-79.3675,41.1963],[-79.3711,41.1958],[-79.3769,41.2002],[-79.375,41.2016],[-79.3819,41.2016],[-79.3858,41.2034],[-79.3864,41.2055],[-79.3853,41.2061],[-79.3912,41.2097],[-79.3899,41.2116],[-79.3952,41.213],[-79.3933,41.2156],[-79.3964,41.2166],[-79.3952,41.218],[-79.3961,41.2225],[-79.3911,41.2214],[-79.3897,41.2251],[-79.398,41.2271],[-79.4,41.2266],[-79.4036,41.2228],[-79.3711,41.161],[-79.3613,41.1626],[-79.3565,41.1452],[-79.3634,41.1364],[-79.3644,41.1068],[-79.3717,41.1067],[-79.3681,41.1029],[-79.3709,41.1015],[-79.3752,41.1024],[-79.3752,41.1008],[-79.3773,41.1008],[-79.3773,41.1039],[-79.3833,41.1032],[-79.3833,41.1019],[-79.3908,41.102],[-79.3945,41.1003],[-79.4035,41.1004],[-79.4028,41.0989],[-79.4071,41.0989],[-79.407,41.0864],[-79.4514,41.081],[-79.4507,41.1088]]]}},{"type":"Feature","properties":{"geoid":"4217130","name":"North Clarion County School District"},"geometry":{"type":"Polygon","coordinates":[[[-79.4781,41.3357],[-79.4778,41.3865],[-79.4004,41.3866],[-79.3999,41.4362],[-79.3576,41.4362],[-79.3576,41.4324],[-79.2072,41.4309],[-79.2091,41.317],[-79.2158,41.3169],[-79.2288,41.32],[-79.2328,41.3176],[-79.2414,41.3161],[-79.2432,41.3141],[-79.2446,41.3067],[-79.2469,41.3047],[-79.2497,41.3042],[-79.2543,41.3074],[-79.2582,41.3083],[-79.2628,41.3046],[-79.2682,41.3035],[-79.2696,41.3015],[-79.2697,41.2914],[-79.2713,41.2902],[-79.2827,41.3127],[-79.3145,41.313],[-79.3144,41.3211],[-79.3212,41.3212],[-79.3212,41.3227],[-79.3387,41.3226],[-79.3387,41.3264],[-79.3442,41.3265],[-79.3437,41.3254],[-79.3395,41.3253],[-79.3395,41.3136],[-79.3378,41.3136],[-79.3384,41.284],[-79.3482,41.2839],[-79.3533,41.2885],[-79.4394,41.2896],[-79.4389,41.3151],[-79.4783,41.3153],[-79.4781,41.3357]]]}},{"type":"Feature","properties":{"geoid":"4224120","name":"Union School District"},"geometry":{"type":"Polygon","coordinates":[[[-79.6279,41.0359],[-79.5792,41.0735],[-79.5712,41.0949],[-79.5482,41.0964],[-79.5103,41.1164],[-79.5098,41.141],[-79.5133,41.1409],[-79.5141,41.1566],[-79.4909,41.162],[-79.4872,41.1722],[-79.4854,41.1731],[-79.4813,41.1722],[-79.478,41.1699],[-79.4725,41.1703],[-79.4618,41.1791],[-79.4516,41.1839],[-79.4441,41.1919],[-79.4394,41.193],[-79.4331,41.1915],[-79.4329,41.1583],[-79.4371,41.1519],[-79.4419,41.1519],[-79.4489,41.1478],[-79.4532,41.0097],[-79.4517,40.9817],[-79.4622,40.9831],[-79.4607,40.9861],[-79.4559,40.9882],[-79.4566,40.9911],[-79.4647,40.9903],[-79.4695,40.9935],[-79.4756,40.9949],[-79.4817,40.9941],[-79.4875,40.9955],[-79.4948,40.9862],[-79.4928,40.9809],[-79.4937,40.9779],[-79.5036,40.9764],[-79.5059,40.9777],[-79.5067,40.9831],[-79.508,40.9845],[-79.514,40.9868],[-79.5162,40.9867],[-79.5178,40.984],[-79.5147,40.979],[-79.5163,40.9771],[-79.5224,40.975],[-79.5286,40.9784],[-79.5358,40.9801],[-79.5394,40.9843],[-79.5413,40.9846],[-79.5526,40.9798],[-79.5538,40.9817],[-79.5614,40.9852],[-79.5702,40.9856],[-79.5792,40.9949],[-79.5813,40.9948],[-79.5818,40.998],[-79.588,41.0032],[-79.5954,41.0051],[-79.6083,41.0059],[-79.6098,41.0087],[-79.6092,41.0122],[-79.6026,41.0208],[-79.5993,41.0303],[-79.5994,41.0353],[-79.6014,41.037],[-79.6038,41.0372],[-79.6109,41.034],[-79.6159,41.0332],[-79.6279,41.0359]]]}},{"type":"Feature","properties":{"geoid":"4203390","name":"Benton Area School District"},"geometry":{"type":"Polygon","coordinates":[[[-76.4786,41.1936],[-76.4752,41.1956],[-76.4698,41.1964],[-76.4654,41.2002],[-76.4648,41.2049],[-76.4606,41.2106],[-76.4619,41.215],[-76.4581,41.2234],[-76.4581,41.2267],[-76.4565,41.2285],[-76.454,41.2289],[-76.4489,41.2349],[-76.4509,41.2439],[-76.4494,41.2485],[-76.4522,41.2533],[-76.4586,41.259],[-76.4608,41.2648],[-76.4079,41.3084],[-76.3103,41.3102],[-76.3202,41.2151],[-76.3192,41.2081],[-76.2774,41.1318],[-76.229,41.1385],[-76.2583,41.1279],[-76.2746,41.1244],[-76.3101,41.1134],[-76.3239,41.1064],[-76.3267,41.1033],[-76.3262,41.0996],[-76.3394,41.0969],[-76.3402,41.0954],[-76.344,41.0959],[-76.3619,41.0921],[-76.4176,41.1196],[-76.4172,41.1339],[-76.4111,41.1784],[-76.4795,41.1917],[-76.4786,41.1936]]]}},{"type":"Feature","properties":{"geoid":"4205370","name":"Central Columbia School District"},"geometry":{"type":"Polygon","coordinates":[[[-76.5189,41.0846],[-76.5107,41.0933],[-76.5025,41.0988],[-76.4585,41.1104],[-76.4176,41.1196],[-76.3619,41.0921],[-76.344,41.0959],[-76.3402,41.0954],[-76.3394,41.0969],[-76.3262,41.0996],[-76.3035,41.0379],[-76.2577,41.0396],[-76.2285,41.0536],[-76.2281,41.0519],[-76.2312,41.0503],[-76.2217,41.0046],[-76.2869,40.9923],[-76.3073,40.9856],[-76.3147,40.9854],[-76.335,40.9794],[-76.3566,41.0177],[-76.4003,41.0064],[-76.4281,40.9965],[-76.451,41.0248],[-76.4564,41.0223],[-76.4601,41.0246],[-76.469,41.0249],[-76.4733,41.0229],[-76.4757,41.0184],[-76.4794,41.0199],[-76.4821,41.0374],[-76.4845,41.0414],[-76.4877,41.0425],[-76.4883,41.0501],[-76.4922,41.0572],[-76.4931,41.0633],[-76.494,41.0649],[-76.507,41.0673],[-76.5077,41.0685],[-76.5046,41.0737],[-76.5056,41.0766],[-76.5074,41.0785],[-76.5183,41.0824],[-76.5201,41.0835],[-76.5189,41.0846]]]}},{"type":"Feature","properties":{"geoid":"4210110","name":"North Schuylkill School District"},"geometry":{"type":"Polygon","coordinates":[[[-76.4695,40.7432],[-76.3803,40.7754],[-76.4115,40.8335],[-76.4116,40.8429],[-76.3456,40.8496],[-76.3298,40.8518],[-76.3224,40.8544],[-76.2991,40.8312],[-76.2846,40.8836],[-76.28,40.8878],[-76.2528,40.8819],[-76.2071,40.8857],[-76.2075,40.8833],[-76.2042,40.8788],[-76.205,40.8773],[-76.202,40.873],[-76.1977,40.8699],[-76.1977,40.8656],[-76.1951,40.8663],[-76.1782,40.8482],[-76.2751,40.8133],[-76.2516,40.7946],[-76.2506,40.7918],[-76.2423,40.787],[-76.2295,40.7904],[-76.2236,40.7785],[-76.2369,40.7768],[-76.2689,40.762],[-76.3271,40.7235],[-76.3534,40.7308],[-76.3727,40.7521],[-76.377,40.7536],[-76.3803,40.7511],[-76.3812,40.7452],[-76.3823,40.7448],[-76.3844,40.7449],[-76.3889,40.7484],[-76.3893,40.7523],[-76.3944,40.7531],[-76.4058,40.7497],[-76.4171,40.7517],[-76.4287,40.7504],[-76.4362,40.7511],[-76.4413,40.7491],[-76.4451,40.7501],[-76.4536,40.7446],[-76.4601,40.7451],[-76.4638,40.7435],[-76.4695,40.7432]],[[-76.3495,40.8025],[-76.3434,40.803],[-76.3431,40.801],[-76.3411,40.8011],[-76.3402,40.7992],[-76.3388,40.7996],[-76.3391,40.8013],[-76.3378,40.8014],[-76.338,40.8029],[-76.3393,40.8028],[-76.3401,40.8085],[-76.3502,40.8076],[-76.3495,40.8025]]]}},{"type":"Feature","properties":{"geoid":"4222260","name":"Southern Columbia Area School District"},"geometry":{"type":"Polygon","coordinates":[[[-76.5881,40.8375],[-76.5841,40.8396],[-76.5831,40.8433],[-76.5833,40.8473],[-76.5876,40.8504],[-76.5861,40.8606],[-76.5847,40.8618],[-76.5865,40.8685],[-76.5848,40.8799],[-76.5702,40.8791],[-76.5509,40.8828],[-76.528,40.8826],[-76.5249,40.9159],[-76.5282,40.9191],[-76.5222,40.9227],[-76.5201,40.9266],[-76.5218,40.9317],[-76.5238,40.9342],[-76.5258,40.9346],[-76.5294,40.9401],[-76.5025,40.9502],[-76.4779,40.95],[-76.4668,40.9531],[-76.4649,40.9573],[-76.4648,40.9619],[-76.4674,40.962],[-76.4681,40.9694],[-76.4664,40.9763],[-76.4557,40.9849],[-76.4393,40.9925],[-76.4363,40.9895],[-76.4214,40.993],[-76.4073,40.9336],[-76.3625,40.9505],[-76.3474,40.9368],[-76.2896,40.9085],[-76.273,40.8942],[-76.2846,40.8836],[-76.2991,40.8312],[-76.3224,40.8544],[-76.3298,40.8518],[-76.3456,40.8496],[-76.4116,40.8429],[-76.4115,40.8335],[-76.4546,40.8308],[-76.4615,40.8288],[-76.4676,40.8279],[-76.4707,40.8287],[-76.4734,40.8272],[-76.4872,40.8263],[-76.4985,40.8239],[-76.5016,40.8248],[-76.5021,40.8278],[-76.5101,40.8268],[-76.5834,40.8092],[-76.585,40.813],[-76.5833,40.8211],[-76.5852,40.8236],[-76.5858,40.8271],[-76.5843,40.8338],[-76.588,40.8352],[-76.5881,40.8375]]]}},{"type":"Feature","properties":{"geoid":"4204740","name":"Cambria Heights School District"},"geometry":{"type":"Polygon","coordinates":[[[-78.7645,40.5722],[-78.7611,40.5743],[-78.7596,40.6362],[-78.7129,40.6368],[-78.713,40.6592],[-78.7164,40.6581],[-78.7152,40.6608],[-78.7181,40.6615],[-78.7167,40.6631],[-78.7185,40.6648],[-78.7186,40.6669],[-78.7133,40.6688],[-78.7141,40.7244],[-78.6355,40.7231],[-78.578,40.7253],[-78.5771,40.6386],[-78.5344,40.6391],[-78.496,40.6378],[-78.4954,40.6365],[-78.4954,40.6326],[-78.5023,40.632],[-78.5012,40.6268],[-78.5037,40.6254],[-78.5035,40.6206],[-78.5066,40.619],[-78.5069,40.617],[-78.51,40.6151],[-78.5117,40.6113],[-78.514,40.6098],[-78.5116,40.605],[-78.5096,40.6041],[-78.5106,40.5986],[-78.5186,40.599],[-78.5221,40.5965],[-78.5213,40.5921],[-78.5229,40.5908],[-78.5239,40.5851],[-78.5277,40.5807],[-78.5271,40.577],[-78.5335,40.573],[-78.5365,40.5674],[-78.5399,40.5642],[-78.5474,40.564],[-78.5511,40.5611],[-78.5638,40.563],[-78.5795,40.5712],[-78.5904,40.5733],[-78.5983,40.58],[-78.603,40.5804],[-78.6059,40.5793],[-78.6136,40.5735],[-78.6181,40.5761],[-78.6176,40.5767],[-78.6257,40.5791],[-78.6315,40.585],[-78.6393,40.5965],[-78.6525,40.5985],[-78.6503,40.5956],[-78.6515,40.5948],[-78.6479,40.5933],[-78.6483,40.5913],[-78.6445,40.5887],[-78.6475,40.588],[-78.6478,40.5864],[-78.6489,40.5863],[-78.6484,40.582],[-78.6445,40.5789],[-78.647,40.5771],[-78.6461,40.5758],[-78.6481,40.5746],[-78.6474,40.5731],[-78.6481,40.571],[-78.6497,40.5701],[-78.6501,40.5668],[-78.655,40.5647],[-78.6559,40.5612],[-78.6572,40.5622],[-78.6614,40.5584],[-78.6623,40.5593],[-78.6671,40.5588],[-78.6689,40.5547],[-78.6679,40.5544],[-78.6692,40.5524],[-78.6684,40.5511],[-78.6737,40.5487],[-78.6781,40.5366],[-78.6878,40.5345],[-78.6993,40.5359],[-78.7044,40.5379],[-78.7138,40.5379],[-78.7526,40.553],[-78.7521,40.5551],[-78.7578,40.5643],[-78.7613,40.5661],[-78.7645,40.5722]]]}},{"type":"Feature","properties":{"geoid":"4206430","name":"Conemaugh Valley School District"},"geometry":{"type":"Polygon","coordinates":[[[-78.9164,40.3426],[-78.9137,40.3408],[-78.9073,40.3423],[-78.9055,40.3456],[-78.9069,40.3508],[-78.904,40.3526],[-78.9042,40.3575],[-78.9024,40.3599],[-78.9032,40.3604],[-78.8999,40.364],[-78.8916,40.3691],[-78.8906,40.3713],[-78.8882,40.371],[-78.8862,40.3736],[-78.8869,40.3763],[-78.8805,40.3858],[-78.8757,40.3887],[-78.8648,40.3925],[-78.8091,40.3914],[-78.7986,40.3669],[-78.8008,40.3619],[-78.8592,40.3124],[-78.8766,40.3189],[-78.896,40.3207],[-78.8978,40.3172],[-78.9045,40.3168],[-78.9134,40.323],[-78.9093,40.3239],[-78.904,40.3273],[-78.9031,40.3318],[-78.8969,40.3343],[-78.8928,40.3398],[-78.9069,40.3373],[-78.9089,40.336],[-78.914,40.339],[-78.9165,40.3379],[-78.9164,40.3426]]]}},{"type":"Feature","properties":{"geoid":"4203600","name":"Bethlehem-Center School District"},"geometry":{"type":"Polygon","coordinates":[[[-80.1701,40.0791],[-80.1682,40.0798],[-80.1689,40.0808],[-80.1669,40.0833],[-80.1663,40.0867],[-80.1602,40.094],[-80.1248,40.07],[-80.1248,40.0719],[-80.118,40.0684],[-80.0969,40.064],[-80.0976,40.0632],[-80.0521,40.0558],[-80.0429,40.0725],[-80.035,40.071],[-80.0293,40.0734],[-80.0298,40.0764],[-80.0253,40.0771],[-80.0246,40.0733],[-80.0213,40.0733],[-80.019,40.0688],[-80.0135,40.0692],[-80.0135,40.0641],[-80.0158,40.0612],[-80.0054,40.0556],[-80.0037,40.0573],[-80.0036,40.0639],[-79.9985,40.0612],[-79.9998,40.0596],[-79.9989,40.0589],[-79.9974,40.06],[-79.9948,40.0595],[-79.9881,40.055],[-79.9849,40.0547],[-79.9847,40.0563],[-79.9814,40.057],[-79.9753,40.0608],[-79.9708,40.0597],[-79.9696,40.057],[-79.9668,40.0569],[-79.9592,40.049],[-79.9603,40.0484],[-79.9604,40.0446],[-79.963,40.0434],[-79.9624,40.0406],[-79.9529,40.0391],[-79.9446,40.0419],[-79.9346,40.0395],[-79.9345,40.0449],[-79.9321,40.0447],[-79.9317,40.0427],[-79.9228,40.0437],[-79.9164,40.0404],[-79.916,40.0361],[-79.9221,40.0341],[-79.9195,40.0315],[-79.9145,40.028],[-79.8956,40.0235],[-79.8955,40.0221],[-79.91,40.022],[-79.9248,40.0161],[-79.9298,40.0117],[-79.9345,39.9996],[-79.9467,39.9943],[-79.9546,39.9953],[-79.959,40.0],[-79.9632,40.008],[-79.9694,40.0131],[-79.9852,40.0131],[-79.9926,40.0094],[-79.9957,40.0051],[-79.9943,39.9972],[-79.9908,39.9881],[-79.9923,39.9845],[-79.998,39.9833],[-79.9993,39.9845],[-80.0069,39.9847],[-80.0121,39.9826],[-80.018,39.9775],[-80.0283,39.983],[-80.033,39.9839],[-80.0338,39.9826],[-80.0319,39.9777],[-80.0398,39.9741],[-80.0483,39.9785],[-80.0489,39.98],[-80.045,39.9851],[-80.0487,39.9853],[-80.0507,39.9896],[-80.0389,39.9965],[-80.0444,39.9988],[-80.0442,40.0005],[-80.0472,40.0051],[-80.0496,40.0066],[-80.0584,40.0036],[-80.0597,40.0049],[-80.0576,40.0074],[-80.0588,40.0093],[-80.0663,40.0058],[-80.068,40.0029],[-80.0864,39.9904],[-80.0921,39.992],[-80.0981,39.9919],[-80.1029,39.9904],[-80.1057,39.991],[-80.1113,39.9882],[-80.1183,39.9913],[-80.1295,39.9884],[-80.1364,39.9926],[-80.151,39.9944],[-80.1521,39.9962],[-80.1553,39.9965],[-80.1551,39.9988],[-80.1573,39.9996],[-80.1475,40.006],[-80.1456,40.0104],[-80.1432,40.0118],[-80.1395,40.0113],[-80.1345,40.0126],[-80.1297,40.0115],[-80.1265,40.0128],[-80.1252,40.015],[-80.1296,40.0174],[-80.1256,40.0207],[-80.1311,40.0221],[-80.1376,40.0268],[-80.1397,40.0304],[-80.1377,40.0343],[-80.1439,40.0419],[-80.1452,40.0494],[-80.1415,40.0529],[-80.1467,40.0551],[-80.1436,40.0575],[-80.1458,40.059],[-80.155,40.0603],[-80.1682,40.068],[-80.1686,40.0701],[-80.1718,40.0728],[-80.1701,40.0791]]]}},{"type":"Feature","properties":{"geoid":"4204710","name":"California Area School District"},"geometry":{"type":"Polygon","coordinates":[[[-80.0399,40.0729],[-80.0372,40.074],[-80.0305,40.09],[-80.0267,40.0906],[-80.0216,40.094],[-80.0203,40.0978],[-80.0032,40.0976],[-80.0031,40.1022],[-79.9954,40.0994],[-79.9892,40.1086],[-79.9891,40.1121],[-79.9773,40.1135],[-79.9469,40.1057],[-79.9014,40.1016],[-79.9014,40.103],[-79.8952,40.1031],[-79.8741,40.113],[-79.8709,40.1129],[-79.8712,40.1148],[-79.862,40.1125],[-79.8631,40.1059],[-79.8557,40.1049],[-79.8501,40.114],[-79.839,40.0906],[-79.8423,40.0842],[-79.8494,40.0878],[-79.8569,40.0859],[-79.8527,40.0784],[-79.8637,40.0754],[-79.8702,40.0752],[-79.8789,40.0784],[-79.893,40.0803],[-79.8982,40.0792],[-79.9014,40.0767],[-79.9015,40.0736],[-79.8985,40.0713],[-79.8851,40.0686],[-79.8812,40.0665],[-79.8789,40.063],[-79.8811,40.0578],[-79.8895,40.052],[-79.8919,40.0482],[-79.8881,40.0432],[-79.8807,40.0392],[-79.8828,40.0356],[-79.8825,40.0304],[-79.8855,40.0277],[-79.8929,40.0263],[-79.908,40.0259],[-79.9145,40.028],[-79.9221,40.0341],[-79.916,40.0361],[-79.9164,40.0404],[-79.9228,40.0437],[-79.9317,40.0427],[-79.9321,40.0447],[-79.9345,40.0449],[-79.9346,40.0395],[-79.9446,40.0419],[-79.9529,40.0391],[-79.9624,40.0406],[-79.963,40.0434],[-79.9604,40.0446],[-79.9603,40.0484],[-79.9592,40.049],[-79.9668,40.0569],[-79.9696,40.057],[-79.9708,40.0597],[-79.9753,40.0608],[-79.9814,40.057],[-79.9847,40.0563],[-79.9849,40.0547],[-79.9881,40.055],[-79.9948,40.0595],[-79.9974,40.06],[-79.9989,40.0589],[-79.9998,40.0596],[-79.9985,40.0612],[-80.0036,40.0639],[-80.0037,40.0573],[-80.0054,40.0556],[-80.0158,40.0612],[-80.0135,40.0641],[-80.0135,40.0692],[-80.019,40.0688],[-80.0213,40.0733],[-80.0246,40.0733],[-80.0253,40.0771],[-80.0298,40.0764],[-80.0293,40.0734],[-80.035,40.071],[-80.0399,40.0729]]]}},{"type":"Feature","properties":{"geoid":"4210350","name":"Frazier School District"},"geometry":{"type":"Polygon","coordinates":[[[-79.902,40.0746],[-79.9014,40.0767],[-79.8982,40.0792],[-79.893,40.0803],[-79.8789,40.0784],[-79.8702,40.0752],[-79.8637,40.0754],[-79.8478,40.0802],[-79.8424,40.084],[-79.8247,40.0773],[-79.8147,40.0761],[-79.8092,40.0791],[-79.8095,40.0804],[-79.8018,40.0795],[-79.7967,40.0907],[-79.7946,40.0934],[-79.7911,40.0938],[-79.7909,40.1019],[-79.781,40.1279],[-79.7461,40.1285],[-79.7349,40.121],[-79.7276,40.1206],[-79.7244,40.1231],[-79.7188,40.1176],[-79.719,40.1164],[-79.7232,40.1137],[-79.7173,40.1129],[-79.7113,40.1087],[-79.7064,40.1076],[-79.7021,40.1104],[-79.6987,40.1096],[-79.6917,40.1131],[-79.6851,40.1136],[-79.6838,40.1086],[-79.6757,40.1057],[-79.6718,40.1062],[-79.6676,40.1045],[-79.6662,40.1027],[-79.6685,40.0973],[-79.6639,40.0967],[-79.6633,40.0946],[-79.6617,40.0945],[-79.6606,40.0968],[-79.6573,40.0966],[-79.6543,40.0936],[-79.6541,40.0893],[-79.6481,40.0876],[-79.6448,40.0894],[-79.6411,40.0883],[-79.6412,40.0867],[-79.6441,40.0847],[-79.6424,40.0836],[-79.6385,40.0829],[-79.6357,40.0859],[-79.6305,40.0868],[-79.6264,40.0891],[-79.6241,40.0792],[-79.6214,40.047],[-79.6265,40.0443],[-79.63,40.0385],[-79.6339,40.0364],[-79.6388,40.0363],[-79.6487,40.0409],[-79.6523,40.0444],[-79.6545,40.0471],[-79.6521,40.0523],[-79.6553,40.0491],[-79.6612,40.0514],[-79.6647,40.0493],[-79.6784,40.0536],[-79.6816,40.0598],[-79.6876,40.0612],[-79.6914,40.0579],[-79.6942,40.0521],[-79.6958,40.0514],[-79.7,40.0532],[-79.7035,40.0613],[-79.7091,40.0629],[-79.7105,40.0591],[-79.7141,40.0552],[-79.7148,40.0504],[-79.716,40.0502],[-79.7181,40.044],[-79.7228,40.0408],[-79.7234,40.0383],[-79.7311,40.0364],[-79.7342,40.0338],[-79.7414,40.0394],[-79.7521,40.0402],[-79.7606,40.0424],[-79.7718,40.0422],[-79.7739,40.0458],[-79.777,40.0467],[-79.7759,40.0497],[-79.7798,40.0499],[-79.7836,40.0388],[-79.787,40.0361],[-79.7896,40.0282],[-79.7963,40.0236],[-79.8009,40.0236],[-79.8012,40.0164],[-79.8027,40.017],[-79.8056,40.0148],[-79.8116,40.0132],[-79.8168,40.016],[-79.825,40.0155],[-79.8275,40.0168],[-79.8305,40.016],[-79.8338,40.0174],[-79.835,40.0212],[-79.8335,40.0246],[-79.8345,40.0261],[-79.8426,40.0233],[-79.8465,40.0258],[-79.8523,40.0251],[-79.8549,40.0265],[-79.8538,40.0298],[-79.8563,40.0299],[-79.8575,40.0294],[-79.8584,40.026],[-79.8619,40.0231],[-79.864,40.0291],[-79.8609,40.0341],[-79.8721,40.0331],[-79.8881,40.0432],[-79.8919,40.0482],[-79.8895,40.052],[-79.8811,40.0578],[-79.8791,40.0608],[-79.8798,40.0651],[-79.8851,40.0686],[-79.8985,40.0713],[-79.902,40.0746]]]}},{"type":"Feature","properties":{"geoid":"4215960","name":"Moshannon Valley School District"},"geometry":{"type":"Polygon","coordinates":[[[-78.6238,40.8501],[-78.6175,40.8449],[-78.6095,40.8501],[-78.6158,40.8556],[-78.5923,40.8707],[-78.5865,40.8659],[-78.5735,40.873],[-78.5722,40.8716],[-78.5637,40.8725],[-78.5597,40.8706],[-78.5513,40.876],[-78.5028,40.8309],[-78.4412,40.8705],[-78.4387,40.8707],[-78.4349,40.8733],[-78.4352,40.8752],[-78.4398,40.877],[-78.4399,40.8785],[-78.4336,40.8808],[-78.4339,40.8824],[-78.4351,40.8836],[-78.4402,40.8832],[-78.441,40.8846],[-78.4351,40.8872],[-78.4393,40.89],[-78.441,40.893],[-78.4382,40.8929],[-78.4349,40.8903],[-78.4327,40.8907],[-78.4318,40.8936],[-78.437,40.8961],[-78.4372,40.8979],[-78.4344,40.9],[-78.4283,40.8991],[-78.4283,40.9007],[-78.4314,40.9033],[-78.4372,40.9033],[-78.4357,40.905],[-78.4317,40.9061],[-78.4317,40.9077],[-78.434,40.9087],[-78.4371,40.9081],[-78.4389,40.9096],[-78.437,40.9128],[-78.3831,40.9114],[-78.3835,40.8669],[-78.3478,40.867],[-78.3467,40.8408],[-78.3384,40.8349],[-78.3015,40.8229],[-78.3056,40.8206],[-78.308,40.8157],[-78.3116,40.8139],[-78.3122,40.8114],[-78.314,40.8102],[-78.3138,40.8086],[-78.3203,40.8084],[-78.3222,40.8055],[-78.3269,40.8059],[-78.3317,40.8011],[-78.3392,40.7982],[-78.3402,40.7916],[-78.3437,40.7908],[-78.3419,40.787],[-78.3418,40.785],[-78.3435,40.7839],[-78.3426,40.7819],[-78.3459,40.7811],[-78.3464,40.7791],[-78.3509,40.7749],[-78.3521,40.7689],[-78.3591,40.7679],[-78.3606,40.7654],[-78.3653,40.7645],[-78.3679,40.761],[-78.3707,40.7597],[-78.3714,40.7577],[-78.3734,40.7576],[-78.376,40.7545],[-78.3765,40.7526],[-78.373,40.7499],[-78.3729,40.7469],[-78.3664,40.7361],[-78.363,40.7332],[-78.3606,40.7332],[-78.3487,40.7234],[-78.4313,40.7254],[-78.4347,40.7308],[-78.4342,40.737],[-78.4358,40.7388],[-78.4358,40.7411],[-78.4393,40.7418],[-78.4414,40.7441],[-78.4491,40.7477],[-78.4474,40.7501],[-78.4467,40.7496],[-78.446,40.7543],[-78.4473,40.7551],[-78.4461,40.757],[-78.4472,40.7587],[-78.4451,40.7633],[-78.4477,40.7687],[-78.4431,40.7726],[-78.4405,40.7733],[-78.4389,40.7773],[-78.4392,40.7803],[-78.4317,40.7873],[-78.4314,40.7918],[-78.4766,40.7921],[-78.4752,40.7936],[-78.4764,40.7952],[-78.4749,40.7958],[-78.4829,40.8037],[-78.4861,40.7954],[-78.4835,40.7919],[-78.4951,40.7866],[-78.5033,40.794],[-78.5034,40.7919],[-78.5079,40.7916],[-78.507,40.7933],[-78.5191,40.7977],[-78.5184,40.8013],[-78.5175,40.8035],[-78.5142,40.8023],[-78.509,40.806],[-78.5101,40.807],[-78.4994,40.8144],[-78.5114,40.8253],[-78.5659,40.7856],[-78.6089,40.8205],[-78.6152,40.8161],[-78.6277,40.8276],[-78.6221,40.8309],[-78.6347,40.8426],[-78.6238,40.8501]]]}},{"type":"Feature","properties":{"geoid":"4206480","name":"Conestoga Valley School District"},"geometry":{"type":"MultiPolygon","coordinates":[[[[-76.2646,40.0501],[-76.2618,40.0486],[-76.264,40.0462],[-76.2676,40.0473],[-76.2646,40.0501]]],[[[-76.2781,40.0497],[-76.2641,40.0459],[-76.2654,40.044],[-76.2628,40.0417],[-76.2632,40.0396],[-76.2555,40.0413],[-76.2558,40.0431],[-76.2585,40.0432],[-76.2587,40.0443],[-76.254,40.0438],[-76.2587,40.0448],[-76.2587,40.0465],[-76.2553,40.0469],[-76.2565,40.0503],[-76.2541,40.0528],[-76.2585,40.0558],[-76.262,40.0526],[-76.273,40.0577],[-76.2663,40.0619],[-76.2566,40.0654],[-76.2627,40.0709],[-76.2629,40.0735],[-76.2594,40.077],[-76.2603,40.0809],[-76.2656,40.0844],[-76.2614,40.0868],[-76.2531,40.0851],[-76.2481,40.0866],[-76.2522,40.0956],[-76.2503,40.0966],[-76.2466,40.0954],[-76.2446,40.0967],[-76.2485,40.1049],[-76.2473,40.1068],[-76.2441,40.1074],[-76.2404,40.1028],[-76.2379,40.1027],[-76.2385,40.1072],[-76.2355,40.1106],[-76.2331,40.1099],[-76.2305,40.107],[-76.226,40.1072],[-76.2288,40.1119],[-76.2265,40.1151],[-76.2313,40.1167],[-76.2373,40.1214],[-76.2375,40.1236],[-76.2302,40.132],[-76.2313,40.1341],[-76.2293,40.1367],[-76.2251,40.1395],[-76.2225,40.1392],[-76.2215,40.1413],[-76.2157,40.142],[-76.2178,40.1458],[-76.221,40.1479],[-76.218,40.1512],[-76.2116,40.1507],[-76.2076,40.1518],[-76.2087,40.1496],[-76.2082,40.1466],[-76.2097,40.1466],[-76.2099,40.1454],[-76.2078,40.1458],[-76.2074,40.1487],[-76.2067,40.1471],[-76.2035,40.1484],[-76.2018,40.1477],[-76.2016,40.1494],[-76.1988,40.1509],[-76.1891,40.1536],[-76.1768,40.152],[-76.1692,40.1548],[-76.1583,40.1615],[-76.1503,40.163],[-76.1429,40.1606],[-76.132,40.0916],[-76.1295,40.0916],[-76.1171,40.0831],[-76.1043,40.0722],[-76.1091,40.0699],[-76.1143,40.0707],[-76.1173,40.0679],[-76.121,40.0681],[-76.1282,40.0653],[-76.1442,40.0659],[-76.1476,40.0642],[-76.1511,40.0657],[-76.1545,40.0652],[-76.1606,40.0576],[-76.1702,40.0551],[-76.169,40.0455],[-76.1841,40.0429],[-76.136,40.0101],[-76.1388,40.0104],[-76.1414,40.0081],[-76.145,40.0097],[-76.1464,40.0118],[-76.1489,40.0094],[-76.152,40.0095],[-76.1529,40.006],[-76.1554,40.0048],[-76.1593,40.0109],[-76.1614,40.0106],[-76.1646,40.0072],[-76.1693,40.01],[-76.1711,40.0096],[-76.1711,40.0076],[-76.169,40.0053],[-76.1693,40.0028],[-76.172,40.0034],[-76.1736,40.0057],[-76.1752,40.005],[-76.176,40.0015],[-76.1783,40.0027],[-76.1785,40.0049],[-76.1808,40.0043],[-76.1819,40.0004],[-76.1864,40.0061],[-76.1877,40.0043],[-76.1875,39.9997],[-76.1899,39.9993],[-76.1937,40.003],[-76.1951,39.9976],[-76.1992,40.0008],[-76.1993,39.9971],[-76.2585,40.0296],[-76.2607,40.0338],[-76.2582,40.0365],[-76.2659,40.036],[-76.2662,40.034],[-76.2735,40.0378],[-76.2743,40.044],[-76.2781,40.0497]]]]}},{"type":"Feature","properties":{"geoid":"4209120","name":"Elizabethtown Area School District"},"geometry":{"type":"Polygon","coordinates":[[[-76.7216,40.1201],[-76.7159,40.1315],[-76.7064,40.1353],[-76.7101,40.1371],[-76.7057,40.143],[-76.6999,40.1451],[-76.6989,40.1484],[-76.6962,40.1501],[-76.6956,40.1541],[-76.6977,40.1563],[-76.6923,40.1574],[-76.6908,40.1563],[-76.6916,40.154],[-76.6899,40.1522],[-76.6905,40.1484],[-76.6832,40.1518],[-76.6809,40.151],[-76.6806,40.1491],[-76.6772,40.1489],[-76.6764,40.1531],[-76.6706,40.1545],[-76.6728,40.1575],[-76.6668,40.1613],[-76.6664,40.163],[-76.662,40.1635],[-76.661,40.1651],[-76.6547,40.164],[-76.6531,40.166],[-76.6441,40.1649],[-76.6406,40.1673],[-76.6384,40.1667],[-76.636,40.1701],[-76.6321,40.1706],[-76.6263,40.1783],[-76.6159,40.1806],[-76.6122,40.1839],[-76.613,40.1854],[-76.6065,40.19],[-76.5999,40.1883],[-76.5879,40.1906],[-76.5864,40.1895],[-76.5827,40.191],[-76.5807,40.1947],[-76.5712,40.1944],[-76.567,40.1956],[-76.5663,40.1966],[-76.4693,40.2274],[-76.4648,40.2215],[-76.464,40.2172],[-76.4654,40.2142],[-76.4702,40.2114],[-76.478,40.2104],[-76.4884,40.212],[-76.4954,40.209],[-76.4993,40.2094],[-76.5018,40.2071],[-76.5039,40.2076],[-76.5061,40.2061],[-76.5055,40.2051],[-76.5076,40.2045],[-76.5069,40.2023],[-76.5096,40.2003],[-76.513,40.1946],[-76.5157,40.1858],[-76.5198,40.1808],[-76.5189,40.1769],[-76.5218,40.1708],[-76.5323,40.166],[-76.542,40.1583],[-76.5502,40.1575],[-76.5511,40.149],[-76.5616,40.1384],[-76.5632,40.1353],[-76.5632,40.1316],[-76.5649,40.1287],[-76.5448,40.1212],[-76.5699,40.1201],[-76.5788,40.1169],[-76.5797,40.1143],[-76.5977,40.1048],[-76.6084,40.0945],[-76.633,40.0574],[-76.6411,40.0595],[-76.6439,40.0595],[-76.6445,40.0581],[-76.6528,40.0596],[-76.6638,40.0632],[-76.6755,40.0736],[-76.6804,40.0832],[-76.6932,40.0988],[-76.7109,40.1138],[-76.7216,40.1201]]]}},{"type":"Feature","properties":{"geoid":"4215540","name":"Mohawk Area School District"},"geometry":{"type":"Polygon","coordinates":[[[-80.5199,40.9067],[-80.519,41.0615],[-80.3891,41.0627],[-80.3912,41.0593],[-80.3947,41.0586],[-80.3951,41.0574],[-80.3937,41.0559],[-80.4001,41.0551],[-80.4007,41.049],[-80.404,41.0459],[-80.4009,41.0397],[-80.4265,41.0387],[-80.4259,41.0267],[-80.4313,41.0145],[-80.4342,41.0162],[-80.4568,41.016],[-80.4567,40.995],[-80.4061,40.9963],[-80.4005,40.9908],[-80.3975,40.9857],[-80.3829,40.9787],[-80.3814,40.9752],[-80.3826,40.9719],[-80.3904,40.9696],[-80.3908,40.9684],[-80.3889,40.9659],[-80.3815,40.9628],[-80.3778,40.9559],[-80.3757,40.9481],[-80.3765,40.9431],[-80.3713,40.9393],[-80.3703,40.9366],[-80.3742,40.9308],[-80.3788,40.928],[-80.3779,40.9262],[-80.3751,40.9232],[-80.366,40.9224],[-80.3649,40.9187],[-80.3674,40.9143],[-80.3685,40.9107],[-80.3677,40.9098],[-80.3647,40.9085],[-80.3573,40.9116],[-80.353,40.9058],[-80.3477,40.903],[-80.3444,40.8993],[-80.349,40.8976],[-80.3484,40.8799],[-80.3355,40.8799],[-80.3355,40.8781],[-80.3209,40.8782],[-80.3179,40.8693],[-80.3176,40.8606],[-80.3226,40.8532],[-80.4457,40.8521],[-80.4504,40.8583],[-80.4489,40.8592],[-80.4539,40.8596],[-80.4593,40.8619],[-80.4629,40.8599],[-80.4661,40.8519],[-80.519,40.8513],[-80.5199,40.9067]]]}},{"type":"Feature","properties":{"geoid":"4216440","name":"Neshannock Township School District"},"geometry":{"type":"Polygon","coordinates":[[[-80.4037,41.047],[-80.4007,41.049],[-80.4001,41.0551],[-80.395,41.0551],[-80.3937,41.0559],[-80.3951,41.0574],[-80.3947,41.0586],[-80.3912,41.0593],[-80.3891,41.0627],[-80.3839,41.0629],[-80.384,41.0816],[-80.3152,41.0828],[-80.3192,41.0809],[-80.313,41.0693],[-80.3083,41.0677],[-80.308,41.0662],[-80.3123,41.0635],[-80.3136,41.0578],[-80.3152,41.0563],[-80.3124,41.053],[-80.3031,41.0471],[-80.3029,41.0454],[-80.3007,41.0433],[-80.3018,41.0411],[-80.3089,41.0422],[-80.3141,41.0409],[-80.3135,41.0365],[-80.3114,41.0349],[-80.3105,41.0284],[-80.3131,41.0256],[-80.3189,41.0234],[-80.3187,41.02],[-80.3289,41.0196],[-80.3289,41.0208],[-80.327,41.0209],[-80.3278,41.0239],[-80.332,41.0238],[-80.3321,41.0256],[-80.328,41.0247],[-80.3293,41.0266],[-80.3383,41.0262],[-80.3384,41.0277],[-80.3466,41.0275],[-80.3462,41.0156],[-80.3587,41.0147],[-80.3697,41.0213],[-80.3822,41.0265],[-80.3841,41.0304],[-80.3969,41.0332],[-80.4029,41.0369],[-80.4009,41.0409],[-80.4037,41.047]]]}},{"type":"Feature","properties":{"geoid":"4211790","name":"Hempfield School District"},"geometry":{"type":"Polygon","coordinates":[[[-76.5339,40.0508],[-76.527,40.0553],[-76.5213,40.0545],[-76.5174,40.0562],[-76.5186,40.0581],[-76.5181,40.0606],[-76.5123,40.0648],[-76.5118,40.0666],[-76.513,40.0676],[-76.5104,40.0695],[-76.5068,40.066],[-76.5042,40.0663],[-76.502,40.0649],[-76.5012,40.066],[-76.5047,40.068],[-76.5023,40.0703],[-76.5004,40.07],[-76.499,40.0682],[-76.4959,40.0689],[-76.4882,40.0647],[-76.4812,40.0649],[-76.4771,40.0666],[-76.4748,40.0695],[-76.4769,40.0721],[-76.476,40.0734],[-76.4695,40.0731],[-76.4689,40.0742],[-76.4709,40.0748],[-76.4702,40.0768],[-76.4687,40.075],[-76.4653,40.0755],[-76.4637,40.0769],[-76.4656,40.079],[-76.4617,40.0797],[-76.4619,40.0836],[-76.4603,40.0853],[-76.4639,40.0858],[-76.4567,40.0893],[-76.4587,40.0902],[-76.4581,40.0942],[-76.4541,40.0956],[-76.4571,40.0964],[-76.4559,40.1001],[-76.4454,40.1021],[-76.4477,40.1061],[-76.4516,40.106],[-76.452,40.1076],[-76.4486,40.1111],[-76.4475,40.1112],[-76.4458,40.1087],[-76.441,40.1076],[-76.4384,40.1095],[-76.4382,40.113],[-76.434,40.1103],[-76.4327,40.1078],[-76.4307,40.1075],[-76.4314,40.1125],[-76.4255,40.1108],[-76.4244,40.1115],[-76.4243,40.1137],[-76.4265,40.1165],[-76.4256,40.1173],[-76.4208,40.1157],[-76.4202,40.1189],[-76.4185,40.1185],[-76.4169,40.1202],[-76.4176,40.1219],[-76.414,40.1203],[-76.4135,40.1163],[-76.4095,40.115],[-76.4069,40.1159],[-76.405,40.1222],[-76.3875,40.123],[-76.3839,40.1255],[-76.375,40.1251],[-76.3745,40.128],[-76.373,40.1277],[-76.3668,40.1243],[-76.358,40.122],[-76.3559,40.1187],[-76.3536,40.1182],[-76.3525,40.1159],[-76.3531,40.1135],[-76.3506,40.113],[-76.3461,40.1086],[-76.3392,40.1087],[-76.3358,40.1044],[-76.3351,40.0985],[-76.3361,40.0955],[-76.3393,40.0931],[-76.34,40.0907],[-76.345,40.0875],[-76.3445,40.0851],[-76.3457,40.0827],[-76.3496,40.0827],[-76.351,40.0807],[-76.3502,40.0771],[-76.3449,40.0713],[-76.3448,40.0678],[-76.3471,40.063],[-76.3428,40.0645],[-76.3425,40.0636],[-76.3455,40.0585],[-76.3423,40.0572],[-76.3429,40.0549],[-76.3417,40.0515],[-76.3453,40.0441],[-76.3433,40.0418],[-76.3429,40.0381],[-76.3902,40.0412],[-76.4082,40.0373],[-76.4187,40.0373],[-76.4186,40.0355],[-76.4221,40.0357],[-76.4334,40.0326],[-76.4516,40.0249],[-76.4565,40.0207],[-76.4771,40.0216],[-76.4771,40.0225],[-76.473,40.0228],[-76.474,40.0245],[-76.4725,40.026],[-76.4749,40.0258],[-76.4778,40.0236],[-76.4858,40.0231],[-76.4838,40.0238],[-76.483,40.0274],[-76.4803,40.0281],[-76.4805,40.0298],[-76.4821,40.0307],[-76.4779,40.031],[-76.4824,40.0313],[-76.4799,40.0315],[-76.4798,40.0332],[-76.474,40.0357],[-76.4862,40.0362],[-76.4861,40.0351],[-76.4842,40.0352],[-76.4839,40.0324],[-76.487,40.0361],[-76.482,40.0358],[-76.4823,40.0444],[-76.4843,40.0443],[-76.4862,40.0467],[-76.4884,40.0462],[-76.4899,40.0479],[-76.4939,40.0454],[-76.4979,40.0466],[-76.4981,40.0485],[-76.5019,40.0481],[-76.5027,40.05],[-76.5067,40.0493],[-76.505,40.0417],[-76.5061,40.0397],[-76.5166,40.0391],[-76.5077,40.0294],[-76.5038,40.0268],[-76.4948,40.0241],[-76.4911,40.0213],[-76.482,40.0229],[-76.5122,40.0134],[-76.5269,40.0262],[-76.5318,40.0357],[-76.5316,40.0462],[-76.5339,40.0508]]]}},{"type":"Feature","properties":{"geoid":"4224060","name":"Union Area School District"},"geometry":{"type":"Polygon","coordinates":[[[-80.4568,41.016],[-80.4342,41.0162],[-80.4313,41.0145],[-80.4259,41.0267],[-80.4265,41.0387],[-80.4009,41.0397],[-80.4029,41.0384],[-80.4029,41.0369],[-80.3969,41.0332],[-80.3841,41.0304],[-80.3822,41.0265],[-80.3697,41.0213],[-80.3587,41.0147],[-80.3673,41.0128],[-80.3659,40.9973],[-80.3638,40.9972],[-80.3632,40.9956],[-80.3531,40.995],[-80.3547,40.9936],[-80.3538,40.9864],[-80.3975,40.9857],[-80.4042,40.995],[-80.4071,40.9963],[-80.4567,40.995],[-80.4568,41.016]]]}},{"type":"Feature","properties":{"geoid":"4217670","name":"Northern Lehigh School District"},"geometry":{"type":"Polygon","coordinates":[[[-75.6947,40.7701],[-75.6768,40.7749],[-75.6091,40.7875],[-75.6055,40.7808],[-75.6047,40.7767],[-75.6067,40.7713],[-75.6029,40.766],[-75.6034,40.7587],[-75.5935,40.7642],[-75.5881,40.7436],[-75.5903,40.7428],[-75.588,40.7404],[-75.5942,40.7388],[-75.5902,40.7345],[-75.5806,40.7347],[-75.6051,40.7021],[-75.6386,40.6797],[-75.6994,40.7661],[-75.6947,40.7701]]]}},{"type":"Feature","properties":{"geoid":"4220730","name":"Salisbury Township School District"},"geometry":{"type":"MultiPolygon","coordinates":[[[[-75.4809,40.5389],[-75.4817,40.5509],[-75.479,40.5549],[-75.4752,40.5534],[-75.4579,40.5651],[-75.4627,40.5724],[-75.4596,40.5738],[-75.4542,40.5677],[-75.4481,40.5718],[-75.4459,40.5713],[-75.4472,40.5724],[-75.4459,40.5733],[-75.4464,40.5771],[-75.4478,40.5816],[-75.4495,40.5817],[-75.4502,40.5861],[-75.4434,40.5866],[-75.4436,40.5882],[-75.4378,40.5886],[-75.4383,40.592],[-75.4361,40.5925],[-75.4367,40.5965],[-75.4403,40.5958],[-75.4418,40.5999],[-75.4278,40.6072],[-75.4222,40.6151],[-75.4173,40.6168],[-75.4115,40.6164],[-75.4073,40.6123],[-75.3953,40.6135],[-75.3967,40.6087],[-75.3991,40.6076],[-75.3974,40.6067],[-75.401,40.6039],[-75.4064,40.6035],[-75.4037,40.5989],[-75.4054,40.5983],[-75.4054,40.5963],[-75.3943,40.593],[-75.4038,40.5808],[-75.4091,40.5792],[-75.4173,40.5739],[-75.4279,40.5694],[-75.4487,40.5621],[-75.4686,40.537],[-75.4735,40.5356],[-75.4756,40.5301],[-75.4817,40.5342],[-75.4809,40.5389]]],[[[-75.5303,40.5654],[-75.5113,40.5825],[-75.5012,40.5843],[-75.4969,40.5875],[-75.4903,40.5888],[-75.4893,40.5871],[-75.4849,40.5862],[-75.4847,40.5842],[-75.4881,40.5815],[-75.4952,40.5799],[-75.4991,40.5748],[-75.4998,40.5699],[-75.5143,40.5653],[-75.5167,40.5624],[-75.5138,40.5626],[-75.5134,40.5612],[-75.5085,40.558],[-75.5094,40.5571],[-75.5081,40.556],[-75.5032,40.5542],[-75.5049,40.5526],[-75.5018,40.5501],[-75.4994,40.5511],[-75.4982,40.5533],[-75.5016,40.5559],[-75.5075,40.5563],[-75.5057,40.5587],[-75.5112,40.5636],[-75.4988,40.5678],[-75.4986,40.5639],[-75.5015,40.5618],[-75.4983,40.5614],[-75.4982,40.5595],[-75.489,40.5568],[-75.4877,40.5588],[-75.4833,40.5567],[-75.4859,40.5521],[-75.4896,40.5531],[-75.4974,40.5452],[-75.5,40.5459],[-75.5303,40.5654]]]]}},{"type":"Feature","properties":{"geoid":"4204830","name":"Cameron County School District"},"geometry":{"type":"Polygon","coordinates":[[[-78.4202,41.5153],[-78.4202,41.544],[-78.4184,41.544],[-78.4184,41.5572],[-78.4208,41.6173],[-78.2036,41.6176],[-78.0504,41.4755],[-77.9892,41.4748],[-77.9888,41.3675],[-78.0934,41.2169],[-78.2368,41.2302],[-78.2347,41.3234],[-78.2544,41.3236],[-78.254,41.4047],[-78.42,41.405],[-78.4196,41.4737],[-78.4212,41.4738],[-78.4202,41.5153]]]}},{"type":"Feature","properties":{"geoid":"4214550","name":"Manheim Central School District"},"geometry":{"type":"Polygon","coordinates":[[[-76.5217,40.0777],[-76.5203,40.0777],[-76.5197,40.0759],[-76.5163,40.0736],[-76.5112,40.0744],[-76.5132,40.0769],[-76.5031,40.0803],[-76.501,40.084],[-76.5032,40.0877],[-76.5054,40.0882],[-76.5049,40.0901],[-76.5006,40.0885],[-76.5,40.0904],[-76.5021,40.0922],[-76.4975,40.0915],[-76.4966,40.0926],[-76.5013,40.0962],[-76.5009,40.0972],[-76.4971,40.0963],[-76.4964,40.0984],[-76.4938,40.0992],[-76.4917,40.1016],[-76.4922,40.1036],[-76.4901,40.1081],[-76.4587,40.108],[-76.4615,40.111],[-76.4703,40.1105],[-76.4683,40.1112],[-76.4686,40.1128],[-76.4756,40.1138],[-76.4776,40.1131],[-76.4778,40.11],[-76.484,40.1094],[-76.4839,40.1121],[-76.4888,40.1125],[-76.4928,40.1165],[-76.4956,40.1142],[-76.5024,40.1175],[-76.4992,40.1189],[-76.5016,40.1242],[-76.4998,40.1257],[-76.5013,40.1306],[-76.496,40.1318],[-76.4982,40.134],[-76.5048,40.1336],[-76.5054,40.1411],[-76.5016,40.1403],[-76.4972,40.1459],[-76.4995,40.1576],[-76.5004,40.1591],[-76.5068,40.1568],[-76.5102,40.1581],[-76.5157,40.1576],[-76.5151,40.1596],[-76.5162,40.1603],[-76.5153,40.1612],[-76.5181,40.1635],[-76.5166,40.1649],[-76.5169,40.1685],[-76.5218,40.1708],[-76.5189,40.1769],[-76.5198,40.1808],[-76.5157,40.1858],[-76.513,40.1946],[-76.5096,40.2003],[-76.5069,40.2023],[-76.5076,40.2045],[-76.5055,40.2051],[-76.5061,40.2061],[-76.5039,40.2076],[-76.5018,40.2071],[-76.4993,40.2094],[-76.4954,40.209],[-76.4884,40.212],[-76.478,40.2104],[-76.4702,40.2114],[-76.4654,40.2142],[-76.464,40.2172],[-76.4648,40.2215],[-76.4693,40.2274],[-76.4354,40.2382],[-76.3505,40.2497],[-76.3481,40.2267],[-76.3455,40.2144],[-76.3486,40.2092],[-76.3488,40.2039],[-76.34,40.1996],[-76.3253,40.1885],[-76.3246,40.1858],[-76.3254,40.1834],[-76.327,40.1837],[-76.3283,40.1787],[-76.3308,40.1589],[-76.3339,40.159],[-76.3333,40.1578],[-76.331,40.1578],[-76.3322,40.1485],[-76.3311,40.139],[-76.336,40.1271],[-76.3633,40.1272],[-76.3668,40.1243],[-76.3745,40.128],[-76.375,40.1251],[-76.3824,40.1258],[-76.3875,40.123],[-76.405,40.1222],[-76.4069,40.1159],[-76.4095,40.115],[-76.4135,40.1163],[-76.414,40.1203],[-76.4176,40.1219],[-76.4169,40.1202],[-76.4185,40.1185],[-76.4202,40.1189],[-76.4208,40.1157],[-76.4256,40.1173],[-76.4265,40.1165],[-76.4243,40.1137],[-76.4244,40.1115],[-76.4255,40.1108],[-76.4314,40.1125],[-76.4307,40.1075],[-76.4327,40.1078],[-76.434,40.1103],[-76.4382,40.113],[-76.4384,40.1095],[-76.441,40.1076],[-76.4458,40.1087],[-76.4475,40.1112],[-76.4486,40.1111],[-76.452,40.1076],[-76.4516,40.106],[-76.4477,40.1061],[-76.4454,40.1021],[-76.4559,40.1001],[-76.4571,40.0964],[-76.4541,40.0956],[-76.4581,40.0942],[-76.4587,40.0902],[-76.4567,40.0893],[-76.4639,40.0858],[-76.4603,40.0853],[-76.4619,40.0836],[-76.4617,40.0797],[-76.4656,40.079],[-76.4637,40.0769],[-76.4687,40.075],[-76.4702,40.0768],[-76.4709,40.0748],[-76.4689,40.0742],[-76.4695,40.0731],[-76.476,40.0734],[-76.4769,40.0721],[-76.4748,40.0695],[-76.4771,40.0666],[-76.4812,40.0649],[-76.4882,40.0647],[-76.4959,40.0689],[-76.499,40.0682],[-76.5004,40.07],[-76.5023,40.0703],[-76.5047,40.068],[-76.5011,40.0653],[-76.5068,40.066],[-76.5104,40.0695],[-76.513,40.0676],[-76.5118,40.0666],[-76.5123,40.0648],[-76.5151,40.0638],[-76.5184,40.0687],[-76.5187,40.0721],[-76.5222,40.0765],[-76.5217,40.0777]]]}},{"type":"Feature","properties":{"geoid":"4212540","name":"Jim Thorpe Area School District"},"geometry":{"type":"Polygon","coordinates":[[[-75.812,40.8452],[-75.7407,40.8726],[-75.7576,40.8744],[-75.7653,40.8792],[-75.7652,40.8807],[-75.7618,40.8837],[-75.7593,40.8823],[-75.7581,40.8832],[-75.7554,40.8935],[-75.7539,40.8949],[-75.7457,40.8949],[-75.7415,40.8969],[-75.7411,40.9011],[-75.7477,40.9056],[-75.748,40.9077],[-75.7398,40.9062],[-75.7377,40.9066],[-75.7368,40.9081],[-75.7389,40.919],[-75.7443,40.9249],[-75.744,40.9277],[-75.7407,40.931],[-75.74,40.9359],[-75.746,40.9447],[-75.7466,40.9482],[-75.7444,40.9504],[-75.718,40.9538],[-75.7123,40.9556],[-75.7037,40.9516],[-75.7018,40.9524],[-75.7064,40.9653],[-75.7143,40.9719],[-75.7194,40.9717],[-75.7239,40.9694],[-75.7346,40.9686],[-75.7443,40.9706],[-75.7516,40.9658],[-75.7544,40.9662],[-75.7546,40.9685],[-75.7514,40.9729],[-75.7257,40.981],[-75.7193,40.9854],[-75.7111,40.9888],[-75.7084,40.9921],[-75.7031,40.9916],[-75.6851,41.0],[-75.6714,41.004],[-75.6638,41.0033],[-75.6612,41.0058],[-75.6561,41.0023],[-75.6506,41.0017],[-75.6449,41.0039],[-75.6561,41.0213],[-75.702,41.0663],[-75.6877,41.0696],[-75.6617,41.0797],[-75.6365,41.0824],[-75.6259,41.0832],[-75.6118,41.0787],[-75.6013,41.0803],[-75.5897,41.077],[-75.583,41.0726],[-75.5821,41.0688],[-75.5805,41.0678],[-75.5772,41.0682],[-75.5749,41.0627],[-75.5712,41.0593],[-75.5711,41.0575],[-75.5689,41.0566],[-75.5684,41.0553],[-75.5704,41.0533],[-75.5699,41.0503],[-75.5614,41.049],[-75.496,40.9872],[-75.5746,40.9513],[-75.5564,40.9287],[-75.6772,40.8754],[-75.7138,40.8581],[-75.7206,40.8644],[-75.7241,40.8642],[-75.7335,40.8597],[-75.7384,40.8601],[-75.7346,40.8563],[-75.7534,40.8447],[-75.7994,40.8245],[-75.812,40.8452]]]}},{"type":"Feature","properties":{"geoid":"4214580","name":"Manheim Township School District"},"geometry":{"type":"MultiPolygon","coordinates":[[[[-76.2872,40.0502],[-76.2795,40.0503],[-76.278,40.0484],[-76.2825,40.047],[-76.2823,40.0489],[-76.2872,40.0502]]],[[[-76.2892,40.0519],[-76.2855,40.0509],[-76.2889,40.0501],[-76.2892,40.0519]]],[[[-76.3138,40.0557],[-76.3108,40.0552],[-76.3104,40.0535],[-76.3024,40.0536],[-76.3135,40.0522],[-76.3123,40.0549],[-76.3138,40.0557]]],[[[-76.3258,40.0649],[-76.3236,40.0639],[-76.3257,40.0635],[-76.3258,40.0649]]],[[[-76.3668,40.1243],[-76.3633,40.1272],[-76.3051,40.1262],[-76.2832,40.1295],[-76.258,40.1261],[-76.2405,40.1168],[-76.2265,40.1151],[-76.2288,40.1119],[-76.226,40.1072],[-76.2305,40.107],[-76.2331,40.1099],[-76.2355,40.1106],[-76.2385,40.1072],[-76.2379,40.1027],[-76.2404,40.1028],[-76.2441,40.1074],[-76.2473,40.1068],[-76.2485,40.1049],[-76.2446,40.0967],[-76.2466,40.0954],[-76.2503,40.0966],[-76.2522,40.0956],[-76.2481,40.0866],[-76.2531,40.0851],[-76.2614,40.0868],[-76.2656,40.0844],[-76.2603,40.0809],[-76.2594,40.077],[-76.2629,40.0735],[-76.2627,40.0709],[-76.2566,40.0654],[-76.2723,40.0589],[-76.2727,40.052],[-76.2782,40.0517],[-76.2808,40.0579],[-76.2874,40.0534],[-76.2903,40.0552],[-76.2958,40.0536],[-76.3018,40.0541],[-76.2971,40.059],[-76.2982,40.0603],[-76.3019,40.0599],[-76.3014,40.0566],[-76.3056,40.0562],[-76.3053,40.0547],[-76.3169,40.0564],[-76.3183,40.0578],[-76.3176,40.0584],[-76.3216,40.0614],[-76.3142,40.0571],[-76.315,40.0592],[-76.3126,40.0598],[-76.3138,40.0626],[-76.3163,40.0627],[-76.3142,40.0635],[-76.3159,40.0642],[-76.3166,40.0657],[-76.3153,40.0664],[-76.3183,40.0704],[-76.3238,40.0695],[-76.3262,40.0727],[-76.327,40.0718],[-76.326,40.0686],[-76.3287,40.0673],[-76.3285,40.0663],[-76.3318,40.0656],[-76.3283,40.0653],[-76.328,40.0645],[-76.3302,40.064],[-76.3261,40.06],[-76.3379,40.0707],[-76.3418,40.0727],[-76.3435,40.067],[-76.3452,40.0672],[-76.346,40.0654],[-76.3379,40.064],[-76.3386,40.063],[-76.3349,40.0598],[-76.3293,40.0624],[-76.3286,40.0618],[-76.3344,40.0593],[-76.3321,40.0575],[-76.3225,40.0555],[-76.3229,40.0526],[-76.3212,40.0548],[-76.3198,40.0535],[-76.3211,40.0517],[-76.32,40.051],[-76.3269,40.0503],[-76.3421,40.0531],[-76.3423,40.0572],[-76.3455,40.0585],[-76.3428,40.0645],[-76.3471,40.063],[-76.3448,40.0678],[-76.3454,40.0729],[-76.3473,40.0733],[-76.3502,40.0771],[-76.351,40.0807],[-76.3496,40.0827],[-76.3457,40.0827],[-76.3445,40.0851],[-76.345,40.0875],[-76.34,40.0907],[-76.3393,40.0931],[-76.3361,40.0955],[-76.3351,40.0985],[-76.3362,40.1058],[-76.3392,40.1087],[-76.3461,40.1086],[-76.3506,40.113],[-76.3531,40.1135],[-76.3525,40.1159],[-76.3536,40.1182],[-76.3559,40.1187],[-76.358,40.122],[-76.3668,40.1243]]]]}},{"type":"Feature","properties":{"geoid":"4225140","name":"Weatherly Area School District"},"geometry":{"type":"Polygon","coordinates":[[[-75.9789,40.8968],[-75.8882,40.9256],[-75.8723,40.9331],[-75.8456,40.9415],[-75.8639,40.961],[-75.848,40.9664],[-75.8485,40.9722],[-75.8192,40.9826],[-75.8012,40.9834],[-75.7322,41.0081],[-75.7385,41.0168],[-75.7391,41.028],[-75.7402,41.0299],[-75.7427,41.0314],[-75.7577,41.0316],[-75.7595,41.037],[-75.7612,41.0386],[-75.7612,41.041],[-75.7655,41.044],[-75.7703,41.0501],[-75.7715,41.0612],[-75.7703,41.0619],[-75.7701,41.0688],[-75.772,41.0768],[-75.7657,41.0844],[-75.7675,41.0917],[-75.7668,41.0936],[-75.7635,41.0938],[-75.7601,41.0918],[-75.7554,41.0943],[-75.7534,41.0965],[-75.7547,41.1016],[-75.7536,41.1034],[-75.7474,41.1042],[-75.7392,41.1023],[-75.7326,41.1033],[-75.7293,41.1078],[-75.7237,41.1094],[-75.721,41.1116],[-75.7167,41.1181],[-75.7115,41.1161],[-75.708,41.1161],[-75.7097,41.122],[-75.7076,41.1227],[-75.7056,41.1215],[-75.7028,41.1226],[-75.7006,41.1273],[-75.6969,41.1297],[-75.6919,41.1312],[-75.6849,41.13],[-75.6786,41.133],[-75.6675,41.134],[-75.6652,41.1303],[-75.6615,41.1292],[-75.6564,41.1229],[-75.6582,41.1186],[-75.6573,41.1164],[-75.6545,41.1166],[-75.6494,41.1223],[-75.6477,41.1218],[-75.6457,41.1181],[-75.6464,41.1133],[-75.6376,41.1134],[-75.6343,41.1121],[-75.633,41.1085],[-75.6282,41.1069],[-75.6248,41.1114],[-75.62,41.109],[-75.6206,41.1067],[-75.6159,41.1048],[-75.614,41.0997],[-75.6143,41.0962],[-75.6127,41.0942],[-75.6075,41.0945],[-75.6041,41.0934],[-75.6061,41.0856],[-75.6053,41.0847],[-75.6008,41.0845],[-75.5897,41.077],[-75.6013,41.0803],[-75.6118,41.0787],[-75.6259,41.0832],[-75.6365,41.0824],[-75.6617,41.0797],[-75.6877,41.0696],[-75.702,41.0663],[-75.6561,41.0213],[-75.6449,41.0039],[-75.6506,41.0017],[-75.6561,41.0023],[-75.6612,41.0058],[-75.6638,41.0033],[-75.6714,41.004],[-75.6851,41.0],[-75.7031,40.9916],[-75.7084,40.9921],[-75.7111,40.9888],[-75.7193,40.9854],[-75.7257,40.981],[-75.7514,40.9729],[-75.7546,40.9685],[-75.7544,40.9662],[-75.7516,40.9658],[-75.7443,40.9706],[-75.7346,40.9686],[-75.7239,40.9694],[-75.7194,40.9717],[-75.7143,40.9719],[-75.7064,40.9653],[-75.7018,40.9524],[-75.7037,40.9516],[-75.7123,40.9556],[-75.718,40.9538],[-75.7444,40.9504],[-75.7466,40.9482],[-75.746,40.9447],[-75.74,40.9359],[-75.7407,40.931],[-75.744,40.9277],[-75.7443,40.9249],[-75.7389,40.919],[-75.7368,40.9081],[-75.7377,40.9066],[-75.7398,40.9062],[-75.748,40.9077],[-75.7477,40.9056],[-75.7411,40.9011],[-75.7415,40.8969],[-75.7457,40.8949],[-75.7539,40.8949],[-75.7593,40.8823],[-75.7916,40.8988],[-75.799,40.9041],[-75.9264,40.8517],[-75.9789,40.8968]]]}},{"type":"Feature","properties":{"geoid":"4221810","name":"Solanco School District"},"geometry":{"type":"Polygon","coordinates":[[[-76.3124,39.8054],[-76.3028,39.8105],[-76.3035,39.8144],[-76.3018,39.8163],[-76.3025,39.8184],[-76.2937,39.8243],[-76.2862,39.8326],[-76.2856,39.8412],[-76.2818,39.8401],[-76.2787,39.8415],[-76.2788,39.8438],[-76.2753,39.8465],[-76.2665,39.8466],[-76.2622,39.8486],[-76.2653,39.8525],[-76.262,39.8573],[-76.2673,39.8634],[-76.2557,39.8676],[-76.2894,39.9292],[-76.2887,39.9301],[-76.2907,39.9317],[-76.2888,39.934],[-76.2836,39.9346],[-76.2723,39.9335],[-76.2701,39.9376],[-76.2619,39.9338],[-76.2602,39.9364],[-76.2589,39.9427],[-76.2521,39.9479],[-76.25,39.9478],[-76.2491,39.9455],[-76.2499,39.9434],[-76.2429,39.9442],[-76.2408,39.9396],[-76.2357,39.9352],[-76.2336,39.936],[-76.2331,39.9396],[-76.2315,39.9402],[-76.2251,39.9385],[-76.2251,39.9415],[-76.2217,39.9421],[-76.2181,39.9375],[-76.2143,39.9359],[-76.2058,39.9375],[-76.2021,39.9335],[-76.2021,39.9315],[-76.1997,39.9281],[-76.1925,39.9235],[-76.1907,39.9203],[-76.1769,39.9177],[-76.1741,39.9306],[-76.0713,39.9687],[-76.0592,39.9516],[-76.0547,39.9322],[-76.0389,39.9229],[-76.0191,39.8942],[-76.0017,39.8747],[-76.0041,39.8729],[-76.0059,39.8666],[-76.0076,39.8523],[-76.0188,39.8541],[-76.0228,39.8498],[-76.0225,39.8485],[-76.021,39.8495],[-76.0208,39.845],[-76.0188,39.8405],[-76.0198,39.8397],[-76.0178,39.8382],[-76.0165,39.8315],[-76.0228,39.8308],[-76.0238,39.8271],[-76.027,39.8242],[-76.0302,39.824],[-76.0331,39.826],[-76.0376,39.8269],[-76.0363,39.8233],[-76.0311,39.8175],[-76.0311,39.8148],[-76.0296,39.813],[-76.0352,39.8118],[-76.0351,39.8081],[-76.0392,39.8012],[-76.0457,39.8038],[-76.0483,39.804],[-76.0497,39.8024],[-76.0457,39.801],[-76.0435,39.7979],[-76.0413,39.7969],[-76.0451,39.793],[-76.0436,39.7912],[-76.0485,39.7892],[-76.0497,39.7838],[-76.0554,39.7803],[-76.0584,39.7799],[-76.0605,39.775],[-76.0646,39.7712],[-76.0626,39.7645],[-76.0667,39.76],[-76.0765,39.7618],[-76.0819,39.7614],[-76.0858,39.7559],[-76.0826,39.7531],[-76.0843,39.7483],[-76.088,39.7449],[-76.093,39.7428],[-76.0969,39.7431],[-76.0986,39.7455],[-76.1003,39.7457],[-76.1021,39.7399],[-76.0962,39.7372],[-76.0926,39.7335],[-76.0999,39.7274],[-76.1018,39.7243],[-76.1052,39.724],[-76.1106,39.7276],[-76.1086,39.7348],[-76.1136,39.7371],[-76.1199,39.7364],[-76.1207,39.7351],[-76.1203,39.7298],[-76.1182,39.7254],[-76.1193,39.7234],[-76.1223,39.7234],[-76.1247,39.7266],[-76.1276,39.7276],[-76.1344,39.7271],[-76.1367,39.7253],[-76.1356,39.7216],[-76.2398,39.7213],[-76.2388,39.726],[-76.2422,39.7329],[-76.2496,39.74],[-76.2566,39.75],[-76.2606,39.752],[-76.2675,39.7594],[-76.2783,39.7785],[-76.2842,39.7807],[-76.2902,39.785],[-76.3124,39.8054]]]}},{"type":"Feature","properties":{"geoid":"4205550","name":"Chambersburg Area School District"},"geometry":{"type":"Polygon","coordinates":[[[-77.8587,40.0063],[-77.8448,40.0179],[-77.827,40.037],[-77.8213,40.0419],[-77.8142,40.0456],[-77.8061,40.0534],[-77.7973,40.0595],[-77.7856,40.0715],[-77.7825,40.073],[-77.7752,40.0826],[-77.7715,40.0848],[-77.7632,40.0817],[-77.7223,40.1126],[-77.7214,40.1114],[-77.7175,40.112],[-77.7073,40.1171],[-77.6719,40.1522],[-77.6515,40.1705],[-77.6308,40.1849],[-77.6275,40.1886],[-77.6136,40.1702],[-77.6143,40.1669],[-77.6129,40.1612],[-77.6083,40.1527],[-77.6042,40.1514],[-77.6015,40.1479],[-77.5932,40.1422],[-77.5923,40.1386],[-77.593,40.1354],[-77.5903,40.1339],[-77.5817,40.1341],[-77.5747,40.1277],[-77.5684,40.1259],[-77.5646,40.1217],[-77.5645,40.1198],[-77.5629,40.1193],[-77.5626,40.1142],[-77.5592,40.1053],[-77.5695,40.1033],[-77.5741,40.1039],[-77.5744,40.1017],[-77.5708,40.098],[-77.5692,40.0934],[-77.579,40.0879],[-77.5983,40.0837],[-77.5991,40.0826],[-77.5931,40.0728],[-77.5962,40.0712],[-77.5984,40.0724],[-77.6038,40.0681],[-77.6084,40.0696],[-77.6122,40.0691],[-77.613,40.0657],[-77.6118,40.0627],[-77.6168,40.0595],[-77.6244,40.0583],[-77.6244,40.0557],[-77.626,40.0545],[-77.6253,40.0514],[-77.6299,40.0506],[-77.6315,40.0518],[-77.6309,40.0483],[-77.6193,40.0349],[-77.5858,40.01],[-77.538,39.9816],[-77.5318,39.9812],[-77.5259,39.9759],[-77.5207,39.9739],[-77.5151,39.9698],[-77.5039,39.9674],[-77.4984,39.9605],[-77.494,39.9572],[-77.471,39.9443],[-77.4665,39.8686],[-77.4859,39.8779],[-77.5066,39.8711],[-77.5234,39.8597],[-77.5321,39.8503],[-77.7315,39.85],[-77.7556,39.8582],[-77.7566,39.8703],[-77.7535,39.8736],[-77.7498,39.8745],[-77.7485,39.8779],[-77.7462,39.8797],[-77.7437,39.8803],[-77.7398,39.8895],[-77.7417,39.8951],[-77.7447,39.897],[-77.7464,39.9013],[-77.7452,39.905],[-77.7421,39.9059],[-77.7409,39.9082],[-77.7404,39.9118],[-77.7429,39.9166],[-77.7426,39.9194],[-77.7391,39.9197],[-77.737,39.9229],[-77.7381,39.9288],[-77.7345,39.9328],[-77.734,39.9361],[-77.7323,39.9371],[-77.7395,39.9437],[-77.7393,39.946],[-77.7418,39.9489],[-77.7386,39.9495],[-77.7435,39.9528],[-77.7468,39.9525],[-77.7544,39.9597],[-77.7611,39.9628],[-77.7759,39.9652],[-77.822,39.9831],[-77.8632,40.0009],[-77.8587,40.0063]]]}},{"type":"Feature","properties":{"geoid":"4226520","name":"Wilmington Area School District"},"geometry":{"type":"Polygon","coordinates":[[[-80.5192,41.1054],[-80.519,41.1251],[-80.3851,41.1265],[-80.3849,41.1539],[-80.2571,41.1572],[-80.2562,41.1281],[-80.2579,41.1281],[-80.2579,41.1172],[-80.1473,41.1139],[-80.0983,41.0711],[-80.136,41.0323],[-80.1588,41.046],[-80.1872,41.0578],[-80.1869,41.0514],[-80.2591,41.0506],[-80.2583,41.0802],[-80.3182,41.0786],[-80.3192,41.0809],[-80.3152,41.0828],[-80.384,41.0816],[-80.3839,41.0629],[-80.519,41.0615],[-80.5192,41.1054]]]}},{"type":"Feature","properties":{"geoid":"4203688","name":"Blackhawk School District"},"geometry":{"type":"Polygon","coordinates":[[[-80.5191,40.8492],[-80.519,40.8513],[-80.4661,40.8519],[-80.4629,40.8599],[-80.4593,40.8619],[-80.4539,40.8596],[-80.4489,40.8592],[-80.4504,40.8583],[-80.4457,40.8521],[-80.4085,40.8524],[-80.4089,40.7995],[-80.3829,40.7977],[-80.383,40.7959],[-80.3801,40.7936],[-80.3644,40.7948],[-80.3453,40.7893],[-80.3352,40.7883],[-80.3313,40.7826],[-80.3306,40.7728],[-80.3448,40.7723],[-80.3445,40.7651],[-80.3424,40.7599],[-80.3366,40.7624],[-80.3321,40.7618],[-80.3318,40.7491],[-80.32,40.7388],[-80.3156,40.7335],[-80.3177,40.7333],[-80.3171,40.7308],[-80.3242,40.7235],[-80.3374,40.733],[-80.3395,40.7392],[-80.3388,40.7405],[-80.419,40.7159],[-80.4563,40.7134],[-80.4647,40.7185],[-80.482,40.7233],[-80.4911,40.7313],[-80.4974,40.7309],[-80.5084,40.7329],[-80.5095,40.734],[-80.519,40.7337],[-80.5191,40.8492]]]}},{"type":"Feature","properties":{"geoid":"4209660","name":"Fannett-Metal School District"},"geometry":{"type":"Polygon","coordinates":[[[-77.9378,39.9489],[-77.9366,39.9611],[-77.9338,39.9654],[-77.9323,39.9726],[-77.9299,39.974],[-77.9266,39.9792],[-77.9198,39.9927],[-77.9211,39.9962],[-77.9195,40.0034],[-77.9056,40.0187],[-77.9048,40.0228],[-77.8936,40.0331],[-77.8817,40.0502],[-77.8767,40.0547],[-77.8614,40.063],[-77.8594,40.0652],[-77.828,40.1168],[-77.8159,40.1324],[-77.7964,40.1668],[-77.7683,40.2041],[-77.7376,40.2374],[-77.7242,40.2501],[-77.7135,40.2565],[-77.7084,40.2613],[-77.699,40.2658],[-77.6852,40.2763],[-77.66,40.302],[-77.6397,40.3198],[-77.611,40.3404],[-77.5938,40.351],[-77.5771,40.3343],[-77.646,40.2827],[-77.6597,40.2745],[-77.6564,40.2704],[-77.6703,40.2594],[-77.6712,40.2576],[-77.6677,40.252],[-77.6534,40.2574],[-77.6495,40.2576],[-77.6457,40.256],[-77.645,40.2539],[-77.65,40.248],[-77.6454,40.2389],[-77.6502,40.2287],[-77.6476,40.2225],[-77.6459,40.2238],[-77.6453,40.2225],[-77.6434,40.2232],[-77.6428,40.2181],[-77.6399,40.2177],[-77.6162,40.2326],[-77.6092,40.2328],[-77.6066,40.2297],[-77.6027,40.2282],[-77.6049,40.2249],[-77.605,40.2055],[-77.6292,40.1873],[-77.6308,40.1849],[-77.6515,40.1705],[-77.676,40.1485],[-77.7073,40.1171],[-77.7175,40.112],[-77.7214,40.1114],[-77.7223,40.1126],[-77.7632,40.0817],[-77.7715,40.0848],[-77.7752,40.0826],[-77.7825,40.073],[-77.7856,40.0715],[-77.7973,40.0595],[-77.8061,40.0534],[-77.8142,40.0456],[-77.8213,40.0419],[-77.827,40.037],[-77.8448,40.0179],[-77.8563,40.009],[-77.8705,39.9919],[-77.8737,39.9825],[-77.8735,39.9767],[-77.8762,39.9686],[-77.8799,39.9624],[-77.8809,39.9573],[-77.883,39.956],[-77.8854,39.9464],[-77.9149,39.9437],[-77.9229,39.9412],[-77.944,39.9406],[-77.9378,39.9489]]]}},{"type":"Feature","properties":{"geoid":"4211010","name":"Greencastle-Antrim School District"},"geometry":{"type":"Polygon","coordinates":[[[-77.8119,39.7332],[-77.8064,39.7387],[-77.8012,39.7408],[-77.7947,39.7418],[-77.7858,39.7393],[-77.7827,39.7413],[-77.7834,39.7439],[-77.7859,39.7458],[-77.8008,39.7519],[-77.7993,39.7579],[-77.8015,39.7609],[-77.8105,39.7668],[-77.8088,39.7703],[-77.8077,39.7788],[-77.7981,39.7996],[-77.7872,39.8173],[-77.7909,39.8195],[-77.7908,39.8225],[-77.7895,39.8241],[-77.7797,39.8269],[-77.7811,39.8301],[-77.7886,39.836],[-77.791,39.8365],[-77.7958,39.8407],[-77.8006,39.8423],[-77.8008,39.8474],[-77.7909,39.8468],[-77.7743,39.8482],[-77.7642,39.851],[-77.7596,39.8499],[-77.7581,39.8509],[-77.7533,39.8482],[-77.7507,39.8482],[-77.749,39.8503],[-77.7493,39.8561],[-77.7315,39.85],[-77.6411,39.8501],[-77.6394,39.7953],[-77.6404,39.788],[-77.6431,39.7852],[-77.646,39.7783],[-77.6494,39.7644],[-77.6484,39.7643],[-77.6475,39.7609],[-77.6473,39.7551],[-77.6509,39.7446],[-77.6549,39.7393],[-77.6627,39.7336],[-77.6648,39.7293],[-77.6641,39.7282],[-77.6677,39.7247],[-77.6696,39.7208],[-77.79,39.7215],[-77.8012,39.7259],[-77.8077,39.7267],[-77.8113,39.7292],[-77.8119,39.7332]]]}},{"type":"Feature","properties":{"geoid":"4202910","name":"Bald Eagle Area School District"},"geometry":{"type":"Polygon","coordinates":[[[-78.1359,40.8165],[-78.0134,40.8889],[-77.9641,40.9236],[-77.9859,40.9403],[-78.0604,41.0042],[-78.0583,41.0037],[-78.0557,41.0049],[-78.056,41.0083],[-78.0601,41.0122],[-78.062,41.0133],[-78.0691,41.0132],[-78.0698,41.0147],[-78.0679,41.0195],[-78.0756,41.0222],[-78.0749,41.0236],[-78.0705,41.0249],[-78.0713,41.0266],[-78.0773,41.0266],[-78.0803,41.0307],[-78.0783,41.0341],[-78.0693,41.0327],[-78.0656,41.0358],[-78.0571,41.0375],[-78.0573,41.0394],[-78.0641,41.0459],[-78.0594,41.0508],[-78.0599,41.0522],[-78.0624,41.0532],[-78.0682,41.05],[-78.0714,41.0499],[-78.0728,41.0519],[-78.0732,41.0565],[-78.0756,41.0597],[-78.0846,41.0574],[-78.0904,41.0582],[-78.0888,41.0634],[-78.0851,41.0681],[-78.0958,41.0709],[-78.0972,41.0723],[-78.0937,41.0758],[-78.0927,41.0796],[-78.0981,41.086],[-78.1123,41.1136],[-78.1093,41.1171],[-78.1033,41.1212],[-78.1003,41.1218],[-78.0948,41.1197],[-78.0938,41.1164],[-78.0892,41.116],[-78.0866,41.1194],[-78.0864,41.1236],[-78.0841,41.1259],[-78.0777,41.1252],[-78.0737,41.1221],[-78.0704,41.1219],[-78.0687,41.1243],[-78.0704,41.1306],[-78.0656,41.1323],[-78.0588,41.1309],[-78.056,41.132],[-78.0527,41.1453],[-78.0434,41.1465],[-78.0382,41.1536],[-78.035,41.1539],[-78.0286,41.1503],[-78.0157,41.1529],[-78.0107,41.1439],[-78.0059,41.1436],[-78.0036,41.1449],[-78.001,41.1478],[-78.0003,41.151],[-78.0018,41.1581],[-78.0008,41.1617],[-77.9992,41.163],[-77.9903,41.1617],[-77.9879,41.1626],[-77.9842,41.1702],[-77.973,41.173],[-77.9708,41.1747],[-77.9737,41.1924],[-77.9731,41.2042],[-77.9708,41.2067],[-77.9656,41.2096],[-77.9594,41.2175],[-77.9556,41.2174],[-77.9436,41.2103],[-77.9408,41.2094],[-77.9371,41.2103],[-77.9357,41.2117],[-77.9356,41.2149],[-77.9388,41.2198],[-77.9379,41.2248],[-77.9363,41.226],[-77.9236,41.2264],[-77.9218,41.2275],[-77.9138,41.2406],[-77.8983,41.2527],[-77.8977,41.1769],[-77.8608,41.177],[-77.7869,41.0717],[-77.77,41.0452],[-77.7733,41.0441],[-77.7662,41.034],[-77.763,41.0353],[-77.7513,41.0186],[-77.73,41.0206],[-77.7042,41.0316],[-77.6706,41.0541],[-77.6243,41.0163],[-77.6459,41.0043],[-77.6682,40.9884],[-77.692,40.976],[-77.733,40.9479],[-77.78,40.9284],[-77.8131,40.9189],[-77.8754,40.8904],[-77.9049,40.8705],[-77.9083,40.8665],[-77.9148,40.8648],[-77.9229,40.8605],[-77.9323,40.8527],[-77.9584,40.8403],[-77.9826,40.831],[-77.9982,40.8209],[-78.0034,40.8191],[-78.0185,40.81],[-78.0284,40.804],[-78.0519,40.7844],[-78.0638,40.776],[-78.1359,40.8165]]]}},{"type":"Feature","properties":{"geoid":"4214850","name":"Central Fulton School District"},"geometry":{"type":"Polygon","coordinates":[[[-78.1749,39.9511],[-78.1705,39.9544],[-78.137,39.9929],[-78.1308,40.0022],[-78.1271,40.0166],[-78.1277,40.0235],[-78.1196,40.0254],[-78.117,40.0297],[-78.0821,40.0231],[-78.0626,40.0269],[-77.9805,40.0023],[-77.9591,40.0211],[-77.9439,40.0387],[-77.9318,40.0458],[-77.8893,40.04],[-77.8936,40.0331],[-77.9048,40.0228],[-77.9056,40.0187],[-77.9195,40.0034],[-77.9211,39.9962],[-77.9198,39.9927],[-77.9266,39.9792],[-77.9299,39.974],[-77.9323,39.9726],[-77.9338,39.9654],[-77.9366,39.9611],[-77.9378,39.9489],[-77.9473,39.9349],[-77.9532,39.9316],[-77.9555,39.9289],[-77.9562,39.927],[-77.9544,39.9232],[-77.9564,39.915],[-77.9588,39.9119],[-77.9627,39.9017],[-77.9647,39.8996],[-77.9651,39.8946],[-77.969,39.8888],[-77.9751,39.8718],[-77.9806,39.8618],[-78.0027,39.8266],[-78.0191,39.8071],[-78.0305,39.7979],[-78.089,39.8104],[-78.0815,39.8245],[-78.081,39.8289],[-78.0764,39.8404],[-78.0794,39.8437],[-78.0757,39.8519],[-78.0742,39.8606],[-78.0695,39.8679],[-78.0683,39.8732],[-78.0709,39.8769],[-78.0722,39.8824],[-78.0722,39.8948],[-78.0689,39.9114],[-78.1785,39.9495],[-78.1749,39.9511]]]}},{"type":"Feature","properties":{"geoid":"4206090","name":"Clarion-Limestone Area School District"},"geometry":{"type":"Polygon","coordinates":[[[-79.4,41.2266],[-79.3957,41.2271],[-79.3897,41.2251],[-79.3911,41.2214],[-79.3961,41.2225],[-79.3952,41.218],[-79.3964,41.2166],[-79.3933,41.2156],[-79.3952,41.213],[-79.3899,41.2116],[-79.3912,41.2097],[-79.3853,41.2061],[-79.3864,41.2055],[-79.3858,41.2034],[-79.3819,41.2016],[-79.375,41.2016],[-79.3769,41.2002],[-79.3711,41.1958],[-79.3675,41.1963],[-79.3667,41.2045],[-79.3641,41.2044],[-79.3636,41.2069],[-79.368,41.2073],[-79.3659,41.2106],[-79.3744,41.2124],[-79.3744,41.2161],[-79.376,41.2179],[-79.3681,41.2221],[-79.3633,41.2227],[-79.3526,41.2147],[-79.3451,41.2183],[-79.3391,41.2238],[-79.3371,41.2281],[-79.3253,41.2301],[-79.3235,41.2317],[-79.3216,41.2382],[-79.313,41.243],[-79.3164,41.2578],[-79.3129,41.2605],[-79.3073,41.2615],[-79.3024,41.2647],[-79.3033,41.2689],[-79.3085,41.2704],[-79.3089,41.2715],[-79.304,41.2764],[-79.2919,41.2817],[-79.2884,41.2881],[-79.2847,41.2905],[-79.2774,41.2894],[-79.2713,41.2902],[-79.2697,41.2914],[-79.2696,41.3015],[-79.2682,41.3035],[-79.2628,41.3046],[-79.2582,41.3083],[-79.2543,41.3074],[-79.2497,41.3042],[-79.2469,41.3047],[-79.2446,41.3067],[-79.2432,41.3141],[-79.2414,41.3161],[-79.2328,41.3176],[-79.2288,41.32],[-79.2242,41.3197],[-79.2158,41.3169],[-79.2091,41.317],[-79.2097,41.2349],[-79.2009,41.2347],[-79.1998,41.2324],[-79.193,41.2305],[-79.1886,41.2308],[-79.1837,41.2269],[-79.1802,41.2281],[-79.1697,41.2271],[-79.1654,41.2228],[-79.1631,41.223],[-79.161,41.2204],[-79.1563,41.2193],[-79.1544,41.2169],[-79.1511,41.2164],[-79.1428,41.2116],[-79.139,41.2076],[-79.1357,41.2071],[-79.125,41.2004],[-79.1342,41.1596],[-79.2104,41.1612],[-79.2112,41.1126],[-79.275,41.1028],[-79.365,41.0916],[-79.3634,41.1364],[-79.3565,41.1452],[-79.3613,41.1626],[-79.3711,41.161],[-79.4036,41.2228],[-79.4,41.2266]]]}},{"type":"Feature","properties":{"geoid":"4216020","name":"Mount Union Area School District"},"geometry":{"type":"Polygon","coordinates":[[[-78.1079,40.3509],[-78.0914,40.3529],[-78.0718,40.3529],[-78.0689,40.3605],[-78.0549,40.3658],[-78.0423,40.3763],[-78.0254,40.3877],[-78.0221,40.3916],[-78.0134,40.397],[-78.0039,40.407],[-77.9956,40.4082],[-77.9912,40.4177],[-77.9554,40.4432],[-77.9361,40.4372],[-77.9319,40.4316],[-77.9319,40.4192],[-77.9342,40.4157],[-77.9371,40.4144],[-77.9393,40.4102],[-77.9385,40.4042],[-77.9402,40.396],[-77.9392,40.3943],[-77.9328,40.3922],[-77.9218,40.3941],[-77.9111,40.3899],[-77.9045,40.3892],[-77.8877,40.3914],[-77.8891,40.3922],[-77.8891,40.3986],[-77.9138,40.3987],[-77.9122,40.4087],[-77.9081,40.414],[-77.8968,40.4174],[-77.8901,40.4273],[-77.8702,40.4452],[-77.8441,40.4734],[-77.8359,40.4842],[-77.8259,40.4928],[-77.7929,40.4691],[-77.7219,40.4085],[-77.7521,40.3785],[-77.7393,40.3492],[-77.7979,40.285],[-77.833,40.2895],[-77.856,40.263],[-77.8879,40.2734],[-77.9093,40.2878],[-77.9136,40.2854],[-77.9208,40.292],[-77.9215,40.2944],[-77.9616,40.3138],[-77.9606,40.3241],[-78.0074,40.3298],[-78.0086,40.3268],[-78.113,40.3489],[-78.1079,40.3509]]]}},{"type":"Feature","properties":{"geoid":"4222320","name":"Southern Huntingdon County School District"},"geometry":{"type":"Polygon","coordinates":[[[-78.1181,40.3462],[-78.113,40.3489],[-78.0086,40.3268],[-78.0074,40.3298],[-77.9606,40.3241],[-77.9616,40.3138],[-77.9215,40.2944],[-77.9208,40.292],[-77.9136,40.2854],[-77.9093,40.2878],[-77.8879,40.2734],[-77.856,40.263],[-77.833,40.2895],[-77.7979,40.285],[-77.7393,40.3492],[-77.703,40.2639],[-77.7084,40.2613],[-77.7135,40.2565],[-77.7242,40.2501],[-77.7376,40.2374],[-77.7683,40.2041],[-77.7964,40.1668],[-77.8159,40.1324],[-77.828,40.1168],[-77.8594,40.0652],[-77.8645,40.0616],[-77.9256,40.104],[-77.9259,40.1019],[-78.0784,40.1332],[-78.0739,40.1396],[-78.0626,40.1638],[-78.0527,40.1919],[-78.05,40.2046],[-78.0452,40.2153],[-78.0415,40.2299],[-78.0313,40.2563],[-78.0467,40.2732],[-78.0714,40.2935],[-78.0717,40.2949],[-78.0838,40.3028],[-78.1239,40.3425],[-78.1181,40.3462]]]}},{"type":"Feature","properties":{"geoid":"4222470","name":"South Western School District"},"geometry":{"type":"Polygon","coordinates":[[[-77.0003,39.8312],[-76.9907,39.8343],[-76.983,39.8414],[-76.9786,39.8477],[-76.9741,39.8497],[-76.9648,39.8508],[-76.9572,39.8557],[-76.9555,39.8287],[-76.9488,39.8164],[-76.945,39.8111],[-76.915,39.789],[-76.9121,39.7921],[-76.9053,39.7942],[-76.9043,39.7968],[-76.8982,39.8003],[-76.8951,39.8047],[-76.8894,39.806],[-76.886,39.805],[-76.8836,39.8062],[-76.8771,39.8165],[-76.8763,39.8136],[-76.8699,39.8061],[-76.8682,39.8062],[-76.8672,39.8036],[-76.8607,39.7996],[-76.859,39.7968],[-76.8587,39.7931],[-76.853,39.7901],[-76.8531,39.789],[-76.8502,39.7867],[-76.8477,39.7867],[-76.8344,39.7762],[-76.8169,39.7595],[-76.8162,39.7557],[-76.8178,39.7531],[-76.8149,39.75],[-76.8005,39.7207],[-76.9993,39.7198],[-76.9996,39.795],[-76.994,39.7994],[-76.9933,39.7966],[-76.9864,39.7912],[-76.9825,39.7932],[-76.9754,39.7933],[-76.9759,39.7948],[-76.9739,39.798],[-76.9717,39.7984],[-76.9703,39.8081],[-76.966,39.8132],[-76.9631,39.8148],[-76.967,39.8205],[-76.9647,39.8203],[-76.9635,39.8217],[-76.9693,39.8244],[-76.9727,39.8274],[-76.9763,39.8257],[-76.9846,39.8318],[-76.9852,39.8306],[-76.9917,39.8307],[-76.9927,39.8297],[-76.9922,39.8256],[-76.999,39.826],[-76.9956,39.8198],[-76.9966,39.8178],[-76.999,39.8177],[-77.0003,39.8312]]]}},{"type":"Feature","properties":{"geoid":"4226820","name":"York City School District"},"geometry":{"type":"Polygon","coordinates":[[[-76.7628,39.9653],[-76.7551,39.9661],[-76.7558,39.9693],[-76.7513,39.9696],[-76.7568,39.9772],[-76.757,39.9752],[-76.762,39.974],[-76.7626,39.9766],[-76.7608,39.9781],[-76.7574,39.9779],[-76.7598,39.98],[-76.7467,39.9926],[-76.7434,39.9878],[-76.7452,39.9847],[-76.7431,39.973],[-76.7318,39.9718],[-76.7309,39.9686],[-76.7298,39.9727],[-76.7263,39.9741],[-76.7241,39.9688],[-76.7175,39.9724],[-76.7068,39.9756],[-76.7063,39.9787],[-76.7034,39.9784],[-76.7034,39.9762],[-76.7019,39.9765],[-76.7008,39.9722],[-76.7031,39.972],[-76.7,39.9674],[-76.6994,39.9618],[-76.7073,39.9613],[-76.7038,39.9513],[-76.7019,39.9514],[-76.7018,39.9492],[-76.7038,39.9485],[-76.7124,39.9528],[-76.7087,39.9492],[-76.7171,39.9468],[-76.7158,39.9434],[-76.7167,39.9428],[-76.7183,39.9457],[-76.7196,39.9449],[-76.7219,39.9494],[-76.731,39.9479],[-76.7364,39.9533],[-76.746,39.9494],[-76.7512,39.956],[-76.7516,39.9587],[-76.762,39.9619],[-76.7628,39.9653]]]}},{"type":"Feature","properties":{"geoid":"4211190","name":"Greenwood School District"},"geometry":{"type":"Polygon","coordinates":[[[-77.318,40.5048],[-77.2896,40.5185],[-77.2806,40.5201],[-77.2767,40.5228],[-77.2317,40.5385],[-77.1985,40.5523],[-77.1676,40.5595],[-77.1829,40.5821],[-77.1632,40.5869],[-77.1747,40.633],[-77.1667,40.6359],[-77.1534,40.6365],[-77.1168,40.6425],[-77.0857,40.6503],[-77.0638,40.654],[-77.0636,40.5996],[-77.042,40.6042],[-77.0233,40.6043],[-77.0001,40.6109],[-76.9561,40.6279],[-76.9491,40.6282],[-76.9508,40.627],[-76.9529,40.6198],[-76.9539,40.6014],[-76.9574,40.5947],[-76.9653,40.587],[-76.9837,40.5783],[-76.9882,40.5746],[-76.9924,40.5679],[-76.993,40.564],[-76.9919,40.5615],[-76.998,40.56],[-76.9994,40.5626],[-77.0096,40.5595],[-77.0151,40.5568],[-77.0231,40.5497],[-77.0289,40.5474],[-77.0393,40.5386],[-77.0478,40.5336],[-77.0688,40.5253],[-77.0858,40.5166],[-77.1131,40.5079],[-77.1185,40.5048],[-77.1313,40.5045],[-77.1324,40.5156],[-77.1343,40.52],[-77.1395,40.5257],[-77.1713,40.518],[-77.1901,40.5154],[-77.2073,40.5073],[-77.2288,40.4909],[-77.2274,40.4896],[-77.2872,40.4554],[-77.3381,40.4953],[-77.318,40.5048]]]}},{"type":"Feature","properties":{"geoid":"4217770","name":"Northgate School District"},"geometry":{"type":"Polygon","coordinates":[[[-80.0754,40.5088],[-80.0685,40.509],[-80.0616,40.5058],[-80.0583,40.5082],[-80.0479,40.5022],[-80.0513,40.4965],[-80.046,40.4949],[-80.0446,40.4917],[-80.0464,40.4872],[-80.0532,40.4822],[-80.0636,40.4889],[-80.075,40.4984],[-80.0754,40.5088]]]}},{"type":"Feature","properties":{"geoid":"4219350","name":"Plum Borough School District"},"geometry":{"type":"Polygon","coordinates":[[[-79.8353,40.5326],[-79.8206,40.5364],[-79.805,40.5375],[-79.7838,40.5341],[-79.7766,40.5349],[-79.7661,40.5407],[-79.7637,40.546],[-79.7651,40.5492],[-79.7601,40.5511],[-79.7543,40.5504],[-79.7517,40.5518],[-79.7427,40.5485],[-79.7357,40.549],[-79.7319,40.5451],[-79.7224,40.5422],[-79.7144,40.5329],[-79.7102,40.5323],[-79.7051,40.5271],[-79.7016,40.5254],[-79.704,40.4437],[-79.7095,40.4481],[-79.7114,40.4459],[-79.7195,40.4473],[-79.7389,40.4578],[-79.7446,40.4566],[-79.7482,40.4572],[-79.7535,40.4603],[-79.7586,40.4599],[-79.7621,40.4618],[-79.7681,40.462],[-79.7739,40.4597],[-79.7793,40.461],[-79.7769,40.4657],[-79.7789,40.4762],[-79.7781,40.4782],[-79.7799,40.4785],[-79.7787,40.4809],[-79.784,40.4872],[-79.7834,40.4899],[-79.7854,40.4918],[-79.784,40.4945],[-79.7887,40.4957],[-79.7882,40.4995],[-79.7924,40.5035],[-79.7918,40.5079],[-79.794,40.5118],[-79.7992,40.5105],[-79.8023,40.5143],[-79.8067,40.5136],[-79.807,40.5181],[-79.8087,40.5161],[-79.8128,40.5165],[-79.8152,40.5144],[-79.8167,40.5149],[-79.8167,40.5177],[-79.8203,40.5181],[-79.8192,40.5233],[-79.8209,40.5262],[-79.8279,40.5246],[-79.8281,40.528],[-79.8367,40.5303],[-79.8353,40.5326]]]}},{"type":"Feature","properties":{"geoid":"4222060","name":"South Park School District"},"geometry":{"type":"Polygon","coordinates":[[[-80.0304,40.292],[-80.0238,40.2984],[-79.9981,40.3382],[-79.9867,40.3312],[-79.9803,40.3233],[-79.979,40.3117],[-79.9764,40.3092],[-79.9764,40.306],[-79.9728,40.2997],[-79.971,40.2923],[-79.9655,40.2888],[-79.9639,40.2823],[-79.965,40.2811],[-79.9561,40.278],[-79.9691,40.2686],[-80.0333,40.2875],[-80.0304,40.292]]]}},{"type":"Feature","properties":{"geoid":"4224570","name":"Upper St. Clair School District"},"geometry":{"type":"Polygon","coordinates":[[[-80.1182,40.3171],[-80.1159,40.3189],[-80.1156,40.3229],[-80.1124,40.3246],[-80.1097,40.324],[-80.1034,40.3252],[-80.1007,40.3282],[-80.101,40.3325],[-80.1135,40.3315],[-80.1154,40.3337],[-80.108,40.3469],[-80.108,40.3483],[-80.1101,40.3489],[-80.1101,40.3516],[-80.108,40.3514],[-80.1062,40.3489],[-80.0993,40.3494],[-80.0956,40.3533],[-80.0902,40.3504],[-80.0877,40.3524],[-80.099,40.3576],[-80.0976,40.3579],[-80.0952,40.3634],[-80.093,40.3621],[-80.0875,40.3622],[-80.0869,40.364],[-80.0857,40.363],[-80.0814,40.3643],[-80.0705,40.3635],[-80.0643,40.3617],[-80.0509,40.353],[-80.0565,40.3428],[-80.074,40.2998],[-80.1163,40.3127],[-80.1164,40.3155],[-80.1182,40.3171]]]}},{"type":"Feature","properties":{"geoid":"4225680","name":"West Mifflin Area School District"},"geometry":{"type":"Polygon","coordinates":[[[-79.9654,40.3457],[-79.9545,40.3586],[-79.9503,40.3607],[-79.9479,40.3689],[-79.9406,40.3747],[-79.925,40.3751],[-79.9207,40.3654],[-79.9119,40.365],[-79.9108,40.3628],[-79.9082,40.3636],[-79.9072,40.3615],[-79.9003,40.3653],[-79.9034,40.3719],[-79.9086,40.3705],[-79.9118,40.3728],[-79.9088,40.3767],[-79.8979,40.3752],[-79.896,40.3764],[-79.8913,40.3764],[-79.891,40.3794],[-79.8894,40.3808],[-79.8908,40.3817],[-79.89,40.3837],[-79.8909,40.383],[-79.8946,40.3842],[-79.8937,40.3954],[-79.8961,40.3984],[-79.8842,40.403],[-79.8871,40.407],[-79.8812,40.4056],[-79.8641,40.3923],[-79.8545,40.3888],[-79.8689,40.3819],[-79.8573,40.3709],[-79.8595,40.367],[-79.8568,40.3656],[-79.8543,40.3611],[-79.847,40.3603],[-79.8479,40.3569],[-79.8767,40.3543],[-79.8772,40.3577],[-79.8848,40.3574],[-79.8859,40.3593],[-79.8995,40.3561],[-79.9025,40.3525],[-79.9062,40.3524],[-79.895,40.3443],[-79.8962,40.3418],[-79.8919,40.339],[-79.8965,40.3304],[-79.8976,40.3218],[-79.8967,40.3197],[-79.9258,40.3256],[-79.9271,40.3245],[-79.9291,40.3259],[-79.9313,40.3255],[-79.9315,40.3269],[-79.9654,40.3457]]]}},{"type":"Feature","properties":{"geoid":"4202590","name":"Armstrong School District"},"geometry":{"type":"Polygon","coordinates":[[[-79.6928,40.7892],[-79.6913,40.8948],[-79.581,40.8939],[-79.5823,40.9234],[-79.5852,40.9373],[-79.5871,40.974],[-79.5811,40.9804],[-79.5728,40.9853],[-79.5662,40.9858],[-79.5575,40.9838],[-79.5526,40.9798],[-79.5513,40.9805],[-79.5473,40.9748],[-79.5465,40.9657],[-79.5492,40.9563],[-79.5473,40.9477],[-79.5438,40.9425],[-79.5115,40.9273],[-79.4938,40.9215],[-79.4904,40.9221],[-79.4867,40.9252],[-79.4845,40.937],[-79.4778,40.9402],[-79.4694,40.938],[-79.4637,40.9324],[-79.4586,40.9339],[-79.4561,40.9327],[-79.4508,40.9261],[-79.449,40.9269],[-79.449,40.9298],[-79.4476,40.9316],[-79.4446,40.9332],[-79.4442,40.9374],[-79.4407,40.9376],[-79.4323,40.932],[-79.4323,40.9278],[-79.4273,40.9256],[-79.424,40.9264],[-79.4213,40.9292],[-79.4226,40.9351],[-79.4209,40.9377],[-79.418,40.9391],[-79.4132,40.9375],[-79.4056,40.9307],[-79.405,40.9273],[-79.402,40.9267],[-79.3986,40.9298],[-79.3963,40.929],[-79.3961,40.9178],[-79.3856,40.9168],[-79.3831,40.921],[-79.366,40.928],[-79.2994,40.927],[-79.2963,40.9293],[-79.2937,40.9294],[-79.2893,40.9244],[-79.2835,40.922],[-79.2758,40.9215],[-79.2727,40.9185],[-79.2684,40.9172],[-79.2642,40.9189],[-79.2557,40.9275],[-79.2497,40.9298],[-79.2434,40.9273],[-79.2442,40.9218],[-79.2478,40.9188],[-79.2461,40.9178],[-79.2369,40.921],[-79.2331,40.918],[-79.2249,40.917],[-79.2244,40.9135],[-79.2169,40.9134],[-79.2153,40.9113],[-79.1022,40.9102],[-79.1011,40.839],[-79.215,40.8383],[-79.2152,40.776],[-79.4129,40.5683],[-79.4286,40.5848],[-79.431,40.6098],[-79.4285,40.6105],[-79.4351,40.6188],[-79.441,40.6212],[-79.4437,40.624],[-79.4728,40.6298],[-79.495,40.6458],[-79.5114,40.6685],[-79.5647,40.6726],[-79.5636,40.6769],[-79.5643,40.6808],[-79.572,40.6943],[-79.582,40.7074],[-79.5789,40.7152],[-79.5816,40.7268],[-79.5875,40.7354],[-79.5873,40.7458],[-79.6427,40.7728],[-79.6929,40.7733],[-79.6928,40.7892]]]}},{"type":"Feature","properties":{"geoid":"4203750","name":"Blairsville-Saltsburg School District"},"geometry":{"type":"Polygon","coordinates":[[[-79.5315,40.4743],[-79.5055,40.4736],[-79.4991,40.4773],[-79.4886,40.4763],[-79.4853,40.4844],[-79.4788,40.4927],[-79.4553,40.4973],[-79.4539,40.5055],[-79.4597,40.5167],[-79.4593,40.5198],[-79.4565,40.5232],[-79.4491,40.5282],[-79.4502,40.5301],[-79.4266,40.5542],[-79.3754,40.5356],[-79.2996,40.5046],[-79.2876,40.5218],[-79.2841,40.5295],[-79.2852,40.5336],[-79.2826,40.5388],[-79.2854,40.5432],[-79.2836,40.5438],[-79.2767,40.5591],[-79.2746,40.5535],[-79.2499,40.5382],[-79.2384,40.5338],[-79.1957,40.5089],[-79.1618,40.4867],[-79.1559,40.4865],[-79.1553,40.4849],[-79.157,40.4816],[-79.1551,40.4799],[-79.1498,40.4797],[-79.1619,40.4108],[-79.1644,40.4102],[-79.1737,40.4106],[-79.1912,40.4152],[-79.2002,40.4108],[-79.2065,40.415],[-79.2109,40.4213],[-79.2148,40.4245],[-79.2332,40.4307],[-79.2402,40.43],[-79.2462,40.4321],[-79.2491,40.4308],[-79.2541,40.4223],[-79.2566,40.4202],[-79.2633,40.4168],[-79.2703,40.4174],[-79.2737,40.4194],[-79.2735,40.4229],[-79.2694,40.4285],[-79.2726,40.4391],[-79.2828,40.4428],[-79.2855,40.4418],[-79.2894,40.4367],[-79.2973,40.4347],[-79.3013,40.4352],[-79.3018,40.4393],[-79.2999,40.4449],[-79.3018,40.4508],[-79.2976,40.4558],[-79.3004,40.461],[-79.3031,40.4616],[-79.3161,40.4593],[-79.3228,40.456],[-79.3254,40.4527],[-79.3286,40.4526],[-79.3303,40.4539],[-79.3317,40.4619],[-79.3333,40.4641],[-79.339,40.4703],[-79.3421,40.4701],[-79.3454,40.4672],[-79.3459,40.4548],[-79.3472,40.4527],[-79.3579,40.4523],[-79.3605,40.4541],[-79.3623,40.4632],[-79.358,40.4709],[-79.3573,40.4752],[-79.3586,40.4779],[-79.3621,40.4787],[-79.3659,40.4775],[-79.3671,40.4751],[-79.3663,40.466],[-79.3681,40.4597],[-79.3696,40.4566],[-79.3737,40.4539],[-79.3735,40.4422],[-79.4446,40.4157],[-79.4983,40.4515],[-79.5008,40.455],[-79.5315,40.4743]]]}},{"type":"Feature","properties":{"geoid":"4213290","name":"Homer-Center School District"},"geometry":{"type":"Polygon","coordinates":[[[-79.277,40.5614],[-79.2761,40.5646],[-79.2685,40.5717],[-79.2678,40.5744],[-79.2691,40.5766],[-79.267,40.5817],[-79.2497,40.5911],[-79.2132,40.6198],[-79.2143,40.5754],[-79.1524,40.5743],[-79.1522,40.564],[-79.1404,40.5577],[-79.1327,40.5567],[-79.1281,40.5629],[-79.1291,40.5663],[-79.1275,40.569],[-79.1253,40.5649],[-79.1165,40.558],[-79.1142,40.5528],[-79.1088,40.5486],[-79.1053,40.5474],[-79.1035,40.5444],[-79.1018,40.5447],[-79.098,40.5401],[-79.1043,40.5179],[-79.1165,40.5004],[-79.1498,40.4797],[-79.1551,40.4799],[-79.157,40.4816],[-79.1553,40.4849],[-79.1559,40.4865],[-79.1618,40.4867],[-79.1957,40.5089],[-79.2384,40.5338],[-79.2499,40.5382],[-79.2746,40.5535],[-79.277,40.5614]]]}},{"type":"Feature","properties":{"geoid":"4219800","name":"Punxsutawney Area School District"},"geometry":{"type":"Polygon","coordinates":[[[-79.2157,40.94],[-79.2125,40.9609],[-79.2105,41.0405],[-79.2072,41.0387],[-79.2012,41.04],[-79.1927,41.0365],[-79.1894,41.0338],[-79.1873,41.0343],[-79.1842,41.0329],[-79.177,41.0339],[-79.1734,41.0369],[-79.1689,41.0346],[-79.1689,41.0319],[-79.1666,41.0304],[-79.1589,41.031],[-79.1528,41.0244],[-79.1535,41.023],[-79.1524,41.0219],[-79.1456,41.0233],[-79.1439,41.025],[-79.1445,41.0265],[-79.1402,41.0294],[-79.1339,41.0248],[-79.1299,41.0258],[-79.1256,41.0273],[-79.1255,41.0396],[-79.1187,41.0478],[-79.1187,41.0716],[-79.0861,41.0721],[-79.0788,41.056],[-79.0555,41.0555],[-79.0552,41.0509],[-79.0012,41.0506],[-79.0011,41.0706],[-78.9448,41.071],[-78.9439,41.0403],[-78.8042,41.0402],[-78.804,40.9728],[-78.8065,40.8106],[-78.8215,40.8114],[-78.8167,40.8175],[-78.8208,40.8182],[-78.8257,40.828],[-78.8286,40.8275],[-78.8356,40.8293],[-78.8366,40.8307],[-78.8378,40.8305],[-78.8372,40.8282],[-78.8395,40.8175],[-78.8366,40.8166],[-78.8356,40.8136],[-78.8338,40.8138],[-78.8321,40.8119],[-78.9033,40.8159],[-78.9036,40.8763],[-78.9149,40.8773],[-78.9189,40.8749],[-78.9184,40.8761],[-78.9208,40.8789],[-78.9239,40.8791],[-78.9326,40.875],[-78.941,40.8656],[-78.9424,40.8776],[-78.953,40.878],[-78.9544,40.8817],[-78.9603,40.8849],[-78.9639,40.8898],[-78.9699,40.8877],[-78.9865,40.8884],[-78.9913,40.886],[-78.993,40.8376],[-79.1011,40.839],[-79.1022,40.9102],[-79.2153,40.9113],[-79.2157,40.94]]]}},{"type":"Feature","properties":{"geoid":"4224240","name":"United School District"},"geometry":{"type":"Polygon","coordinates":[[[-79.1619,40.4108],[-79.15,40.4796],[-79.1165,40.5004],[-79.1043,40.5179],[-79.098,40.5401],[-79.1018,40.5447],[-79.1035,40.5444],[-79.1053,40.5474],[-79.1088,40.5486],[-79.1142,40.5528],[-79.1165,40.558],[-79.1253,40.5649],[-79.1275,40.569],[-79.1248,40.5711],[-79.1156,40.5691],[-79.1047,40.5709],[-79.1036,40.5729],[-79.1051,40.576],[-79.1027,40.578],[-79.102,40.581],[-79.0967,40.5838],[-79.0956,40.5868],[-79.0855,40.5942],[-79.0788,40.5964],[-79.0765,40.5942],[-79.0752,40.5897],[-79.0707,40.5885],[-79.0599,40.5888],[-79.0561,40.5905],[-79.0537,40.5899],[-79.047,40.5853],[-79.0467,40.5817],[-79.0448,40.5799],[-79.0427,40.5798],[-79.0435,40.5788],[-79.0412,40.5783],[-79.0341,40.5797],[-79.0311,40.5794],[-79.0291,40.5774],[-79.0261,40.5796],[-79.0193,40.5799],[-79.0198,40.5788],[-79.0174,40.5777],[-79.0168,40.5785],[-78.992,40.5751],[-78.8967,40.533],[-78.9225,40.4825],[-78.9738,40.3954],[-78.9881,40.4116],[-78.9966,40.4133],[-79.0124,40.4196],[-79.0293,40.4193],[-79.0326,40.4175],[-79.0343,40.4098],[-79.0278,40.4066],[-79.0284,40.4047],[-79.0322,40.402],[-79.035,40.3968],[-79.0398,40.3963],[-79.0406,40.393],[-79.0424,40.3914],[-79.0519,40.3893],[-79.0571,40.3843],[-79.0585,40.3809],[-79.0646,40.379],[-79.0699,40.3804],[-79.0745,40.3858],[-79.0795,40.3888],[-79.083,40.3896],[-79.0866,40.3886],[-79.0905,40.3802],[-79.0961,40.374],[-79.0968,40.3707],[-79.1022,40.3689],[-79.1093,40.3733],[-79.1216,40.3706],[-79.1271,40.3751],[-79.1287,40.3851],[-79.1225,40.3894],[-79.1149,40.3899],[-79.117,40.3942],[-79.1368,40.3986],[-79.1501,40.3981],[-79.1527,40.3992],[-79.154,40.4017],[-79.1521,40.4088],[-79.1537,40.4108],[-79.1558,40.4118],[-79.1619,40.4108]]]}},{"type":"Feature","properties":{"geoid":"4209870","name":"Forbes Road School District"},"geometry":{"type":"Polygon","coordinates":[[[-78.2067,40.0864],[-78.1886,40.1017],[-78.1583,40.1222],[-78.1349,40.1651],[-78.0784,40.1332],[-77.9259,40.1019],[-77.9256,40.104],[-77.8645,40.0616],[-77.8767,40.0547],[-77.8817,40.0502],[-77.8893,40.04],[-77.9318,40.0458],[-77.9439,40.0387],[-77.9591,40.0211],[-77.9805,40.0023],[-78.0626,40.0269],[-78.0821,40.0231],[-78.117,40.0297],[-78.1135,40.0355],[-78.183,40.0342],[-78.1835,40.0371],[-78.1852,40.0361],[-78.1966,40.0357],[-78.1969,40.034],[-78.2055,40.0338],[-78.2042,40.042],[-78.1993,40.0459],[-78.1879,40.0471],[-78.184,40.0509],[-78.1815,40.0582],[-78.1853,40.0604],[-78.1875,40.0646],[-78.1907,40.0665],[-78.1988,40.0673],[-78.2037,40.0699],[-78.2051,40.0728],[-78.2039,40.0831],[-78.2047,40.0854],[-78.2067,40.0864]]]}},{"type":"Feature","properties":{"geoid":"4206360","name":"Columbia Borough School District"},"geometry":{"type":"Polygon","coordinates":[[[-76.5166,40.0391],[-76.5061,40.0397],[-76.505,40.0417],[-76.5067,40.0493],[-76.5027,40.05],[-76.5019,40.0481],[-76.4981,40.0485],[-76.4979,40.0466],[-76.4939,40.0454],[-76.4899,40.0479],[-76.4884,40.0462],[-76.4862,40.0467],[-76.4843,40.0443],[-76.4823,40.0444],[-76.482,40.0358],[-76.487,40.0361],[-76.4839,40.0324],[-76.4842,40.0352],[-76.4861,40.0351],[-76.4862,40.0362],[-76.474,40.0357],[-76.4798,40.0332],[-76.4799,40.0315],[-76.4824,40.0313],[-76.4779,40.031],[-76.4821,40.0307],[-76.4805,40.0298],[-76.4803,40.0281],[-76.483,40.0274],[-76.4838,40.0238],[-76.4858,40.0231],[-76.4778,40.0236],[-76.4749,40.0258],[-76.4725,40.026],[-76.474,40.0245],[-76.473,40.0228],[-76.4771,40.0225],[-76.4768,40.0202],[-76.4884,40.019],[-76.489,40.0207],[-76.482,40.0229],[-76.4911,40.0213],[-76.4948,40.0241],[-76.5038,40.0268],[-76.5077,40.0294],[-76.5166,40.0391]]]}},{"type":"Feature","properties":{"geoid":"4205070","name":"Carmichaels Area School District"},"geometry":{"type":"Polygon","coordinates":[[[-80.0796,39.8711],[-80.0766,39.8731],[-80.0723,39.878],[-80.0709,39.8818],[-80.0644,39.8878],[-80.0562,39.8914],[-80.0493,39.8902],[-80.0478,39.8884],[-80.0397,39.8846],[-80.0292,39.9053],[-80.029,39.9078],[-80.0026,39.9274],[-79.996,39.9303],[-79.9943,39.9352],[-79.9941,39.9394],[-79.9953,39.9409],[-79.9857,39.9455],[-79.9827,39.9491],[-79.9844,39.952],[-79.9703,39.9555],[-79.9592,39.9539],[-79.9497,39.9489],[-79.9249,39.9239],[-79.9231,39.921],[-79.9233,39.9177],[-79.928,39.9114],[-79.9294,39.9057],[-79.9279,39.9013],[-79.9167,39.8842],[-79.9153,39.8803],[-79.9168,39.8766],[-79.9277,39.872],[-79.9303,39.8693],[-79.9303,39.8662],[-79.9278,39.8629],[-79.9329,39.8608],[-79.9358,39.8618],[-79.9369,39.8593],[-79.9422,39.8584],[-79.945,39.8607],[-79.9461,39.8596],[-79.9485,39.8615],[-79.9533,39.8616],[-79.9546,39.8594],[-79.9646,39.8595],[-79.9673,39.8613],[-79.9722,39.8623],[-79.9744,39.8648],[-79.9805,39.862],[-79.9833,39.8584],[-79.9857,39.8505],[-79.9853,39.8469],[-80.0215,39.8459],[-80.0262,39.8443],[-80.0314,39.8445],[-80.0414,39.8414],[-80.0433,39.8435],[-80.0463,39.8432],[-80.0474,39.8416],[-80.0509,39.8408],[-80.0577,39.8425],[-80.0606,39.8419],[-80.062,39.8437],[-80.0617,39.85],[-80.0638,39.8522],[-80.0712,39.8544],[-80.0735,39.8571],[-80.0738,39.8658],[-80.0797,39.8699],[-80.0796,39.8711]]]}},{"type":"Feature","properties":{"geoid":"4214430","name":"Mahanoy Area School District"},"geometry":{"type":"Polygon","coordinates":[[[-76.2516,40.7946],[-76.1995,40.8046],[-76.2024,40.8137],[-76.1808,40.8175],[-76.1826,40.8261],[-76.1736,40.8276],[-76.1795,40.8477],[-76.1493,40.8585],[-76.126,40.8614],[-76.1132,40.8647],[-76.1074,40.8572],[-76.0981,40.8624],[-76.0981,40.8591],[-76.096,40.859],[-76.0925,40.8612],[-76.0349,40.8717],[-76.0303,40.8686],[-76.0325,40.867],[-76.0296,40.8662],[-76.0272,40.8613],[-76.0115,40.8647],[-76.0071,40.8644],[-76.0123,40.8607],[-76.0398,40.8528],[-76.0454,40.8499],[-76.0452,40.8482],[-76.033,40.8385],[-76.037,40.8341],[-76.035,40.8311],[-76.0401,40.8301],[-76.0405,40.8275],[-76.0349,40.8243],[-76.04,40.8111],[-76.025,40.8034],[-76.0237,40.7988],[-76.0201,40.7948],[-76.0828,40.7714],[-76.2197,40.7686],[-76.2239,40.7721],[-76.1809,40.7816],[-76.1849,40.7914],[-76.1918,40.7898],[-76.1943,40.7972],[-76.1972,40.7971],[-76.2439,40.7882],[-76.2506,40.7918],[-76.2516,40.7946]]]}},{"type":"Feature","properties":{"geoid":"4212170","name":"Interboro School District"},"geometry":{"type":"Polygon","coordinates":[[[-75.3147,39.8572],[-75.3132,39.8649],[-75.3138,39.8696],[-75.3058,39.8752],[-75.3081,39.8765],[-75.3162,39.8874],[-75.3139,39.8928],[-75.3022,39.8981],[-75.3057,39.9029],[-75.2945,39.907],[-75.2929,39.9057],[-75.2883,39.9079],[-75.2865,39.9076],[-75.2796,39.8994],[-75.2851,39.8956],[-75.2845,39.8936],[-75.2858,39.8917],[-75.2881,39.8914],[-75.2896,39.8887],[-75.2889,39.8864],[-75.2875,39.8869],[-75.2863,39.8853],[-75.2893,39.882],[-75.2879,39.8805],[-75.282,39.8816],[-75.2764,39.8807],[-75.2748,39.8774],[-75.2725,39.8767],[-75.2644,39.8822],[-75.2625,39.8766],[-75.2484,39.8765],[-75.2405,39.8724],[-75.2341,39.8772],[-75.2198,39.8755],[-75.2157,39.8761],[-75.216,39.8711],[-75.2115,39.8671],[-75.2214,39.8615],[-75.235,39.8566],[-75.2721,39.8491],[-75.3165,39.85],[-75.3147,39.8572]]]}},{"type":"Feature","properties":{"geoid":"4222400","name":"Southeast Delco School District"},"geometry":{"type":"Polygon","coordinates":[[[-75.3067,39.9116],[-75.2948,39.9164],[-75.2927,39.9153],[-75.2753,39.9232],[-75.2676,39.9185],[-75.2631,39.9182],[-75.2649,39.9148],[-75.26,39.9135],[-75.2598,39.9096],[-75.2553,39.9097],[-75.255,39.9058],[-75.2525,39.9066],[-75.2535,39.9056],[-75.2513,39.9044],[-75.2556,39.8996],[-75.2568,39.8952],[-75.2591,39.8924],[-75.2617,39.8918],[-75.2625,39.8884],[-75.2649,39.8879],[-75.2628,39.8857],[-75.2646,39.8847],[-75.2619,39.883],[-75.2725,39.8767],[-75.2748,39.8774],[-75.2764,39.8807],[-75.282,39.8816],[-75.2879,39.8805],[-75.2893,39.882],[-75.2863,39.8853],[-75.2875,39.8869],[-75.2889,39.8864],[-75.2896,39.8887],[-75.2881,39.8914],[-75.2858,39.8917],[-75.2845,39.8936],[-75.2851,39.8956],[-75.2796,39.8994],[-75.2828,39.9038],[-75.2865,39.9076],[-75.2883,39.9079],[-75.2929,39.9057],[-75.2945,39.907],[-75.2998,39.9048],[-75.3053,39.9076],[-75.3052,39.9099],[-75.3067,39.9116]]]}},{"type":"Feature","properties":{"geoid":"4224790","name":"Wallingford-Swarthmore School District"},"geometry":{"type":"MultiPolygon","coordinates":[[[[-75.3303,39.9024],[-75.3285,39.9056],[-75.3222,39.8998],[-75.3259,39.8975],[-75.3327,39.9004],[-75.3303,39.9024]]],[[[-75.3927,39.8956],[-75.392,39.901],[-75.3846,39.9135],[-75.3832,39.912],[-75.3781,39.9127],[-75.3811,39.919],[-75.3649,39.9303],[-75.3668,39.9261],[-75.364,39.9246],[-75.3655,39.922],[-75.3636,39.9215],[-75.3611,39.9244],[-75.3604,39.9221],[-75.3639,39.9197],[-75.3598,39.9184],[-75.36,39.9158],[-75.3583,39.9142],[-75.36,39.9127],[-75.3578,39.9104],[-75.3551,39.9117],[-75.3538,39.911],[-75.3517,39.9133],[-75.347,39.913],[-75.3431,39.9142],[-75.3392,39.9067],[-75.3376,39.9057],[-75.3406,39.9035],[-75.3381,39.9024],[-75.34,39.9011],[-75.3381,39.8966],[-75.3407,39.8957],[-75.3396,39.8948],[-75.3486,39.8894],[-75.355,39.8926],[-75.3568,39.8913],[-75.3578,39.8874],[-75.3561,39.8867],[-75.3547,39.8837],[-75.3509,39.8833],[-75.3507,39.881],[-75.3565,39.8721],[-75.3558,39.8738],[-75.3613,39.8723],[-75.3662,39.8732],[-75.3667,39.8702],[-75.3731,39.8724],[-75.3689,39.8729],[-75.3748,39.8758],[-75.3821,39.874],[-75.385,39.876],[-75.3838,39.8811],[-75.3867,39.886],[-75.3861,39.8881],[-75.3953,39.8939],[-75.3927,39.8956]]]]}},{"type":"Feature","properties":{"geoid":"4206840","name":"Cornwall-Lebanon School District"},"geometry":{"type":"Polygon","coordinates":[[[-76.4935,40.3765],[-76.4108,40.3849],[-76.4112,40.3857],[-76.4033,40.3866],[-76.3532,40.3894],[-76.343,40.3266],[-76.3365,40.2513],[-76.4354,40.2382],[-76.4663,40.2284],[-76.4694,40.2437],[-76.4763,40.2427],[-76.4776,40.2438],[-76.4743,40.2474],[-76.4705,40.249],[-76.4858,40.3337],[-76.4828,40.3342],[-76.475,40.331],[-76.4664,40.3355],[-76.4678,40.3385],[-76.4611,40.3396],[-76.4622,40.342],[-76.4696,40.3407],[-76.4783,40.3445],[-76.4887,40.3458],[-76.4935,40.3765]],[[-76.4544,40.3482],[-76.4508,40.3391],[-76.4395,40.3383],[-76.4384,40.3329],[-76.4413,40.3327],[-76.4407,40.3315],[-76.443,40.3313],[-76.4424,40.3295],[-76.4481,40.3271],[-76.4478,40.3253],[-76.4415,40.3281],[-76.4399,40.3272],[-76.4404,40.3258],[-76.4345,40.3293],[-76.4336,40.3279],[-76.4347,40.3263],[-76.4269,40.3216],[-76.4251,40.3226],[-76.424,40.3199],[-76.4199,40.3217],[-76.4218,40.3242],[-76.4187,40.3246],[-76.4185,40.3225],[-76.4159,40.3226],[-76.4189,40.3268],[-76.4195,40.3316],[-76.4099,40.3334],[-76.4056,40.3316],[-76.3993,40.3348],[-76.4035,40.3377],[-76.4041,40.3405],[-76.392,40.3447],[-76.3935,40.3496],[-76.4069,40.349],[-76.4067,40.3506],[-76.4026,40.3497],[-76.4028,40.3522],[-76.4216,40.3555],[-76.4392,40.355],[-76.4436,40.3523],[-76.4508,40.3509],[-76.4498,40.3486],[-76.4544,40.3482]]]}},{"type":"Feature","properties":{"geoid":"4209570","name":"Fairview School District"},"geometry":{"type":"Polygon","coordinates":[[[-80.294,42.05],[-80.2913,42.0522],[-80.2676,42.0604],[-80.2474,42.0705],[-80.2404,42.0763],[-80.2364,42.078],[-80.2305,42.078],[-80.2118,42.0843],[-80.1775,42.0305],[-80.2023,42.0219],[-80.2043,41.9698],[-80.2645,41.9703],[-80.2638,42.0062],[-80.2716,42.0036],[-80.2987,42.048],[-80.294,42.05]]]}},{"type":"Feature","properties":{"geoid":"4210740","name":"Girard School District"},"geometry":{"type":"Polygon","coordinates":[[[-80.3887,41.9461],[-80.3878,41.9997],[-80.3858,41.9997],[-80.3859,42.019],[-80.374,42.024],[-80.3703,42.0241],[-80.3634,42.0277],[-80.3515,42.0294],[-80.3306,42.0356],[-80.2987,42.048],[-80.2716,42.0036],[-80.2638,42.0062],[-80.2654,41.94],[-80.3102,41.9402],[-80.3101,41.9427],[-80.3057,41.9426],[-80.3058,41.9554],[-80.3111,41.9554],[-80.311,41.9599],[-80.3254,41.9599],[-80.3253,41.9652],[-80.3324,41.9651],[-80.3324,41.96],[-80.3581,41.9601],[-80.3583,41.9504],[-80.348,41.9505],[-80.3483,41.9401],[-80.3888,41.9403],[-80.3887,41.9461]]]}},{"type":"Feature","properties":{"geoid":"4215330","name":"Millcreek Township School District"},"geometry":{"type":"Polygon","coordinates":[[[-80.2082,42.0858],[-80.2062,42.0879],[-80.1981,42.0898],[-80.1881,42.0943],[-80.1585,42.1105],[-80.1541,42.1148],[-80.148,42.1247],[-80.1432,42.1368],[-80.1356,42.1493],[-80.1293,42.1562],[-80.1175,42.1649],[-80.1043,42.1701],[-80.0867,42.1725],[-80.0799,42.171],[-80.0662,42.1719],[-80.0654,42.1702],[-80.0685,42.1687],[-80.0802,42.1661],[-80.08,42.1636],[-80.0732,42.1558],[-80.0736,42.1549],[-80.0803,42.1521],[-80.082,42.1553],[-80.0926,42.1541],[-80.0978,42.1523],[-80.1131,42.1518],[-80.1271,42.1496],[-80.1303,42.1476],[-80.1333,42.1423],[-80.1391,42.1401],[-80.1435,42.1303],[-80.1415,42.1288],[-80.1444,42.1277],[-80.1398,42.1284],[-80.1462,42.1255],[-80.152,42.1134],[-80.1412,42.1158],[-80.1403,42.1174],[-80.1385,42.1167],[-80.1123,42.0772],[-80.0792,42.0895],[-80.0769,42.0862],[-80.0734,42.0873],[-80.072,42.0851],[-80.0681,42.0877],[-80.0672,42.0908],[-80.0699,42.0931],[-80.0034,42.1173],[-79.9901,42.0964],[-80.1764,42.0287],[-80.2118,42.0843],[-80.2082,42.0858]]]}},{"type":"Feature","properties":{"geoid":"4214790","name":"Mars Area School District"},"geometry":{"type":"Polygon","coordinates":[[[-80.0606,40.6784],[-80.0584,40.68],[-80.0559,40.68],[-80.0559,40.6851],[-80.058,40.6872],[-80.0566,40.6882],[-80.0585,40.6925],[-80.0572,40.6929],[-80.0573,40.7019],[-80.0593,40.7024],[-80.0589,40.7051],[-80.0574,40.7052],[-80.0594,40.745],[-80.0449,40.745],[-80.0415,40.74],[-80.0446,40.7382],[-80.0404,40.7322],[-80.0349,40.7324],[-80.0297,40.7355],[-80.0344,40.7448],[-79.8762,40.7436],[-79.8771,40.6724],[-79.9146,40.6733],[-79.9599,40.6723],[-80.0601,40.6741],[-80.0606,40.6784]]]}},{"type":"Feature","properties":{"geoid":"4205910","name":"Chichester School District"},"geometry":{"type":"Polygon","coordinates":[[[-75.4668,39.8287],[-75.468,39.831],[-75.4712,39.8309],[-75.4715,39.8354],[-75.4681,39.8386],[-75.4687,39.8434],[-75.4633,39.8432],[-75.462,39.8452],[-75.4616,39.8509],[-75.4688,39.8599],[-75.4554,39.866],[-75.4289,39.8512],[-75.4183,39.8562],[-75.4037,39.8383],[-75.4049,39.8378],[-75.4015,39.8328],[-75.3989,39.8338],[-75.3898,39.8158],[-75.4151,39.8019],[-75.428,39.8092],[-75.4537,39.8203],[-75.4725,39.8265],[-75.4668,39.8287]]]}},{"type":"Feature","properties":{"geoid":"4218240","name":"Otto-Eldred School District"},"geometry":{"type":"Polygon","coordinates":[[[-78.5367,41.909],[-78.5342,41.9091],[-78.5344,41.9998],[-78.3071,41.9994],[-78.3048,41.9887],[-78.3071,41.9865],[-78.3067,41.9819],[-78.3086,41.9779],[-78.2955,41.9642],[-78.2956,41.962],[-78.2982,41.9591],[-78.2948,41.952],[-78.2962,41.9463],[-78.2932,41.9435],[-78.2817,41.9394],[-78.2774,41.9343],[-78.272,41.9332],[-78.2683,41.9281],[-78.2651,41.9265],[-78.3273,41.9259],[-78.3303,41.9343],[-78.3328,41.9362],[-78.3449,41.9365],[-78.3437,41.8853],[-78.4601,41.8828],[-78.4604,41.8965],[-78.5367,41.895],[-78.5367,41.909]]]}},{"type":"Feature","properties":{"geoid":"4209690","name":"Farrell Area School District"},"geometry":{"type":"Polygon","coordinates":[[[-80.5189,41.2194],[-80.5175,41.2207],[-80.5086,41.2208],[-80.5079,41.2177],[-80.5066,41.2208],[-80.4969,41.221],[-80.4968,41.2145],[-80.4933,41.2148],[-80.4934,41.2198],[-80.4869,41.2161],[-80.4869,41.2182],[-80.471,41.2107],[-80.471,41.2122],[-80.4688,41.2122],[-80.4678,41.2115],[-80.4686,41.2065],[-80.4708,41.2077],[-80.4709,41.2094],[-80.4739,41.2094],[-80.471,41.2073],[-80.4709,41.2045],[-80.4854,41.2046],[-80.4855,41.2026],[-80.4866,41.2028],[-80.4863,41.1993],[-80.4896,41.1998],[-80.4896,41.1892],[-80.4985,41.1878],[-80.5001,41.1902],[-80.5065,41.191],[-80.5052,41.1938],[-80.506,41.2006],[-80.5129,41.201],[-80.513,41.2032],[-80.509,41.2052],[-80.5101,41.207],[-80.5188,41.2085],[-80.5189,41.2194]],[[-80.4914,41.2055],[-80.4853,41.2067],[-80.4849,41.209],[-80.486,41.2093],[-80.4914,41.2055]]]}},{"type":"Feature","properties":{"geoid":"4211820","name":"Hermitage School District"},"geometry":{"type":"MultiPolygon","coordinates":[[[[-80.4907,41.2059],[-80.486,41.2093],[-80.4849,41.209],[-80.4853,41.2067],[-80.4907,41.2059]]],[[[-80.519,41.268],[-80.4801,41.2686],[-80.484,41.2659],[-80.4933,41.2636],[-80.5001,41.2544],[-80.4954,41.2546],[-80.4953,41.2566],[-80.4879,41.2567],[-80.4878,41.2498],[-80.4718,41.2499],[-80.472,41.2571],[-80.4676,41.2572],[-80.469,41.2615],[-80.4734,41.2633],[-80.4715,41.2641],[-80.4723,41.266],[-80.4697,41.2688],[-80.4588,41.2689],[-80.4581,41.2702],[-80.3869,41.2713],[-80.3861,41.2011],[-80.3924,41.2008],[-80.3922,41.1928],[-80.498,41.1878],[-80.4896,41.1892],[-80.4896,41.1998],[-80.4863,41.1993],[-80.4866,41.2028],[-80.4855,41.2026],[-80.4854,41.2046],[-80.4709,41.2045],[-80.471,41.2073],[-80.4739,41.2094],[-80.4709,41.2094],[-80.4708,41.2077],[-80.4686,41.2065],[-80.4678,41.2115],[-80.4688,41.2122],[-80.471,41.2122],[-80.471,41.2107],[-80.4869,41.2182],[-80.487,41.2211],[-80.4828,41.2212],[-80.483,41.2287],[-80.4814,41.2296],[-80.4801,41.2391],[-80.4755,41.2392],[-80.4755,41.2424],[-80.4875,41.2425],[-80.4876,41.2468],[-80.49,41.2468],[-80.49,41.245],[-80.4923,41.2449],[-80.4925,41.2491],[-80.4966,41.2495],[-80.4966,41.252],[-80.5007,41.2533],[-80.5003,41.2542],[-80.503,41.2555],[-80.5085,41.2477],[-80.5084,41.2448],[-80.5106,41.2457],[-80.513,41.2428],[-80.5188,41.2431],[-80.519,41.268]]],[[[-80.519,41.1935],[-80.5188,41.2085],[-80.512,41.208],[-80.509,41.2052],[-80.513,41.2032],[-80.5129,41.201],[-80.506,41.2006],[-80.5052,41.1938],[-80.5065,41.191],[-80.5001,41.1902],[-80.4985,41.1878],[-80.519,41.1874],[-80.519,41.1935]]]]}},{"type":"Feature","properties":{"geoid":"4220220","name":"Reynolds School District"},"geometry":{"type":"Polygon","coordinates":[[[-80.5192,41.361],[-80.519,41.4407],[-80.3809,41.4438],[-80.38,41.4214],[-80.3991,41.4213],[-80.3952,41.4181],[-80.3956,41.4155],[-80.3934,41.4105],[-80.3945,41.4092],[-80.3989,41.4109],[-80.3988,41.408],[-80.4029,41.4069],[-80.4042,41.4018],[-80.4059,41.4017],[-80.4059,41.4006],[-80.3977,41.4006],[-80.3957,41.3995],[-80.399,41.3989],[-80.3964,41.3984],[-80.3954,41.3932],[-80.392,41.3948],[-80.391,41.3928],[-80.3907,41.3903],[-80.3942,41.386],[-80.3917,41.3825],[-80.3947,41.3791],[-80.396,41.3741],[-80.3975,41.3743],[-80.3992,41.3706],[-80.398,41.3679],[-80.3984,41.3616],[-80.3208,41.3636],[-80.3209,41.3658],[-80.2616,41.3674],[-80.2614,41.3263],[-80.2595,41.3263],[-80.2595,41.3246],[-80.2513,41.3261],[-80.2512,41.3181],[-80.2602,41.3179],[-80.2599,41.2971],[-80.2988,41.296],[-80.3092,41.2952],[-80.3092,41.2942],[-80.3253,41.2944],[-80.3247,41.2877],[-80.3372,41.2874],[-80.3373,41.2851],[-80.3408,41.2858],[-80.3429,41.2847],[-80.3455,41.2849],[-80.3462,41.2877],[-80.3488,41.286],[-80.3528,41.2858],[-80.3551,41.2878],[-80.3563,41.2868],[-80.3585,41.2879],[-80.3638,41.2853],[-80.3669,41.2894],[-80.3706,41.2906],[-80.3748,41.2909],[-80.3748,41.2897],[-80.3875,41.2936],[-80.3942,41.2936],[-80.4086,41.2967],[-80.4216,41.2937],[-80.4252,41.2907],[-80.4326,41.2909],[-80.4323,41.2886],[-80.4336,41.288],[-80.4326,41.286],[-80.4427,41.2867],[-80.4553,41.296],[-80.4579,41.2963],[-80.4592,41.2949],[-80.4615,41.3609],[-80.5192,41.361]]]}},{"type":"Feature","properties":{"geoid":"4223970","name":"Tussey Mountain School District"},"geometry":{"type":"Polygon","coordinates":[[[-78.3477,40.1763],[-78.3096,40.2102],[-78.3036,40.2187],[-78.2934,40.2283],[-78.2854,40.2521],[-78.2741,40.2667],[-78.2501,40.3123],[-78.2431,40.3225],[-78.2152,40.3124],[-78.1771,40.2862],[-78.1704,40.2972],[-78.1551,40.3149],[-78.1354,40.3323],[-78.1316,40.3379],[-78.1239,40.3425],[-78.0838,40.3028],[-78.0717,40.2949],[-78.0714,40.2935],[-78.0467,40.2732],[-78.0313,40.2563],[-78.0415,40.2299],[-78.0452,40.2153],[-78.05,40.2046],[-78.0527,40.1919],[-78.0626,40.1638],[-78.0739,40.1396],[-78.0784,40.1332],[-78.1349,40.1651],[-78.1583,40.1222],[-78.1886,40.1017],[-78.2067,40.0864],[-78.2166,40.0892],[-78.2296,40.0878],[-78.284,40.0605],[-78.2913,40.0591],[-78.3039,40.0535],[-78.312,40.0568],[-78.323,40.0633],[-78.3196,40.0665],[-78.3071,40.0652],[-78.3057,40.0671],[-78.3063,40.0688],[-78.311,40.0715],[-78.3138,40.0756],[-78.3115,40.0769],[-78.3018,40.0746],[-78.3011,40.0757],[-78.3022,40.0771],[-78.3078,40.0793],[-78.3092,40.0816],[-78.3071,40.0835],[-78.2952,40.0853],[-78.2921,40.0872],[-78.2935,40.091],[-78.298,40.0955],[-78.2972,40.0974],[-78.2903,40.0966],[-78.2829,40.1064],[-78.2777,40.1064],[-78.2762,40.1075],[-78.2776,40.1126],[-78.2761,40.1155],[-78.2767,40.1206],[-78.2697,40.1234],[-78.2674,40.1285],[-78.269,40.1324],[-78.2663,40.1315],[-78.2635,40.1325],[-78.2633,40.1355],[-78.2647,40.1369],[-78.2687,40.1375],[-78.2699,40.1348],[-78.2704,40.1363],[-78.2691,40.138],[-78.2671,40.138],[-78.2575,40.1625],[-78.3551,40.1691],[-78.3477,40.1763]]]}},{"type":"Feature","properties":{"geoid":"4214730","name":"Marion Center Area School District"},"geometry":{"type":"Polygon","coordinates":[[[-79.2897,40.6974],[-79.2152,40.776],[-79.215,40.8383],[-79.1479,40.8393],[-78.993,40.8376],[-78.9913,40.886],[-78.9881,40.888],[-78.9699,40.8877],[-78.9639,40.8898],[-78.9603,40.8849],[-78.9544,40.8817],[-78.953,40.878],[-78.9424,40.8776],[-78.941,40.8656],[-78.9326,40.875],[-78.9239,40.8791],[-78.9208,40.8789],[-78.9184,40.8761],[-78.9189,40.8749],[-78.9149,40.8773],[-78.9036,40.8763],[-78.9029,40.7367],[-78.9765,40.7459],[-78.9974,40.7468],[-79.0201,40.7057],[-79.054,40.6504],[-79.0655,40.6487],[-79.0698,40.6509],[-79.0891,40.6468],[-79.0897,40.6701],[-79.1582,40.6704],[-79.1564,40.6724],[-79.1822,40.6724],[-79.1838,40.6695],[-79.2134,40.6702],[-79.2135,40.6662],[-79.2162,40.6663],[-79.2163,40.6641],[-79.2134,40.6641],[-79.2136,40.6466],[-79.2343,40.6637],[-79.2447,40.6702],[-79.2501,40.6762],[-79.2613,40.6808],[-79.2688,40.6877],[-79.2897,40.6974]]]}},{"type":"Feature","properties":{"geoid":"4219830","name":"Purchase Line School District"},"geometry":{"type":"MultiPolygon","coordinates":[[[[-78.8052,40.906],[-78.804,40.9939],[-78.7075,40.9932],[-78.7079,40.9335],[-78.7017,40.8972],[-78.7062,40.8986],[-78.7094,40.8976],[-78.71,40.8958],[-78.7036,40.8902],[-78.7002,40.8925],[-78.691,40.8855],[-78.6892,40.8867],[-78.6843,40.8826],[-78.6739,40.8771],[-78.6776,40.8742],[-78.6614,40.8649],[-78.6879,40.8477],[-78.6841,40.8442],[-78.6768,40.8488],[-78.6689,40.8419],[-78.6724,40.8396],[-78.6694,40.8372],[-78.6753,40.8311],[-78.6753,40.8278],[-78.6944,40.8291],[-78.6944,40.8269],[-78.6956,40.8268],[-78.6956,40.8206],[-78.6895,40.8206],[-78.689,40.817],[-78.6848,40.8159],[-78.6834,40.8169],[-78.6823,40.8154],[-78.6805,40.8162],[-78.6784,40.8131],[-78.6885,40.8132],[-78.6885,40.8078],[-78.7057,40.8077],[-78.7059,40.8133],[-78.7144,40.8132],[-78.7145,40.817],[-78.7158,40.817],[-78.7159,40.8336],[-78.7057,40.8336],[-78.7056,40.8391],[-78.6956,40.8391],[-78.6957,40.8445],[-78.7309,40.8439],[-78.7411,40.8449],[-78.7411,40.8461],[-78.7846,40.8458],[-78.7835,40.8437],[-78.7774,40.8399],[-78.7791,40.8392],[-78.8064,40.845],[-78.8052,40.906]]],[[[-79.0167,40.7128],[-78.9974,40.7468],[-78.9765,40.7459],[-78.9029,40.7367],[-78.9033,40.8159],[-78.8321,40.8119],[-78.8338,40.8138],[-78.8356,40.8136],[-78.8366,40.8166],[-78.8395,40.8175],[-78.8372,40.8282],[-78.8378,40.8305],[-78.8366,40.8307],[-78.8356,40.8293],[-78.8286,40.8275],[-78.8257,40.828],[-78.8208,40.8182],[-78.8167,40.8175],[-78.8215,40.8114],[-78.8065,40.8106],[-78.8065,40.8173],[-78.7995,40.8209],[-78.7943,40.82],[-78.7881,40.8243],[-78.7814,40.8244],[-78.7752,40.814],[-78.7844,40.8063],[-78.7959,40.802],[-78.8065,40.8057],[-78.8063,40.7297],[-78.8158,40.7326],[-78.8168,40.7281],[-78.816,40.7237],[-78.8089,40.721],[-78.8466,40.6356],[-78.8657,40.643],[-78.8815,40.6474],[-78.886,40.6474],[-78.9052,40.6403],[-78.9077,40.6407],[-79.0188,40.7095],[-79.0167,40.7128]]]]}},{"type":"Feature","properties":{"geoid":"4207830","name":"DuBois Area School District"},"geometry":{"type":"Polygon","coordinates":[[[-78.9466,41.1384],[-78.8141,41.1328],[-78.8144,41.1505],[-78.8043,41.1506],[-78.8043,41.1487],[-78.7996,41.1495],[-78.7968,41.1462],[-78.7664,41.2028],[-78.7102,41.2019],[-78.6479,41.2175],[-78.6467,41.2538],[-78.4847,41.2439],[-78.4852,41.148],[-78.5695,41.1486],[-78.5694,41.1372],[-78.5792,41.137],[-78.5835,41.0528],[-78.5932,41.0526],[-78.5944,41.0022],[-78.5856,41.0021],[-78.5853,40.9891],[-78.5897,40.9891],[-78.5889,40.9832],[-78.5963,40.9831],[-78.6004,40.9889],[-78.6268,40.988],[-78.6268,40.9829],[-78.6476,40.9842],[-78.6479,40.9937],[-78.6585,40.9937],[-78.6585,40.9991],[-78.6567,40.9997],[-78.7074,41.0003],[-78.7075,40.9932],[-78.804,40.9939],[-78.8042,41.0402],[-78.9439,41.0403],[-78.9466,41.1384]]]}},{"type":"Feature","properties":{"geoid":"4209270","name":"Ephrata Area School District"},"geometry":{"type":"Polygon","coordinates":[[[-76.284,40.2644],[-76.2113,40.2927],[-76.2093,40.2618],[-76.216,40.2569],[-76.2151,40.2512],[-76.2167,40.2485],[-76.2145,40.2477],[-76.2138,40.2448],[-76.2094,40.2411],[-76.2045,40.242],[-76.2025,40.2408],[-76.2003,40.2378],[-76.2023,40.2362],[-76.2001,40.2296],[-76.195,40.2285],[-76.1933,40.2242],[-76.1904,40.2208],[-76.1865,40.221],[-76.1854,40.22],[-76.1869,40.2145],[-76.186,40.2111],[-76.1842,40.211],[-76.1836,40.2074],[-76.1667,40.2114],[-76.1629,40.2095],[-76.1518,40.1962],[-76.1468,40.1954],[-76.1423,40.1914],[-76.1354,40.1909],[-76.1331,40.1878],[-76.1238,40.1829],[-76.1228,40.1807],[-76.1173,40.1773],[-76.1108,40.1752],[-76.1062,40.1696],[-76.1052,40.1722],[-76.094,40.1663],[-76.0983,40.1597],[-76.1145,40.1563],[-76.1165,40.1526],[-76.1278,40.1532],[-76.1307,40.1555],[-76.1503,40.163],[-76.1583,40.1615],[-76.1692,40.1548],[-76.1768,40.152],[-76.1891,40.1536],[-76.1988,40.1509],[-76.2016,40.1494],[-76.2018,40.1477],[-76.2035,40.1484],[-76.2067,40.1471],[-76.2074,40.1487],[-76.2078,40.1458],[-76.2099,40.1454],[-76.2097,40.1466],[-76.2082,40.1466],[-76.2087,40.1496],[-76.2076,40.1518],[-76.2116,40.1507],[-76.218,40.1512],[-76.221,40.1479],[-76.2271,40.1514],[-76.2288,40.1546],[-76.2239,40.1594],[-76.2296,40.1615],[-76.2343,40.1614],[-76.2356,40.1621],[-76.2348,40.1651],[-76.2425,40.1653],[-76.244,40.1666],[-76.2439,40.1689],[-76.2483,40.1684],[-76.2505,40.171],[-76.2551,40.1711],[-76.2539,40.1744],[-76.2582,40.1749],[-76.2597,40.1777],[-76.2584,40.1795],[-76.2606,40.1806],[-76.2607,40.1821],[-76.2661,40.1829],[-76.2638,40.1855],[-76.2637,40.188],[-76.2673,40.1885],[-76.2667,40.1931],[-76.2636,40.1952],[-76.2599,40.2039],[-76.2602,40.2067],[-76.2559,40.2157],[-76.2574,40.2198],[-76.2657,40.2242],[-76.2659,40.2255],[-76.2692,40.2272],[-76.2759,40.2271],[-76.2777,40.2291],[-76.2825,40.2418],[-76.2815,40.2452],[-76.2821,40.2496],[-76.2807,40.2525],[-76.2811,40.258],[-76.2787,40.2638],[-76.284,40.2644]]]}},{"type":"Feature","properties":{"geoid":"4218630","name":"Penn Manor School District"},"geometry":{"type":"Polygon","coordinates":[[[-76.5122,40.0134],[-76.489,40.0207],[-76.4884,40.019],[-76.4768,40.0202],[-76.4771,40.0216],[-76.4565,40.0207],[-76.4516,40.0249],[-76.4334,40.0326],[-76.4221,40.0357],[-76.4186,40.0355],[-76.4187,40.0373],[-76.4082,40.0373],[-76.3902,40.0412],[-76.3835,40.0412],[-76.3429,40.0381],[-76.3425,40.0316],[-76.3438,40.0304],[-76.3439,40.0266],[-76.3501,40.0248],[-76.3542,40.0261],[-76.353,40.0226],[-76.3522,40.023],[-76.3477,40.0185],[-76.3453,40.0177],[-76.3413,40.0194],[-76.3394,40.019],[-76.3348,40.013],[-76.3458,40.0078],[-76.3467,40.0056],[-76.3431,39.9985],[-76.3388,39.9966],[-76.331,39.9883],[-76.3285,39.9877],[-76.3264,39.9897],[-76.3289,39.9976],[-76.328,40.0007],[-76.3319,40.0093],[-76.3314,40.0112],[-76.3292,40.012],[-76.3257,40.0077],[-76.3239,40.0008],[-76.3219,39.9996],[-76.3204,40.0012],[-76.3211,40.0052],[-76.3177,40.0069],[-76.3148,40.006],[-76.3131,40.0036],[-76.3124,39.9986],[-76.3103,39.9962],[-76.3079,39.996],[-76.3047,40.0016],[-76.2517,39.9483],[-76.2589,39.9427],[-76.2602,39.9364],[-76.2619,39.9338],[-76.2701,39.9376],[-76.2723,39.9335],[-76.2836,39.9346],[-76.2888,39.934],[-76.2907,39.9317],[-76.2887,39.9301],[-76.2894,39.9292],[-76.2557,39.8676],[-76.2673,39.8634],[-76.262,39.8573],[-76.2653,39.8525],[-76.2621,39.8494],[-76.2628,39.8475],[-76.2753,39.8465],[-76.2788,39.8438],[-76.2787,39.8415],[-76.2818,39.8401],[-76.2856,39.8412],[-76.2862,39.8326],[-76.2937,39.8243],[-76.3025,39.8184],[-76.3018,39.8163],[-76.3035,39.8144],[-76.3028,39.8105],[-76.3124,39.8054],[-76.3157,39.81],[-76.3331,39.8178],[-76.3383,39.8221],[-76.3409,39.8268],[-76.3505,39.8378],[-76.3508,39.8471],[-76.3521,39.849],[-76.3617,39.8571],[-76.3696,39.8604],[-76.3779,39.8671],[-76.3817,39.8791],[-76.3801,39.8819],[-76.3798,39.8879],[-76.3838,39.8936],[-76.3855,39.9057],[-76.3905,39.9118],[-76.3951,39.914],[-76.4051,39.9154],[-76.4222,39.9258],[-76.449,39.9343],[-76.4597,39.9412],[-76.4698,39.9444],[-76.477,39.9515],[-76.4779,39.9516],[-76.4777,39.9498],[-76.4779,39.953],[-76.4874,39.9621],[-76.4954,39.9761],[-76.498,39.9945],[-76.5006,40.0006],[-76.5122,40.0134]]]}},{"type":"Feature","properties":{"geoid":"4225170","name":"Wellsboro Area School District"},"geometry":{"type":"MultiPolygon","coordinates":[[[[-77.3586,41.4813],[-77.3582,41.5441],[-77.1931,41.5458],[-77.1943,41.459],[-77.2288,41.4591],[-77.2292,41.4169],[-77.2348,41.4169],[-77.2348,41.4155],[-77.2613,41.4148],[-77.2612,41.3999],[-77.323,41.3996],[-77.3451,41.4125],[-77.3587,41.4126],[-77.3586,41.4813]]],[[[-77.4933,41.8105],[-77.4734,41.8111],[-77.4737,41.8385],[-77.4209,41.839],[-77.4209,41.8227],[-77.3476,41.8239],[-77.3511,41.9037],[-77.1804,41.9071],[-77.1769,41.6823],[-77.191,41.682],[-77.1902,41.6626],[-77.2163,41.662],[-77.2155,41.6425],[-77.2326,41.6423],[-77.2322,41.6133],[-77.2964,41.6125],[-77.297,41.6327],[-77.4578,41.631],[-77.4578,41.6474],[-77.4677,41.6558],[-77.4693,41.6603],[-77.466,41.6691],[-77.4624,41.6746],[-77.4624,41.6807],[-77.459,41.6857],[-77.459,41.6894],[-77.49,41.6889],[-77.4933,41.8105]]]]}},{"type":"Feature","properties":{"geoid":"4213770","name":"Penn Cambria School District"},"geometry":{"type":"Polygon","coordinates":[[[-78.7001,40.4331],[-78.6846,40.4731],[-78.6762,40.4841],[-78.6758,40.4973],[-78.6724,40.5043],[-78.6839,40.5119],[-78.6854,40.5184],[-78.6777,40.5276],[-78.679,40.5322],[-78.6781,40.5366],[-78.6737,40.5487],[-78.6684,40.5511],[-78.6692,40.5524],[-78.6679,40.5544],[-78.6689,40.5547],[-78.6671,40.5588],[-78.6623,40.5593],[-78.6614,40.5584],[-78.6572,40.5622],[-78.6559,40.5612],[-78.655,40.5647],[-78.6501,40.5668],[-78.6497,40.5701],[-78.6481,40.571],[-78.6474,40.5731],[-78.6481,40.5746],[-78.6461,40.5758],[-78.647,40.5771],[-78.6445,40.5789],[-78.6484,40.582],[-78.6489,40.5863],[-78.6478,40.5864],[-78.6475,40.588],[-78.6445,40.5887],[-78.6483,40.5913],[-78.6479,40.5933],[-78.6515,40.5948],[-78.6503,40.5956],[-78.6525,40.5985],[-78.6393,40.5965],[-78.6315,40.585],[-78.6257,40.5791],[-78.6176,40.5767],[-78.6181,40.5761],[-78.6136,40.5735],[-78.6059,40.5793],[-78.603,40.5804],[-78.5983,40.58],[-78.5904,40.5733],[-78.5795,40.5712],[-78.5638,40.563],[-78.5511,40.5611],[-78.5474,40.564],[-78.5399,40.5642],[-78.5365,40.5674],[-78.5335,40.573],[-78.5271,40.577],[-78.5277,40.5807],[-78.5239,40.5851],[-78.5229,40.5908],[-78.5213,40.5921],[-78.5221,40.5965],[-78.5186,40.599],[-78.5106,40.5986],[-78.5096,40.6041],[-78.5116,40.605],[-78.514,40.6098],[-78.5117,40.6113],[-78.51,40.6151],[-78.5069,40.617],[-78.5066,40.619],[-78.5035,40.6206],[-78.5037,40.6254],[-78.5012,40.6268],[-78.5023,40.632],[-78.4954,40.6326],[-78.496,40.6378],[-78.4407,40.6365],[-78.441,40.6318],[-78.4463,40.6242],[-78.4412,40.5972],[-78.4493,40.5903],[-78.4539,40.5812],[-78.4791,40.5473],[-78.4861,40.5408],[-78.4976,40.5392],[-78.5182,40.5288],[-78.5227,40.5233],[-78.5304,40.5191],[-78.5398,40.5063],[-78.544,40.4892],[-78.5404,40.4888],[-78.5412,40.4845],[-78.5372,40.4793],[-78.5381,40.472],[-78.542,40.4697],[-78.544,40.4659],[-78.5485,40.4619],[-78.5577,40.4416],[-78.5529,40.4348],[-78.5615,40.3697],[-78.6415,40.4057],[-78.6382,40.4072],[-78.6384,40.4105],[-78.642,40.4112],[-78.6546,40.4348],[-78.661,40.4303],[-78.6699,40.4275],[-78.6737,40.4289],[-78.6782,40.4267],[-78.6862,40.4287],[-78.6895,40.4281],[-78.7001,40.4331]]]}},{"type":"Feature","properties":{"geoid":"4208670","name":"East Stroudsburg Area School District"},"geometry":{"type":"Polygon","coordinates":[[[-75.2329,41.1551],[-75.1384,41.2186],[-75.1297,41.2521],[-75.1157,41.2937],[-74.9732,41.2857],[-75.0249,41.2124],[-74.8824,41.1806],[-74.8894,41.1736],[-74.8997,41.1662],[-74.9053,41.1557],[-74.9232,41.1381],[-74.9311,41.1334],[-74.9451,41.1291],[-74.9477,41.1263],[-74.9479,41.1236],[-74.9643,41.1142],[-74.9729,41.1133],[-74.9822,41.1082],[-74.9917,41.0923],[-74.9918,41.0891],[-74.9848,41.0885],[-74.9694,41.0961],[-74.9675,41.0953],[-74.9668,41.0934],[-74.9684,41.0878],[-74.9826,41.0792],[-74.9948,41.0766],[-74.9996,41.0739],[-75.0064,41.0675],[-75.0109,41.0677],[-75.0131,41.0665],[-75.0171,41.0568],[-75.0264,41.0464],[-75.0271,41.0395],[-75.036,41.0362],[-75.0418,41.0317],[-75.075,41.0171],[-75.0842,41.016],[-75.0926,41.0099],[-75.1091,41.0041],[-75.1106,41.0022],[-75.1272,40.994],[-75.1315,40.9892],[-75.1376,40.9904],[-75.1442,40.9884],[-75.1497,40.9919],[-75.1564,40.9881],[-75.1508,40.9763],[-75.1457,40.9745],[-75.139,40.9544],[-75.1529,40.9493],[-75.1604,40.9485],[-75.1733,40.9862],[-75.1815,40.9843],[-75.187,40.992],[-75.1876,40.9958],[-75.1919,40.9993],[-75.1912,41.0032],[-75.1923,41.0052],[-75.1955,41.0076],[-75.1934,41.0074],[-75.1923,41.0114],[-75.1957,41.0179],[-75.1939,41.0189],[-75.1898,41.0144],[-75.1844,41.0158],[-75.1812,41.0209],[-75.1929,41.0661],[-75.2235,41.0734],[-75.2495,41.1439],[-75.2329,41.1551]]]}},{"type":"Feature","properties":{"geoid":"4219290","name":"Pleasant Valley School District"},"geometry":{"type":"Polygon","coordinates":[[[-75.5746,40.9513],[-75.496,40.9872],[-75.4974,40.9884],[-75.4963,40.9889],[-75.4161,41.0221],[-75.2948,40.8622],[-75.3006,40.8596],[-75.3209,40.8557],[-75.3398,40.8459],[-75.3833,40.831],[-75.4168,40.8261],[-75.4205,40.8235],[-75.4433,40.8183],[-75.4742,40.8147],[-75.4936,40.8464],[-75.5746,40.9513]]]}},{"type":"Feature","properties":{"geoid":"4204890","name":"Canon-McMillan School District"},"geometry":{"type":"Polygon","coordinates":[[[-80.2527,40.3298],[-80.2525,40.3613],[-80.2442,40.3651],[-80.2399,40.3653],[-80.2391,40.3642],[-80.2303,40.366],[-80.231,40.3688],[-80.228,40.37],[-80.1846,40.3331],[-80.1163,40.3127],[-80.1173,40.3101],[-80.1163,40.3073],[-80.1122,40.3033],[-80.1155,40.2992],[-80.1215,40.3029],[-80.1272,40.2994],[-80.1325,40.3031],[-80.1361,40.3025],[-80.1363,40.3002],[-80.1287,40.2958],[-80.1306,40.2923],[-80.129,40.2865],[-80.1396,40.282],[-80.14,40.2804],[-80.1379,40.2786],[-80.1388,40.2747],[-80.1311,40.2696],[-80.1312,40.2668],[-80.134,40.2649],[-80.1381,40.266],[-80.138,40.2627],[-80.1413,40.2614],[-80.1337,40.2594],[-80.1288,40.255],[-80.1184,40.251],[-80.115,40.2539],[-80.1157,40.2546],[-80.1109,40.2564],[-80.1003,40.2574],[-80.0917,40.2541],[-80.0896,40.2544],[-80.0905,40.2534],[-80.0867,40.2524],[-80.0868,40.2495],[-80.0893,40.2485],[-80.0887,40.2436],[-80.0914,40.2415],[-80.0923,40.2383],[-80.0973,40.2373],[-80.0989,40.2356],[-80.0987,40.233],[-80.0951,40.2334],[-80.0937,40.2319],[-80.0984,40.2215],[-80.0962,40.2165],[-80.1033,40.2106],[-80.1084,40.2096],[-80.1094,40.2072],[-80.1061,40.1977],[-80.1041,40.1962],[-80.1056,40.1937],[-80.1174,40.1872],[-80.1202,40.1832],[-80.1233,40.1812],[-80.1528,40.1862],[-80.1655,40.1844],[-80.17,40.1933],[-80.174,40.1974],[-80.1852,40.2019],[-80.1959,40.212],[-80.208,40.221],[-80.2145,40.2235],[-80.2111,40.2337],[-80.2147,40.2371],[-80.2137,40.2382],[-80.2083,40.2386],[-80.2083,40.241],[-80.2045,40.2391],[-80.203,40.2398],[-80.2038,40.244],[-80.2027,40.2458],[-80.205,40.2479],[-80.2039,40.2483],[-80.2066,40.2527],[-80.2066,40.2564],[-80.2026,40.2601],[-80.2005,40.2604],[-80.2013,40.2616],[-80.1991,40.263],[-80.2022,40.2657],[-80.2012,40.2662],[-80.2015,40.2681],[-80.1981,40.2692],[-80.1979,40.2708],[-80.1897,40.2668],[-80.187,40.2678],[-80.1855,40.2658],[-80.1836,40.2669],[-80.19,40.2729],[-80.1957,40.2745],[-80.2127,40.2845],[-80.2217,40.2855],[-80.2254,40.2872],[-80.228,40.2897],[-80.2366,40.3054],[-80.2514,40.3181],[-80.2527,40.3298]]]}},{"type":"Feature","properties":{"geoid":"4205640","name":"Charleroi School District"},"geometry":{"type":"MultiPolygon","coordinates":[[[[-79.8569,40.0859],[-79.8494,40.0878],[-79.8423,40.0842],[-79.8478,40.0802],[-79.8527,40.0784],[-79.8569,40.0859]]],[[[-80.0197,40.1912],[-80.0203,40.1918],[-80.0182,40.1918],[-80.0106,40.1959],[-79.9997,40.1959],[-79.9931,40.1925],[-79.9883,40.1861],[-79.9828,40.1825],[-79.9796,40.1765],[-79.9751,40.1718],[-79.9663,40.1647],[-79.9435,40.1625],[-79.9323,40.16],[-79.9003,40.1625],[-79.9048,40.1573],[-79.9042,40.152],[-79.9021,40.1486],[-79.8921,40.1395],[-79.8877,40.1311],[-79.8525,40.1161],[-79.8504,40.1131],[-79.8557,40.1049],[-79.8631,40.1059],[-79.862,40.1125],[-79.8712,40.1148],[-79.8709,40.1129],[-79.8741,40.113],[-79.8952,40.1031],[-79.9014,40.103],[-79.9014,40.1016],[-79.9469,40.1057],[-79.9773,40.1135],[-79.9891,40.1121],[-79.9844,40.1154],[-79.9844,40.1182],[-79.9868,40.1212],[-79.9887,40.1207],[-79.9951,40.1262],[-79.9921,40.1312],[-79.9955,40.1373],[-79.99,40.1389],[-79.9937,40.1461],[-79.9965,40.1472],[-80.0035,40.1641],[-80.0106,40.175],[-80.0127,40.1827],[-80.0196,40.1868],[-80.0206,40.1885],[-80.0197,40.1912]]]]}},{"type":"Feature","properties":{"geoid":"4220400","name":"Ringgold School District"},"geometry":{"type":"Polygon","coordinates":[[[-80.1094,40.2072],[-80.1084,40.2096],[-80.1033,40.2106],[-80.0962,40.2165],[-80.0984,40.2215],[-80.0937,40.2319],[-80.0951,40.2334],[-80.0987,40.233],[-80.0989,40.2356],[-80.0973,40.2373],[-80.0923,40.2383],[-80.0914,40.2415],[-80.0887,40.2436],[-80.0893,40.2485],[-80.0868,40.2495],[-80.0867,40.2524],[-80.0834,40.249],[-80.0805,40.2481],[-80.0754,40.2498],[-80.0705,40.2488],[-80.063,40.2428],[-80.0473,40.2438],[-80.0419,40.2466],[-80.0336,40.2439],[-80.0258,40.2464],[-80.019,40.2463],[-80.0162,40.2492],[-80.0186,40.2574],[-80.0116,40.2598],[-80.0135,40.2633],[-80.017,40.2649],[-80.0233,40.2623],[-80.0333,40.2769],[-80.0337,40.2877],[-79.9145,40.2524],[-79.9175,40.2494],[-79.9308,40.243],[-79.9626,40.2388],[-79.97,40.2333],[-79.9713,40.2282],[-79.9693,40.2247],[-79.9549,40.2128],[-79.9293,40.2071],[-79.9164,40.199],[-79.9108,40.197],[-79.8948,40.1943],[-79.8714,40.1974],[-79.8624,40.1958],[-79.8554,40.192],[-79.8533,40.1892],[-79.8504,40.1778],[-79.8529,40.1694],[-79.8595,40.1631],[-79.863,40.162],[-79.8933,40.165],[-79.9003,40.1625],[-79.9323,40.16],[-79.9435,40.1625],[-79.9663,40.1647],[-79.9751,40.1718],[-79.9796,40.1765],[-79.9828,40.1825],[-79.9883,40.1861],[-79.9931,40.1925],[-80.0009,40.1963],[-80.0106,40.1959],[-80.0182,40.1918],[-80.0289,40.1907],[-80.0313,40.1879],[-80.0303,40.1843],[-80.0356,40.1816],[-80.0435,40.1809],[-80.056,40.1869],[-80.0657,40.1857],[-80.0761,40.1873],[-80.0852,40.1838],[-80.091,40.1839],[-80.0933,40.1846],[-80.0927,40.1881],[-80.0953,40.1872],[-80.098,40.1927],[-80.1048,40.1908],[-80.1089,40.1923],[-80.1056,40.1937],[-80.1041,40.1962],[-80.1061,40.1977],[-80.1094,40.2072]]]}},{"type":"Feature","properties":{"geoid":"4225440","name":"West Greene School District"},"geometry":{"type":"Polygon","coordinates":[[[-80.5194,39.8062],[-80.5192,39.9622],[-80.518,39.9635],[-80.5142,39.9601],[-80.5099,39.9593],[-80.5009,39.9538],[-80.5014,39.9561],[-80.4998,39.9576],[-80.493,39.9588],[-80.4898,39.9615],[-80.488,39.9614],[-80.4869,39.9596],[-80.4901,39.9575],[-80.4901,39.9545],[-80.4753,39.9521],[-80.4719,39.9546],[-80.4669,39.9546],[-80.4661,39.9568],[-80.4703,39.9605],[-80.4697,39.9618],[-80.4636,39.9609],[-80.4602,39.9623],[-80.4587,39.9641],[-80.4613,39.9674],[-80.4564,39.9694],[-80.4536,39.9734],[-80.451,39.9709],[-80.4512,39.9685],[-80.4483,39.9667],[-80.447,39.9712],[-80.4441,39.9726],[-80.4451,39.9758],[-80.4406,39.9755],[-80.4385,39.9771],[-80.4348,39.9775],[-80.4298,39.9758],[-80.425,39.972],[-80.4229,39.9722],[-80.42,39.9754],[-80.4129,39.977],[-80.4067,39.9768],[-80.4017,39.9787],[-80.3965,39.9779],[-80.3958,39.9835],[-80.3912,39.988],[-80.3723,39.9966],[-80.3563,39.9968],[-80.3543,39.9973],[-80.3518,40.0001],[-80.3434,40.0006],[-80.3298,40.0055],[-80.3211,40.0056],[-80.3175,40.0033],[-80.3126,40.0033],[-80.3088,40.007],[-80.3099,40.0091],[-80.309,40.0122],[-80.3107,40.0131],[-80.3102,40.0177],[-80.3014,40.0206],[-80.2944,40.0185],[-80.2921,40.0206],[-80.2874,40.0192],[-80.2846,40.0124],[-80.2733,40.0133],[-80.272,40.0077],[-80.2761,40.0055],[-80.2731,40.0024],[-80.2637,40.0019],[-80.2588,40.0041],[-80.2566,40.0031],[-80.2529,40.0052],[-80.2518,40.0078],[-80.2443,40.007],[-80.2401,40.0095],[-80.2322,40.0078],[-80.2373,39.9933],[-80.2477,39.9719],[-80.2532,39.9557],[-80.2551,39.9222],[-80.2596,39.922],[-80.2569,39.9201],[-80.257,39.9178],[-80.252,39.9129],[-80.2486,39.8989],[-80.2378,39.8928],[-80.2386,39.8909],[-80.2282,39.8828],[-80.2299,39.8742],[-80.2235,39.8712],[-80.2206,39.8652],[-80.2199,39.8595],[-80.2237,39.8459],[-80.2248,39.832],[-80.2231,39.8243],[-80.25,39.8236],[-80.2604,39.8255],[-80.2759,39.8194],[-80.302,39.8053],[-80.3071,39.8051],[-80.3036,39.8027],[-80.3036,39.7937],[-80.3014,39.7866],[-80.3018,39.7838],[-80.2982,39.7774],[-80.2937,39.7717],[-80.2842,39.7719],[-80.2845,39.7554],[-80.2883,39.7442],[-80.2976,39.7384],[-80.2938,39.7213],[-80.5193,39.7214],[-80.5194,39.8062]]]}},{"type":"Feature","properties":{"geoid":"4213320","name":"Laurel Highlands School District"},"geometry":{"type":"Polygon","coordinates":[[[-79.7985,39.8965],[-79.7805,39.8969],[-79.7748,39.8993],[-79.7675,39.8997],[-79.7727,39.9019],[-79.7696,39.9091],[-79.7714,39.9124],[-79.7689,39.9161],[-79.7662,39.9183],[-79.7602,39.9181],[-79.7496,39.921],[-79.7501,39.9285],[-79.7481,39.9293],[-79.748,39.9312],[-79.7499,39.932],[-79.7535,39.9431],[-79.7521,39.9472],[-79.7529,39.9493],[-79.7507,39.9501],[-79.7505,39.9539],[-79.7465,39.9573],[-79.7435,39.9566],[-79.7436,39.9554],[-79.7462,39.9542],[-79.7453,39.9532],[-79.7293,39.9513],[-79.7241,39.9555],[-79.7105,39.9626],[-79.7029,39.9585],[-79.6814,39.9582],[-79.674,39.9618],[-79.6652,39.9599],[-79.6527,39.9528],[-79.6342,39.9446],[-79.6285,39.9372],[-79.628,39.9356],[-79.6306,39.9298],[-79.628,39.9306],[-79.6259,39.9296],[-79.6237,39.9213],[-79.6276,39.919],[-79.6297,39.9139],[-79.634,39.9101],[-79.6363,39.9056],[-79.6337,39.9003],[-79.5958,39.9007],[-79.5839,39.8856],[-79.6298,39.8606],[-79.645,39.8476],[-79.6564,39.8497],[-79.6549,39.8472],[-79.662,39.8437],[-79.6705,39.8336],[-79.6769,39.8312],[-79.6821,39.8184],[-79.7021,39.8345],[-79.7028,39.8368],[-79.7064,39.8371],[-79.7375,39.8625],[-79.7927,39.8906],[-79.7985,39.8965]],[[-79.7442,39.9007],[-79.7389,39.9008],[-79.7365,39.8988],[-79.7388,39.8974],[-79.7409,39.9005],[-79.742,39.9002],[-79.7381,39.895],[-79.7351,39.896],[-79.734,39.8951],[-79.7382,39.8886],[-79.736,39.8887],[-79.7348,39.8874],[-79.7352,39.883],[-79.733,39.8827],[-79.732,39.8867],[-79.7304,39.8877],[-79.7322,39.889],[-79.7316,39.8899],[-79.7283,39.8894],[-79.7275,39.8917],[-79.7258,39.8922],[-79.7261,39.8875],[-79.7213,39.8872],[-79.7233,39.8937],[-79.7213,39.8943],[-79.7182,39.8926],[-79.7165,39.8944],[-79.7146,39.8944],[-79.7126,39.8928],[-79.7081,39.894],[-79.7048,39.8983],[-79.7033,39.8985],[-79.7056,39.9027],[-79.7116,39.9035],[-79.7154,39.9059],[-79.7142,39.907],[-79.7201,39.9113],[-79.7218,39.9109],[-79.7225,39.9093],[-79.7216,39.9087],[-79.7241,39.9084],[-79.723,39.9103],[-79.7276,39.9061],[-79.7272,39.9096],[-79.7309,39.9118],[-79.7335,39.9112],[-79.7349,39.9079],[-79.7367,39.9084],[-79.7388,39.9059],[-79.736,39.9039],[-79.736,39.9023],[-79.7421,39.9022],[-79.7431,39.9038],[-79.7452,39.903],[-79.744,39.903],[-79.7455,39.9012],[-79.7442,39.9007]]]}},{"type":"Feature","properties":{"geoid":"4203840","name":"Bloomsburg Area School District"},"geometry":{"type":"Polygon","coordinates":[[[-76.5662,41.0086],[-76.5628,41.0234],[-76.563,41.0363],[-76.5463,41.0398],[-76.5401,41.0434],[-76.536,41.0435],[-76.5314,41.0455],[-76.5282,41.0499],[-76.4952,41.0651],[-76.4931,41.0633],[-76.4922,41.0572],[-76.4883,41.0501],[-76.4877,41.0425],[-76.4845,41.0414],[-76.4821,41.0374],[-76.4794,41.0199],[-76.4757,41.0184],[-76.4733,41.0229],[-76.469,41.0249],[-76.4601,41.0246],[-76.4564,41.0223],[-76.451,41.0248],[-76.4281,40.9965],[-76.4003,41.0064],[-76.3566,41.0177],[-76.335,40.9794],[-76.3147,40.9854],[-76.3073,40.9856],[-76.2869,40.9923],[-76.2217,41.0046],[-76.2078,40.9497],[-76.2497,40.9158],[-76.273,40.8942],[-76.2896,40.9085],[-76.3474,40.9368],[-76.3625,40.9505],[-76.4073,40.9336],[-76.4214,40.993],[-76.4363,40.9895],[-76.4393,40.9925],[-76.4557,40.9849],[-76.4643,40.9789],[-76.4673,40.975],[-76.4681,40.9694],[-76.4674,40.962],[-76.4648,40.9619],[-76.4649,40.9573],[-76.4668,40.9531],[-76.4779,40.95],[-76.5025,40.9502],[-76.5124,40.9461],[-76.5158,40.95],[-76.515,40.959],[-76.5215,40.9647],[-76.5218,40.9671],[-76.5251,40.9678],[-76.529,40.9731],[-76.5652,40.9999],[-76.5662,41.0086]]]}},{"type":"Feature","properties":{"geoid":"4215450","name":"Millville Area School District"},"geometry":{"type":"Polygon","coordinates":[[[-76.6408,41.1557],[-76.5925,41.1578],[-76.5217,41.2143],[-76.4997,41.2339],[-76.4608,41.2648],[-76.4586,41.259],[-76.4522,41.2533],[-76.4494,41.2485],[-76.4509,41.2439],[-76.4489,41.2349],[-76.454,41.2289],[-76.4565,41.2285],[-76.4581,41.2267],[-76.4581,41.2234],[-76.4619,41.215],[-76.4606,41.2106],[-76.4648,41.2049],[-76.4654,41.2002],[-76.4698,41.1964],[-76.4752,41.1956],[-76.4795,41.1917],[-76.4111,41.1784],[-76.4172,41.1339],[-76.4176,41.1196],[-76.4585,41.1104],[-76.5025,41.0988],[-76.5107,41.0933],[-76.5201,41.0835],[-76.5074,41.0785],[-76.5056,41.0766],[-76.5046,41.0737],[-76.5077,41.0685],[-76.507,41.0673],[-76.4952,41.0651],[-76.5282,41.0499],[-76.5314,41.0455],[-76.536,41.0435],[-76.5401,41.0434],[-76.5463,41.0398],[-76.563,41.0363],[-76.5699,41.0538],[-76.619,41.0638],[-76.616,41.0687],[-76.6182,41.0742],[-76.6154,41.0794],[-76.6205,41.0848],[-76.6207,41.0896],[-76.6408,41.1557]]]}},{"type":"Feature","properties":{"geoid":"4212090","name":"Huntingdon Area School District"},"geometry":{"type":"Polygon","coordinates":[[[-78.2357,40.3338],[-78.2246,40.3467],[-78.2142,40.3563],[-78.204,40.3751],[-78.1915,40.3911],[-78.1863,40.3999],[-78.1779,40.4086],[-78.1554,40.4385],[-78.1416,40.4603],[-78.1301,40.482],[-78.1298,40.4937],[-78.1083,40.4963],[-78.0939,40.4927],[-78.0556,40.4892],[-78.0261,40.5167],[-78.027,40.5352],[-78.0,40.5511],[-77.97,40.5715],[-77.8935,40.61],[-77.8626,40.6232],[-77.8719,40.6316],[-77.8833,40.6492],[-77.8891,40.6793],[-77.8943,40.7162],[-77.8249,40.7435],[-77.7685,40.7195],[-77.7187,40.7274],[-77.7105,40.7146],[-77.6813,40.7298],[-77.6766,40.7165],[-77.7012,40.705],[-77.6992,40.6981],[-77.7005,40.6949],[-77.7084,40.6905],[-77.7038,40.6799],[-77.6823,40.6851],[-77.6827,40.6827],[-77.6871,40.6767],[-77.7108,40.662],[-77.7207,40.658],[-77.7204,40.6546],[-77.7516,40.6323],[-77.7725,40.6259],[-77.7991,40.6023],[-77.8194,40.5801],[-77.821,40.5796],[-77.8418,40.55],[-77.816,40.4998],[-77.8282,40.4916],[-77.8359,40.4842],[-77.8441,40.4734],[-77.8702,40.4452],[-77.8901,40.4273],[-77.8968,40.4174],[-77.9081,40.414],[-77.9122,40.4087],[-77.9138,40.3987],[-77.8891,40.3986],[-77.8891,40.3922],[-77.8877,40.3914],[-77.9045,40.3892],[-77.9111,40.3899],[-77.9218,40.3941],[-77.9328,40.3922],[-77.9392,40.3943],[-77.9402,40.396],[-77.9385,40.4042],[-77.9393,40.4102],[-77.9371,40.4144],[-77.9342,40.4157],[-77.9319,40.4192],[-77.9319,40.4316],[-77.9361,40.4372],[-77.9554,40.4432],[-77.9912,40.4177],[-77.9956,40.4082],[-78.0039,40.407],[-78.0134,40.397],[-78.0221,40.3916],[-78.0254,40.3877],[-78.0423,40.3763],[-78.0549,40.3658],[-78.0689,40.3605],[-78.0718,40.3529],[-78.0914,40.3529],[-78.1079,40.3509],[-78.1308,40.3385],[-78.1354,40.3323],[-78.1551,40.3149],[-78.1704,40.2972],[-78.1771,40.2862],[-78.2152,40.3124],[-78.2431,40.3225],[-78.2357,40.3338]]]}},{"type":"Feature","properties":{"geoid":"4217370","name":"Northampton Area School District"},"geometry":{"type":"Polygon","coordinates":[[[-75.6081,40.7875],[-75.6026,40.788],[-75.5984,40.7901],[-75.5955,40.7933],[-75.5775,40.7994],[-75.5575,40.8012],[-75.5514,40.8046],[-75.5415,40.8068],[-75.5284,40.8067],[-75.519,40.8088],[-75.508,40.8091],[-75.4785,40.8131],[-75.4725,40.8151],[-75.4433,40.8183],[-75.4205,40.8235],[-75.4168,40.8261],[-75.3833,40.831],[-75.3736,40.8343],[-75.3646,40.7968],[-75.3684,40.7898],[-75.3612,40.766],[-75.349,40.7418],[-75.3834,40.738],[-75.3766,40.6938],[-75.4662,40.6613],[-75.465,40.6653],[-75.4622,40.6685],[-75.4632,40.67],[-75.4706,40.6707],[-75.4836,40.6669],[-75.4873,40.6745],[-75.498,40.6792],[-75.5031,40.6897],[-75.5085,40.693],[-75.5119,40.697],[-75.5222,40.7129],[-75.5255,40.7201],[-75.5262,40.7327],[-75.5301,40.7363],[-75.5374,40.7376],[-75.5403,40.7361],[-75.5418,40.7279],[-75.5443,40.7251],[-75.551,40.7221],[-75.5582,40.7209],[-75.5678,40.7259],[-75.5706,40.7325],[-75.574,40.7347],[-75.5879,40.7339],[-75.5926,40.7361],[-75.5942,40.7388],[-75.588,40.7404],[-75.5903,40.7428],[-75.5881,40.7436],[-75.5935,40.7642],[-75.6034,40.7587],[-75.6029,40.766],[-75.6067,40.7713],[-75.6047,40.7767],[-75.609,40.7874],[-75.6081,40.7875]]]}},{"type":"Feature","properties":{"geoid":"4221870","name":"Souderton Area School District"},"geometry":{"type":"Polygon","coordinates":[[[-75.4749,40.3146],[-75.4686,40.3199],[-75.4646,40.3181],[-75.4619,40.3211],[-75.4582,40.321],[-75.4544,40.3252],[-75.4475,40.3266],[-75.4425,40.3321],[-75.4316,40.3392],[-75.4135,40.3577],[-75.413,40.3633],[-75.4023,40.3696],[-75.3346,40.3288],[-75.3324,40.3317],[-75.3307,40.3307],[-75.3248,40.3366],[-75.3204,40.3342],[-75.3162,40.3311],[-75.3228,40.3244],[-75.3157,40.3201],[-75.3172,40.3185],[-75.2998,40.3078],[-75.336,40.2731],[-75.3384,40.2725],[-75.3858,40.2264],[-75.4202,40.2465],[-75.4223,40.2444],[-75.4592,40.2651],[-75.4625,40.2626],[-75.4653,40.268],[-75.4584,40.2713],[-75.4542,40.276],[-75.4563,40.2807],[-75.4548,40.2849],[-75.4571,40.2963],[-75.4567,40.3018],[-75.4579,40.3036],[-75.4597,40.3038],[-75.4663,40.3025],[-75.4659,40.3117],[-75.4676,40.3139],[-75.4749,40.3146]]]}},{"type":"Feature","properties":{"geoid":"4209600","name":"Karns City Area School District"},"geometry":{"type":"Polygon","coordinates":[[[-79.7851,41.1015],[-79.6903,41.1022],[-79.6902,41.0791],[-79.6831,41.0795],[-79.6805,41.0816],[-79.6742,41.0828],[-79.666,41.0789],[-79.6591,41.0735],[-79.6559,41.0694],[-79.6565,41.0648],[-79.6654,41.0585],[-79.6671,41.0559],[-79.6659,41.0493],[-79.6625,41.0473],[-79.6513,41.0451],[-79.6368,41.0379],[-79.6196,41.0334],[-79.6109,41.034],[-79.6038,41.0372],[-79.5994,41.0353],[-79.5993,41.0303],[-79.6026,41.0208],[-79.6092,41.0122],[-79.6098,41.0087],[-79.6083,41.0059],[-79.5954,41.0051],[-79.588,41.0032],[-79.5818,40.998],[-79.5813,40.9948],[-79.5792,40.9949],[-79.5702,40.9856],[-79.5743,40.9847],[-79.5811,40.9804],[-79.5871,40.974],[-79.5852,40.9373],[-79.5823,40.9234],[-79.581,40.8939],[-79.6913,40.8948],[-79.6915,40.8849],[-79.7833,40.8863],[-79.784,40.9563],[-79.7853,40.9723],[-79.7846,41.029],[-79.7861,41.1015],[-79.7851,41.1015]]]}},{"type":"Feature","properties":{"geoid":"4204530","name":"Burrell School District"},"geometry":{"type":"Polygon","coordinates":[[[-79.7661,40.5508],[-79.7615,40.5532],[-79.7469,40.5518],[-79.7475,40.5531],[-79.7447,40.5537],[-79.7441,40.5566],[-79.7377,40.5556],[-79.7343,40.5564],[-79.7324,40.5607],[-79.7334,40.5642],[-79.7307,40.5707],[-79.7327,40.5708],[-79.7358,40.5772],[-79.7417,40.5806],[-79.7374,40.5823],[-79.7397,40.5854],[-79.7441,40.5836],[-79.7495,40.594],[-79.7492,40.5989],[-79.7361,40.602],[-79.7232,40.607],[-79.7121,40.6191],[-79.6801,40.5968],[-79.6811,40.5963],[-79.6791,40.5958],[-79.6712,40.5885],[-79.6477,40.5716],[-79.6495,40.5701],[-79.645,40.5694],[-79.6216,40.5513],[-79.6776,40.506],[-79.6854,40.5112],[-79.6902,40.5161],[-79.692,40.5163],[-79.6941,40.5209],[-79.6991,40.5255],[-79.7051,40.5271],[-79.7102,40.5323],[-79.7144,40.5329],[-79.7224,40.5422],[-79.7319,40.5451],[-79.7357,40.549],[-79.7427,40.5485],[-79.7517,40.5518],[-79.7543,40.5504],[-79.7601,40.5511],[-79.7651,40.5492],[-79.7661,40.5508]]]}},{"type":"Feature","properties":{"geoid":"4216740","name":"New Kensington-Arnold School District"},"geometry":{"type":"Polygon","coordinates":[[[-79.7745,40.5767],[-79.7716,40.5856],[-79.7681,40.5895],[-79.762,40.5943],[-79.7492,40.5989],[-79.7495,40.594],[-79.7441,40.5836],[-79.7397,40.5854],[-79.7374,40.5823],[-79.7417,40.5806],[-79.7358,40.5772],[-79.7327,40.5708],[-79.7307,40.5707],[-79.7334,40.5642],[-79.7324,40.5607],[-79.7343,40.5564],[-79.7377,40.5556],[-79.7441,40.5566],[-79.7447,40.5537],[-79.7475,40.5531],[-79.7469,40.5518],[-79.7615,40.5532],[-79.7661,40.5508],[-79.7741,40.5684],[-79.7745,40.5767]]]}},{"type":"Feature","properties":{"geoid":"4222790","name":"Steel Valley School District"},"geometry":{"type":"Polygon","coordinates":[[[-79.933,40.3976],[-79.9272,40.4009],[-79.9186,40.4108],[-79.9115,40.4148],[-79.8996,40.4154],[-79.8845,40.4072],[-79.8875,40.4064],[-79.8842,40.403],[-79.8961,40.3984],[-79.8937,40.3954],[-79.8946,40.3842],[-79.8909,40.383],[-79.89,40.3837],[-79.8908,40.3817],[-79.8894,40.3808],[-79.891,40.3794],[-79.8913,40.3764],[-79.9057,40.3755],[-79.9088,40.3767],[-79.9083,40.3782],[-79.9107,40.3787],[-79.9117,40.3805],[-79.9162,40.3801],[-79.9185,40.3885],[-79.9149,40.3934],[-79.9169,40.3939],[-79.9133,40.397],[-79.9164,40.3988],[-79.9182,40.3993],[-79.9296,40.3897],[-79.9324,40.3915],[-79.933,40.3976]]]}},{"type":"Feature","properties":{"geoid":"4225590","name":"West Jefferson Hills School District"},"geometry":{"type":"Polygon","coordinates":[[[-79.9855,40.33],[-79.9854,40.3334],[-79.972,40.3388],[-79.9683,40.3418],[-79.9663,40.342],[-79.964,40.345],[-79.9315,40.3269],[-79.9313,40.3255],[-79.9291,40.3259],[-79.9271,40.3245],[-79.9258,40.3256],[-79.8986,40.3195],[-79.9005,40.319],[-79.9005,40.3172],[-79.8973,40.3143],[-79.9008,40.3121],[-79.8951,40.306],[-79.8995,40.3019],[-79.8954,40.2989],[-79.8892,40.3007],[-79.8837,40.2981],[-79.9004,40.2956],[-79.9005,40.2832],[-79.8979,40.281],[-79.8927,40.2809],[-79.8883,40.2832],[-79.883,40.2831],[-79.8801,40.2854],[-79.8762,40.2836],[-79.8842,40.2787],[-79.8963,40.2679],[-79.9097,40.2585],[-79.9145,40.2524],[-79.9691,40.2686],[-79.9561,40.278],[-79.965,40.2811],[-79.9639,40.2823],[-79.9655,40.2888],[-79.971,40.2923],[-79.9728,40.2997],[-79.9764,40.306],[-79.9764,40.3092],[-79.979,40.3117],[-79.9803,40.3233],[-79.9855,40.33]]]}},{"type":"Feature","properties":{"geoid":"4226370","name":"Wilkinsburg Borough School District"},"geometry":{"type":"Polygon","coordinates":[[[-79.8951,40.4372],[-79.8924,40.4503],[-79.8859,40.4469],[-79.8841,40.4491],[-79.8676,40.4494],[-79.8658,40.4557],[-79.8683,40.4564],[-79.867,40.4585],[-79.858,40.4594],[-79.8571,40.4573],[-79.8555,40.4574],[-79.8555,40.4536],[-79.8542,40.4536],[-79.854,40.4458],[-79.8585,40.4452],[-79.8579,40.4429],[-79.8621,40.4415],[-79.8616,40.4394],[-79.8651,40.4375],[-79.8615,40.4382],[-79.8667,40.4313],[-79.8742,40.4353],[-79.8775,40.4355],[-79.8792,40.434],[-79.8858,40.4368],[-79.8946,40.4335],[-79.8951,40.4372]]]}},{"type":"Feature","properties":{"geoid":"4205700","name":"Chartiers Valley School District"},"geometry":{"type":"Polygon","coordinates":[[[-80.1698,40.3951],[-80.1675,40.4183],[-80.1681,40.4219],[-80.1554,40.4323],[-80.1517,40.4334],[-80.1391,40.4304],[-80.1342,40.4306],[-80.1246,40.4267],[-80.1146,40.4261],[-80.115,40.4245],[-80.1115,40.4243],[-80.1108,40.4213],[-80.1089,40.4208],[-80.1096,40.4177],[-80.1059,40.4132],[-80.0999,40.411],[-80.0985,40.4],[-80.087,40.4033],[-80.0867,40.3987],[-80.0799,40.3999],[-80.0697,40.3986],[-80.0674,40.401],[-80.0703,40.4064],[-80.0805,40.4129],[-80.0787,40.4165],[-80.0703,40.4108],[-80.0512,40.4019],[-80.0517,40.4007],[-80.0549,40.401],[-80.0541,40.3965],[-80.0562,40.3956],[-80.0544,40.3928],[-80.0591,40.3908],[-80.0657,40.3933],[-80.0688,40.392],[-80.0689,40.3889],[-80.074,40.3882],[-80.0716,40.3855],[-80.0691,40.3868],[-80.0694,40.3833],[-80.0672,40.3798],[-80.0692,40.3785],[-80.0675,40.3764],[-80.0696,40.3782],[-80.079,40.3764],[-80.0841,40.3771],[-80.0727,40.3638],[-80.0814,40.3643],[-80.0857,40.363],[-80.0869,40.364],[-80.0875,40.3622],[-80.093,40.3621],[-80.0952,40.3634],[-80.0976,40.3579],[-80.099,40.3576],[-80.0877,40.3524],[-80.0902,40.3504],[-80.0956,40.3533],[-80.0993,40.3494],[-80.1062,40.3489],[-80.108,40.3514],[-80.1101,40.3516],[-80.1206,40.3592],[-80.12,40.3679],[-80.1221,40.3707],[-80.1197,40.3723],[-80.1243,40.373],[-80.1299,40.3721],[-80.1387,40.3768],[-80.1687,40.3838],[-80.1698,40.3951]]]}},{"type":"Feature","properties":{"geoid":"4206030","name":"Clairton City School District"},"geometry":{"type":"Polygon","coordinates":[[[-79.8996,40.3121],[-79.8973,40.3143],[-79.9005,40.3172],[-79.9005,40.319],[-79.8967,40.3197],[-79.8914,40.3147],[-79.8769,40.3091],[-79.8715,40.3051],[-79.8685,40.302],[-79.8671,40.296],[-79.8683,40.2911],[-79.8707,40.2879],[-79.8762,40.2836],[-79.8801,40.2854],[-79.883,40.2831],[-79.8883,40.2832],[-79.8927,40.2809],[-79.8979,40.281],[-79.9005,40.2832],[-79.9004,40.2956],[-79.8837,40.2981],[-79.8892,40.3007],[-79.8954,40.2989],[-79.8995,40.3019],[-79.8951,40.306],[-79.9008,40.3121],[-79.8996,40.3121]]]}},{"type":"Feature","properties":{"geoid":"4207540","name":"Deer Lakes School District"},"geometry":{"type":"Polygon","coordinates":[[[-79.9242,40.673],[-79.817,40.6717],[-79.8164,40.6441],[-79.7857,40.6438],[-79.7723,40.6188],[-79.7667,40.6186],[-79.7642,40.6142],[-79.7669,40.6142],[-79.7667,40.6093],[-79.7709,40.6092],[-79.7709,40.6062],[-79.7799,40.6061],[-79.7675,40.5985],[-79.764,40.5929],[-79.7708,40.5867],[-79.7734,40.5821],[-79.7748,40.5728],[-79.7721,40.563],[-79.8113,40.5619],[-79.8126,40.5991],[-79.9197,40.5963],[-79.9242,40.673]]]}},{"type":"Feature","properties":{"geoid":"4209090","name":"Elizabeth Forward School District"},"geometry":{"type":"Polygon","coordinates":[[[-79.9711,40.2307],[-79.9668,40.2365],[-79.9626,40.2388],[-79.9376,40.2415],[-79.9253,40.2451],[-79.9175,40.2494],[-79.9097,40.2585],[-79.8778,40.2826],[-79.8745,40.2796],[-79.8753,40.2789],[-79.8703,40.2765],[-79.8664,40.2792],[-79.8622,40.2775],[-79.8519,40.2794],[-79.8463,40.2842],[-79.8413,40.2854],[-79.8384,40.2896],[-79.8342,40.2913],[-79.8293,40.2983],[-79.8395,40.3027],[-79.8356,40.309],[-79.8378,40.3146],[-79.834,40.3122],[-79.829,40.3126],[-79.82,40.3181],[-79.8144,40.3199],[-79.8033,40.3198],[-79.7963,40.3182],[-79.7905,40.3145],[-79.7902,40.311],[-79.7948,40.3071],[-79.8046,40.304],[-79.8068,40.3022],[-79.8064,40.297],[-79.8011,40.2926],[-79.7988,40.2929],[-79.7929,40.298],[-79.7875,40.2975],[-79.781,40.2936],[-79.7752,40.2879],[-79.7758,40.285],[-79.7796,40.2823],[-79.7958,40.2811],[-79.7962,40.276],[-79.7951,40.2722],[-79.7888,40.2653],[-79.7877,40.2618],[-79.7967,40.2528],[-79.7991,40.247],[-79.8051,40.2412],[-79.8074,40.2369],[-79.8071,40.2345],[-79.8044,40.2319],[-79.7826,40.2276],[-79.8714,40.1974],[-79.8948,40.1943],[-79.9108,40.197],[-79.9164,40.199],[-79.9293,40.2071],[-79.9579,40.2143],[-79.9693,40.2247],[-79.9709,40.2269],[-79.9711,40.2307]]]}},{"type":"Feature","properties":{"geoid":"4209960","name":"Fort Cherry School District"},"geometry":{"type":"Polygon","coordinates":[[[-80.3706,40.4712],[-80.3675,40.4727],[-80.3644,40.4714],[-80.3626,40.4768],[-80.3608,40.4776],[-80.2347,40.3755],[-80.2343,40.3775],[-80.2306,40.3766],[-80.2271,40.3714],[-80.2229,40.3728],[-80.2204,40.3685],[-80.2212,40.3664],[-80.223,40.3659],[-80.228,40.37],[-80.231,40.3688],[-80.2303,40.366],[-80.2391,40.3642],[-80.2399,40.3653],[-80.2442,40.3651],[-80.2525,40.3613],[-80.2527,40.3298],[-80.2514,40.3181],[-80.2401,40.3082],[-80.2656,40.2866],[-80.267,40.2809],[-80.2696,40.2783],[-80.2706,40.275],[-80.3079,40.2518],[-80.3322,40.2382],[-80.3434,40.2426],[-80.3473,40.2483],[-80.3574,40.2519],[-80.3652,40.2575],[-80.3616,40.2618],[-80.3565,40.3086],[-80.3283,40.3496],[-80.2963,40.3602],[-80.2801,40.3641],[-80.2824,40.3658],[-80.285,40.3655],[-80.2851,40.3633],[-80.2941,40.3639],[-80.2959,40.3618],[-80.2984,40.363],[-80.2974,40.3642],[-80.2986,40.3646],[-80.2967,40.3667],[-80.2986,40.3673],[-80.2981,40.3686],[-80.3033,40.3685],[-80.3085,40.3718],[-80.3086,40.3854],[-80.3137,40.3886],[-80.3196,40.3885],[-80.3258,40.395],[-80.3276,40.3999],[-80.329,40.4009],[-80.3323,40.4001],[-80.3343,40.4024],[-80.3378,40.4025],[-80.3429,40.4065],[-80.3418,40.4083],[-80.3451,40.4088],[-80.3441,40.411],[-80.3457,40.4138],[-80.3449,40.4173],[-80.3496,40.418],[-80.3516,40.417],[-80.3527,40.4175],[-80.3515,40.4202],[-80.3538,40.422],[-80.3573,40.4217],[-80.3585,40.4253],[-80.3543,40.4345],[-80.3596,40.4385],[-80.362,40.438],[-80.3622,40.437],[-80.3663,40.4368],[-80.3628,40.4443],[-80.3647,40.445],[-80.3664,40.4479],[-80.365,40.452],[-80.3671,40.4546],[-80.3664,40.4555],[-80.3618,40.4552],[-80.36,40.4566],[-80.3608,40.4584],[-80.3653,40.4602],[-80.3672,40.4675],[-80.37,40.4686],[-80.3706,40.4712]]]}},{"type":"Feature","properties":{"geoid":"4211340","name":"Hamburg Area School District"},"geometry":{"type":"Polygon","coordinates":[[[-76.2174,40.4774],[-76.2089,40.4818],[-76.2038,40.4804],[-76.2003,40.4814],[-76.2012,40.4874],[-76.2031,40.4882],[-76.2053,40.4935],[-76.2054,40.4951],[-76.2033,40.4968],[-76.2086,40.5067],[-76.2056,40.5137],[-76.2068,40.522],[-76.2036,40.5305],[-76.1966,40.5313],[-76.1856,40.5356],[-76.1716,40.5349],[-76.1636,40.54],[-76.1601,40.5404],[-76.1551,40.5452],[-76.1376,40.5511],[-76.1347,40.5535],[-76.1059,40.5622],[-76.0796,40.5661],[-76.0653,40.5797],[-76.058,40.5796],[-76.0577,40.5767],[-76.0542,40.5741],[-76.0495,40.5765],[-76.0472,40.5799],[-76.0473,40.5827],[-76.0425,40.584],[-76.0395,40.5831],[-76.0338,40.5773],[-76.0265,40.5786],[-76.0212,40.5738],[-76.0171,40.5745],[-76.0156,40.577],[-76.0122,40.5777],[-75.9962,40.63],[-75.8798,40.5549],[-75.8763,40.5486],[-75.8794,40.5453],[-75.88,40.5416],[-75.8773,40.5405],[-75.8791,40.5327],[-75.8783,40.5286],[-75.8746,40.5258],[-75.8833,40.5155],[-75.8822,40.5122],[-75.8841,40.5086],[-75.8825,40.5067],[-75.8843,40.5028],[-75.8891,40.4995],[-75.8929,40.4944],[-75.8966,40.4971],[-75.9763,40.4665],[-75.9762,40.4691],[-75.9699,40.4748],[-75.9699,40.4799],[-75.9673,40.4835],[-75.972,40.4916],[-75.9715,40.4956],[-75.9749,40.4989],[-75.9838,40.5007],[-75.9882,40.5047],[-75.9878,40.5092],[-75.9894,40.5107],[-76.0015,40.5153],[-76.0145,40.5134],[-76.0482,40.4993],[-76.0656,40.4846],[-76.1066,40.4779],[-76.1064,40.4742],[-76.1103,40.4734],[-76.1131,40.4744],[-76.1179,40.473],[-76.1175,40.4692],[-76.1972,40.4683],[-76.2097,40.4562],[-76.2211,40.4772],[-76.2174,40.4774]]]}},{"type":"Feature","properties":{"geoid":"4210620","name":"Gateway School District"},"geometry":{"type":"Polygon","coordinates":[[[-79.8213,40.4167],[-79.8034,40.4269],[-79.8021,40.432],[-79.8045,40.4342],[-79.8027,40.4386],[-79.8003,40.4395],[-79.802,40.4402],[-79.7979,40.4419],[-79.7963,40.4499],[-79.7872,40.4531],[-79.7822,40.4569],[-79.7793,40.461],[-79.7739,40.4597],[-79.7681,40.462],[-79.7621,40.4618],[-79.7586,40.4599],[-79.7535,40.4603],[-79.7482,40.4572],[-79.7446,40.4566],[-79.7389,40.4578],[-79.7195,40.4473],[-79.7114,40.4459],[-79.7095,40.4481],[-79.704,40.4437],[-79.7048,40.4263],[-79.707,40.424],[-79.7069,40.4223],[-79.716,40.4174],[-79.7172,40.4138],[-79.7268,40.4145],[-79.7272,40.4122],[-79.7224,40.4086],[-79.7304,40.4085],[-79.732,40.4066],[-79.7323,40.4002],[-79.7349,40.3979],[-79.7357,40.3994],[-79.7387,40.3977],[-79.7386,40.3955],[-79.7425,40.3969],[-79.7446,40.3962],[-79.7478,40.3909],[-79.7505,40.3911],[-79.751,40.3891],[-79.7545,40.3899],[-79.76,40.3937],[-79.7628,40.3927],[-79.7659,40.3894],[-79.7654,40.3853],[-79.7682,40.3866],[-79.7771,40.3989],[-79.784,40.3963],[-79.792,40.3979],[-79.7972,40.3941],[-79.8014,40.3941],[-79.8045,40.3968],[-79.8044,40.3984],[-79.8054,40.3986],[-79.8065,40.3968],[-79.8092,40.397],[-79.815,40.4012],[-79.8118,40.4034],[-79.813,40.4055],[-79.8154,40.4056],[-79.8097,40.4121],[-79.8123,40.4138],[-79.8107,40.4164],[-79.8117,40.4179],[-79.8138,40.4181],[-79.8185,40.4155],[-79.8213,40.4167]]]}},{"type":"Feature","properties":{"geoid":"4211880","name":"Highlands School District"},"geometry":{"type":"Polygon","coordinates":[[[-79.817,40.6717],[-79.7291,40.6693],[-79.6929,40.6696],[-79.6958,40.6648],[-79.6958,40.6615],[-79.6911,40.6525],[-79.689,40.6454],[-79.6903,40.6409],[-79.6944,40.6351],[-79.7033,40.6257],[-79.7146,40.617],[-79.7213,40.6082],[-79.7361,40.602],[-79.7576,40.5963],[-79.764,40.5929],[-79.7675,40.5985],[-79.7799,40.6061],[-79.7709,40.6062],[-79.7709,40.6092],[-79.7667,40.6093],[-79.7669,40.6142],[-79.7642,40.6142],[-79.7667,40.6186],[-79.7723,40.6188],[-79.7857,40.6438],[-79.8164,40.6441],[-79.817,40.6717]]]}},{"type":"Feature","properties":{"geoid":"4214940","name":"McKeesport Area School District"},"geometry":{"type":"Polygon","coordinates":[[[-79.9025,40.3525],[-79.8995,40.3561],[-79.8859,40.3593],[-79.8848,40.3574],[-79.8772,40.3577],[-79.8767,40.3543],[-79.8462,40.3572],[-79.84,40.3596],[-79.8372,40.3621],[-79.8364,40.365],[-79.8342,40.3615],[-79.8332,40.3627],[-79.8292,40.3612],[-79.7744,40.3597],[-79.7833,40.3173],[-79.7877,40.3166],[-79.7892,40.3091],[-79.7859,40.3076],[-79.7886,40.2977],[-79.7929,40.298],[-79.7988,40.2929],[-79.8011,40.2926],[-79.8064,40.297],[-79.8068,40.3022],[-79.7918,40.3091],[-79.79,40.3123],[-79.7925,40.3166],[-79.8033,40.3198],[-79.8144,40.3199],[-79.82,40.3181],[-79.829,40.3126],[-79.8363,40.3128],[-79.8445,40.3265],[-79.8669,40.3422],[-79.87,40.3488],[-79.8734,40.3476],[-79.881,40.3418],[-79.8818,40.3434],[-79.8856,40.3452],[-79.8919,40.339],[-79.8962,40.3418],[-79.895,40.3443],[-79.9062,40.3524],[-79.9025,40.3525]]]}},{"type":"Feature","properties":{"geoid":"4215720","name":"Montour School District"},"geometry":{"type":"MultiPolygon","coordinates":[[[[-80.0785,40.4465],[-80.0765,40.448],[-80.0686,40.4478],[-80.0662,40.4494],[-80.064,40.4476],[-80.0619,40.4478],[-80.0585,40.4446],[-80.0554,40.4439],[-80.0607,40.4421],[-80.0612,40.4406],[-80.0627,40.4419],[-80.0661,40.442],[-80.0741,40.4403],[-80.0764,40.4418],[-80.0785,40.4465]]],[[[-80.1715,40.4366],[-80.1723,40.4583],[-80.1687,40.459],[-80.1675,40.4603],[-80.1691,40.4616],[-80.1676,40.4624],[-80.1617,40.4613],[-80.1611,40.4585],[-80.1595,40.4606],[-80.1623,40.464],[-80.1613,40.4659],[-80.1559,40.4664],[-80.1567,40.4708],[-80.1518,40.4727],[-80.1567,40.4756],[-80.1525,40.4866],[-80.1531,40.49],[-80.1492,40.4914],[-80.1497,40.4933],[-80.1546,40.4954],[-80.1552,40.4968],[-80.1527,40.4994],[-80.147,40.4995],[-80.1449,40.5013],[-80.1423,40.4991],[-80.1413,40.4998],[-80.1416,40.5029],[-80.1442,40.5038],[-80.1487,40.5089],[-80.1496,40.5149],[-80.1255,40.5059],[-80.0991,40.4994],[-80.0999,40.4948],[-80.0914,40.4917],[-80.0835,40.4798],[-80.0841,40.4757],[-80.0791,40.471],[-80.0797,40.4692],[-80.0819,40.47],[-80.0835,40.4676],[-80.0798,40.4667],[-80.0795,40.465],[-80.0776,40.4658],[-80.0815,40.4606],[-80.0839,40.4595],[-80.0947,40.4597],[-80.0953,40.4575],[-80.0945,40.4513],[-80.0895,40.4504],[-80.091,40.449],[-80.0902,40.4442],[-80.0781,40.4386],[-80.0754,40.4342],[-80.0764,40.4317],[-80.0804,40.4321],[-80.0863,40.4284],[-80.0904,40.4309],[-80.0923,40.4285],[-80.0953,40.43],[-80.0965,40.4213],[-80.0994,40.4213],[-80.0979,40.4151],[-80.0999,40.411],[-80.1059,40.4132],[-80.1096,40.4177],[-80.1089,40.4208],[-80.1108,40.4213],[-80.1115,40.4243],[-80.115,40.4245],[-80.1146,40.4261],[-80.1203,40.4257],[-80.1342,40.4306],[-80.1391,40.4304],[-80.1494,40.4331],[-80.1554,40.4323],[-80.1681,40.4219],[-80.1686,40.4277],[-80.1727,40.4355],[-80.1715,40.4366]]]]}},{"type":"Feature","properties":{"geoid":"4218150","name":"Oley Valley School District"},"geometry":{"type":"Polygon","coordinates":[[[-75.8963,40.3726],[-75.8842,40.4266],[-75.8886,40.4295],[-75.8605,40.4364],[-75.8499,40.4449],[-75.8442,40.4412],[-75.8169,40.4467],[-75.7981,40.4565],[-75.7726,40.4414],[-75.7968,40.4178],[-75.7593,40.4097],[-75.7295,40.4247],[-75.7043,40.4349],[-75.6437,40.3959],[-75.6627,40.3671],[-75.7228,40.3871],[-75.745,40.3212],[-75.7769,40.327],[-75.7773,40.3256],[-75.7898,40.3297],[-75.7994,40.3353],[-75.8051,40.3434],[-75.8132,40.3495],[-75.8152,40.3521],[-75.8151,40.3551],[-75.817,40.3586],[-75.8198,40.3614],[-75.8302,40.3624],[-75.8443,40.3582],[-75.8534,40.3635],[-75.8641,40.3611],[-75.8986,40.3669],[-75.8963,40.3726]]]}},{"type":"Feature","properties":{"geoid":"4223820","name":"Tulpehocken Area School District"},"geometry":{"type":"Polygon","coordinates":[[[-76.4366,40.4962],[-76.4159,40.496],[-76.3843,40.5057],[-76.3769,40.5063],[-76.3692,40.5096],[-76.3551,40.5108],[-76.3382,40.5155],[-76.3304,40.5159],[-76.3225,40.5142],[-76.3146,40.5159],[-76.3023,40.5147],[-76.2722,40.5176],[-76.256,40.5171],[-76.2343,40.5221],[-76.2194,40.5287],[-76.2036,40.5305],[-76.2068,40.522],[-76.2056,40.5137],[-76.2086,40.5067],[-76.2033,40.4968],[-76.2054,40.4951],[-76.2053,40.4935],[-76.2031,40.4882],[-76.2012,40.4874],[-76.2003,40.4814],[-76.2038,40.4804],[-76.2089,40.4818],[-76.2174,40.4774],[-76.2211,40.4772],[-76.2097,40.4562],[-76.1972,40.4683],[-76.1175,40.4692],[-76.1179,40.473],[-76.1131,40.4744],[-76.1103,40.4734],[-76.1064,40.4742],[-76.1066,40.4779],[-76.0724,40.4835],[-76.0423,40.4296],[-76.0279,40.4327],[-76.0212,40.4107],[-76.051,40.3895],[-76.053,40.3942],[-76.0587,40.3988],[-76.067,40.3968],[-76.0694,40.3945],[-76.0777,40.3975],[-76.074,40.4023],[-76.0753,40.404],[-76.0869,40.4072],[-76.0891,40.4119],[-76.0938,40.4147],[-76.0982,40.4138],[-76.1019,40.4149],[-76.1111,40.4244],[-76.1182,40.4268],[-76.1266,40.4201],[-76.1303,40.4189],[-76.1295,40.4145],[-76.1316,40.4134],[-76.1337,40.414],[-76.1391,40.4193],[-76.1407,40.4186],[-76.1402,40.4161],[-76.1423,40.4138],[-76.1453,40.412],[-76.1523,40.411],[-76.1537,40.4117],[-76.1553,40.4175],[-76.1595,40.4199],[-76.1651,40.4197],[-76.1684,40.415],[-76.1719,40.413],[-76.1714,40.4119],[-76.1678,40.4121],[-76.1674,40.4108],[-76.1695,40.4068],[-76.1689,40.4016],[-76.174,40.3994],[-76.1813,40.4097],[-76.3071,40.4134],[-76.4402,40.496],[-76.4366,40.4962]]]}},{"type":"Feature","properties":{"geoid":"4226580","name":"Wilson School District"},"geometry":{"type":"Polygon","coordinates":[[[-76.1152,40.3498],[-76.1111,40.3483],[-76.1017,40.3514],[-76.0937,40.3493],[-76.09,40.347],[-76.0837,40.3472],[-76.083,40.3481],[-76.0853,40.3506],[-76.0826,40.3547],[-76.0822,40.3608],[-76.0856,40.3643],[-76.0815,40.3677],[-76.0806,40.3709],[-76.078,40.3725],[-76.0784,40.3749],[-76.077,40.3769],[-76.0805,40.3813],[-76.0772,40.3826],[-76.0777,40.3867],[-76.0794,40.3884],[-76.0772,40.39],[-76.0729,40.3885],[-76.058,40.3953],[-76.053,40.3942],[-76.0509,40.3902],[-76.0511,40.3854],[-76.0431,40.3732],[-76.0392,40.3699],[-76.0356,40.3698],[-76.0348,40.3713],[-76.0383,40.3761],[-76.0387,40.3793],[-76.0363,40.3835],[-76.0339,40.3836],[-76.0311,40.3814],[-76.0298,40.3749],[-76.0201,40.367],[-76.0178,40.3664],[-76.0151,40.3675],[-76.0105,40.3735],[-76.0076,40.3728],[-76.0061,40.3697],[-75.9979,40.3664],[-75.9947,40.3663],[-75.9919,40.3688],[-75.9843,40.3669],[-75.9766,40.37],[-75.9754,40.3692],[-75.9745,40.364],[-75.9709,40.3624],[-75.969,40.3643],[-75.9647,40.3604],[-75.9668,40.3571],[-75.9598,40.3541],[-75.9508,40.3446],[-75.9505,40.3424],[-75.9477,40.3406],[-75.9616,40.3373],[-75.9735,40.3303],[-75.977,40.3326],[-75.9746,40.3325],[-75.9769,40.334],[-75.9724,40.3382],[-75.9897,40.3417],[-75.9913,40.3348],[-75.995,40.3349],[-75.9946,40.3315],[-75.9902,40.3318],[-75.9865,40.3277],[-75.9829,40.3278],[-75.9777,40.3237],[-75.9887,40.3211],[-75.9818,40.313],[-75.9889,40.3074],[-76.0065,40.2996],[-76.0168,40.287],[-76.0332,40.2534],[-76.044,40.2472],[-76.0918,40.2777],[-76.0834,40.2804],[-76.0813,40.2831],[-76.0771,40.2851],[-76.0693,40.2949],[-76.0557,40.3039],[-76.0549,40.3073],[-76.0463,40.3089],[-76.0428,40.3141],[-76.0411,40.3221],[-76.0347,40.3264],[-76.0606,40.3263],[-76.0698,40.3279],[-76.068,40.3298],[-76.0874,40.3361],[-76.0867,40.3369],[-76.0909,40.3388],[-76.0947,40.3349],[-76.0936,40.3332],[-76.1023,40.3357],[-76.115,40.3411],[-76.1206,40.3452],[-76.1152,40.3498]]]}},{"type":"Feature","properties":{"geoid":"4216110","name":"Mount Lebanon School District"},"geometry":{"type":"Polygon","coordinates":[[[-80.0841,40.3771],[-80.079,40.3764],[-80.0696,40.3782],[-80.0675,40.3764],[-80.0692,40.3785],[-80.0672,40.3798],[-80.0694,40.3833],[-80.0691,40.3868],[-80.0716,40.3855],[-80.074,40.3882],[-80.0689,40.3889],[-80.0688,40.392],[-80.0657,40.3933],[-80.0591,40.3908],[-80.0544,40.3928],[-80.0562,40.3956],[-80.0541,40.3965],[-80.0549,40.401],[-80.0517,40.4007],[-80.0512,40.4019],[-80.0449,40.3991],[-80.0463,40.3938],[-80.0416,40.3895],[-80.0429,40.3884],[-80.0406,40.3867],[-80.0389,40.383],[-80.0368,40.3843],[-80.0345,40.3884],[-80.0328,40.3882],[-80.0336,40.3898],[-80.0287,40.3913],[-80.0213,40.3881],[-80.0231,40.3871],[-80.0202,40.3867],[-80.0202,40.3837],[-80.0228,40.3808],[-80.0235,40.3775],[-80.0212,40.3766],[-80.0225,40.3752],[-80.0185,40.3717],[-80.0217,40.3696],[-80.0279,40.368],[-80.0319,40.3704],[-80.0384,40.3688],[-80.0304,40.3622],[-80.031,40.3612],[-80.0336,40.3626],[-80.0357,40.3608],[-80.0367,40.3549],[-80.0338,40.3544],[-80.0378,40.3536],[-80.0397,40.3518],[-80.0427,40.3527],[-80.0512,40.351],[-80.0509,40.353],[-80.0643,40.3617],[-80.0727,40.3638],[-80.0841,40.3771]]]}},{"type":"Feature","properties":{"geoid":"4216500","name":"Woodland Hills School District"},"geometry":{"type":"Polygon","coordinates":[[[-79.8989,40.4188],[-79.8972,40.4261],[-79.8942,40.4256],[-79.891,40.4272],[-79.8971,40.4278],[-79.8956,40.435],[-79.8946,40.4335],[-79.8858,40.4368],[-79.8792,40.434],[-79.8775,40.4355],[-79.8742,40.4353],[-79.8667,40.4313],[-79.8615,40.4382],[-79.8651,40.4375],[-79.8616,40.4394],[-79.8621,40.4415],[-79.8579,40.4429],[-79.8585,40.4452],[-79.854,40.4458],[-79.8542,40.4528],[-79.8443,40.4496],[-79.8437,40.4507],[-79.8404,40.4499],[-79.8353,40.4451],[-79.8273,40.445],[-79.8184,40.4408],[-79.8129,40.4413],[-79.8027,40.4386],[-79.8045,40.4342],[-79.8021,40.432],[-79.8034,40.4269],[-79.8218,40.4163],[-79.8185,40.4155],[-79.8138,40.4181],[-79.8117,40.4179],[-79.8107,40.4164],[-79.8123,40.4138],[-79.8097,40.4121],[-79.8154,40.4056],[-79.813,40.4055],[-79.8118,40.4034],[-79.815,40.4012],[-79.817,40.4023],[-79.8187,40.4005],[-79.8277,40.4043],[-79.8311,40.3976],[-79.838,40.3907],[-79.8523,40.3943],[-79.852,40.3902],[-79.8534,40.3884],[-79.8641,40.3923],[-79.8812,40.4056],[-79.8996,40.4154],[-79.8989,40.4188]]]}},{"type":"Feature","properties":{"geoid":"4218590","name":"Penn Hills School District"},"geometry":{"type":"Polygon","coordinates":[[[-79.89,40.4618],[-79.8866,40.4782],[-79.8847,40.4793],[-79.8838,40.4832],[-79.8773,40.4832],[-79.8595,40.4871],[-79.8511,40.4936],[-79.8503,40.4959],[-79.8451,40.496],[-79.8429,40.5034],[-79.8407,40.5037],[-79.8341,40.5008],[-79.8338,40.5132],[-79.8279,40.512],[-79.8245,40.5156],[-79.8224,40.5145],[-79.8182,40.5184],[-79.8167,40.5177],[-79.8167,40.5149],[-79.8152,40.5144],[-79.8137,40.5163],[-79.8087,40.5161],[-79.807,40.5181],[-79.8067,40.5136],[-79.8023,40.5143],[-79.7992,40.5105],[-79.794,40.5118],[-79.7918,40.5079],[-79.7924,40.5035],[-79.7882,40.4995],[-79.7887,40.4957],[-79.784,40.4945],[-79.7854,40.4918],[-79.7834,40.4899],[-79.784,40.4872],[-79.7787,40.4809],[-79.7799,40.4785],[-79.7781,40.4782],[-79.7789,40.4762],[-79.7769,40.4657],[-79.7822,40.4569],[-79.7872,40.4531],[-79.7963,40.4499],[-79.7979,40.4419],[-79.802,40.4402],[-79.8003,40.4395],[-79.8027,40.4386],[-79.8129,40.4413],[-79.8184,40.4408],[-79.8273,40.445],[-79.8353,40.4451],[-79.8404,40.4499],[-79.8437,40.4507],[-79.8443,40.4496],[-79.8555,40.4536],[-79.8555,40.4574],[-79.8571,40.4573],[-79.858,40.4594],[-79.867,40.4585],[-79.8683,40.4564],[-79.8726,40.4575],[-79.8717,40.4606],[-79.8691,40.461],[-79.8745,40.4593],[-79.8755,40.4615],[-79.8763,40.4597],[-79.8792,40.4592],[-79.89,40.4618]]]}},{"type":"Feature","properties":{"geoid":"4220430","name":"Riverview School District"},"geometry":{"type":"Polygon","coordinates":[[[-79.8505,40.5205],[-79.8463,40.5271],[-79.8353,40.5326],[-79.8367,40.5303],[-79.8281,40.528],[-79.8279,40.5246],[-79.8209,40.5262],[-79.8192,40.5233],[-79.8197,40.5174],[-79.8224,40.5145],[-79.8245,40.5156],[-79.8279,40.512],[-79.8338,40.5132],[-79.8341,40.5008],[-79.8407,40.5037],[-79.8429,40.5034],[-79.8451,40.496],[-79.8503,40.4959],[-79.8489,40.5037],[-79.851,40.5159],[-79.8505,40.5205]]]}},{"type":"Feature","properties":{"geoid":"4221200","name":"Shaler Area School District"},"geometry":{"type":"Polygon","coordinates":[[[-80.0039,40.4963],[-79.9952,40.494],[-79.9943,40.4971],[-79.9896,40.4972],[-79.9897,40.5007],[-79.9856,40.502],[-79.9882,40.5241],[-79.9889,40.5539],[-79.9827,40.554],[-79.9827,40.5551],[-79.979,40.5551],[-79.9793,40.5538],[-79.9387,40.554],[-79.9361,40.4972],[-79.9405,40.4964],[-79.9386,40.4952],[-79.9384,40.491],[-79.9554,40.4859],[-79.9632,40.4798],[-79.97,40.4711],[-79.9747,40.4694],[-79.9788,40.4715],[-79.9839,40.4663],[-79.9881,40.4768],[-79.995,40.4774],[-79.9934,40.4767],[-79.9919,40.4731],[-79.9975,40.473],[-79.9976,40.4746],[-79.9958,40.4745],[-79.9953,40.4774],[-79.9965,40.4792],[-80.0017,40.4801],[-80.0018,40.4824],[-80.0032,40.4829],[-80.0039,40.4963]]]}},{"type":"Feature","properties":{"geoid":"4205400","name":"Central Dauphin School District"},"geometry":{"type":"MultiPolygon","coordinates":[[[[-76.8546,40.2812],[-76.8529,40.2827],[-76.8461,40.2833],[-76.8457,40.2848],[-76.843,40.2849],[-76.8453,40.2819],[-76.8442,40.2795],[-76.8426,40.2799],[-76.8404,40.2729],[-76.8547,40.2741],[-76.8538,40.2757],[-76.8567,40.2762],[-76.8546,40.2812]]],[[[-77.027,40.3809],[-76.9845,40.3965],[-76.861,40.4308],[-76.7806,40.4596],[-76.7685,40.4367],[-76.7493,40.4442],[-76.6942,40.3164],[-76.7155,40.3151],[-76.7505,40.3079],[-76.7497,40.3048],[-76.7459,40.3029],[-76.7446,40.3007],[-76.7441,40.2938],[-76.7414,40.2851],[-76.7459,40.2861],[-76.7465,40.2848],[-76.7433,40.283],[-76.7437,40.2812],[-76.7473,40.2825],[-76.7489,40.2809],[-76.7476,40.2792],[-76.7494,40.2778],[-76.7463,40.2695],[-76.7391,40.2703],[-76.7383,40.2639],[-76.734,40.264],[-76.7291,40.2666],[-76.7277,40.2661],[-76.7257,40.2619],[-76.7347,40.2556],[-76.737,40.2512],[-76.7716,40.2523],[-76.7871,40.2413],[-76.8018,40.2175],[-76.8072,40.2213],[-76.8157,40.2218],[-76.8167,40.2238],[-76.8143,40.2295],[-76.8146,40.2318],[-76.8225,40.224],[-76.8247,40.225],[-76.8242,40.2272],[-76.8262,40.2263],[-76.8323,40.2315],[-76.8287,40.2349],[-76.8323,40.2378],[-76.8353,40.2361],[-76.8376,40.2381],[-76.8332,40.2411],[-76.8352,40.2406],[-76.8397,40.2434],[-76.8441,40.2387],[-76.8505,40.2415],[-76.8531,40.2391],[-76.8508,40.2378],[-76.8535,40.2362],[-76.8522,40.235],[-76.8133,40.2135],[-76.8001,40.2082],[-76.8061,40.2006],[-76.8216,40.2013],[-76.8289,40.205],[-76.8331,40.2161],[-76.8395,40.2216],[-76.859,40.2263],[-76.8665,40.2312],[-76.8732,40.2377],[-76.8505,40.2429],[-76.8531,40.2486],[-76.8508,40.2514],[-76.8524,40.2548],[-76.8516,40.2576],[-76.8396,40.2585],[-76.8414,40.2678],[-76.8189,40.2671],[-76.8549,40.3482],[-76.8876,40.3386],[-76.8894,40.3425],[-76.8967,40.348],[-76.9004,40.3457],[-76.8993,40.3443],[-76.9007,40.3442],[-76.9014,40.346],[-76.9085,40.3466],[-76.9108,40.3456],[-76.9103,40.3431],[-76.9212,40.3364],[-76.9267,40.342],[-76.9321,40.3546],[-76.9375,40.3575],[-76.9517,40.3582],[-76.9706,40.3563],[-76.982,40.3573],[-76.998,40.3567],[-77.0082,40.3584],[-77.0208,40.3662],[-77.0223,40.3751],[-77.027,40.3809]]]]}},{"type":"Feature","properties":{"geoid":"4204920","name":"Canton Area School District"},"geometry":{"type":"Polygon","coordinates":[[[-77.0564,41.4834],[-77.0398,41.5011],[-77.008,41.5499],[-77.0106,41.5498],[-77.0179,41.6401],[-77.016,41.6631],[-76.8835,41.6663],[-76.8839,41.669],[-76.8637,41.6846],[-76.8608,41.6948],[-76.8503,41.7065],[-76.8466,41.7125],[-76.8347,41.7126],[-76.8345,41.6991],[-76.8206,41.6992],[-76.8207,41.7127],[-76.7868,41.713],[-76.7845,41.6759],[-76.634,41.7083],[-76.6944,41.5799],[-76.8137,41.59],[-76.7724,41.4717],[-76.8032,41.4708],[-76.8028,41.5113],[-76.8186,41.5078],[-76.8218,41.504],[-76.8326,41.4968],[-76.8389,41.4951],[-76.844,41.4957],[-76.8572,41.4919],[-76.8638,41.4933],[-76.8741,41.4908],[-76.8842,41.493],[-76.8886,41.4948],[-76.889,41.4965],[-76.8945,41.4969],[-76.8953,41.4957],[-76.8977,41.496],[-76.8981,41.4886],[-76.9253,41.489],[-76.9254,41.4829],[-76.9461,41.4827],[-76.9462,41.4742],[-76.9604,41.474],[-76.96,41.4805],[-76.9627,41.4803],[-76.9678,41.4748],[-76.9732,41.4711],[-76.9789,41.4691],[-76.9768,41.4651],[-76.9778,41.4635],[-76.9945,41.466],[-76.9945,41.4619],[-77.0825,41.4554],[-77.0564,41.4834]]]}},{"type":"Feature","properties":{"geoid":"4205010","name":"Carlisle Area School District"},"geometry":{"type":"MultiPolygon","coordinates":[[[[-77.1952,40.1249],[-77.1806,40.1248],[-77.1776,40.1196],[-77.177,40.1175],[-77.1787,40.1158],[-77.1757,40.1017],[-77.1814,40.0962],[-77.195,40.1105],[-77.1952,40.1249]]],[[[-77.309,40.1629],[-77.3022,40.1643],[-77.244,40.1901],[-77.2601,40.2517],[-77.27,40.2787],[-77.2459,40.2821],[-77.2392,40.2841],[-77.2292,40.2837],[-77.2045,40.2871],[-77.1855,40.2877],[-77.1722,40.2442],[-77.1644,40.1995],[-77.1711,40.2],[-77.1715,40.1968],[-77.1728,40.1975],[-77.1823,40.194],[-77.186,40.194],[-77.1873,40.1865],[-77.1894,40.1866],[-77.1874,40.1844],[-77.1872,40.1816],[-77.2024,40.183],[-77.2023,40.1811],[-77.2062,40.1807],[-77.2056,40.1846],[-77.2075,40.1837],[-77.2098,40.1861],[-77.2083,40.1878],[-77.2135,40.1872],[-77.2175,40.1934],[-77.2224,40.1947],[-77.2315,40.1897],[-77.231,40.1877],[-77.2399,40.1868],[-77.2426,40.1854],[-77.237,40.1668],[-77.2189,40.1375],[-77.2101,40.1138],[-77.1774,40.0374],[-77.1856,40.0295],[-77.2289,40.0251],[-77.2552,40.0208],[-77.3168,40.161],[-77.309,40.1629]]]]}},{"type":"Feature","properties":{"geoid":"4215030","name":"Mechanicsburg Area School District"},"geometry":{"type":"MultiPolygon","coordinates":[[[[-76.9652,40.2227],[-76.9487,40.2263],[-76.9457,40.2232],[-76.9459,40.2219],[-76.9505,40.22],[-76.9565,40.221],[-76.9645,40.2177],[-76.9652,40.2227]]],[[[-77.0312,40.2165],[-77.0276,40.217],[-77.0272,40.2144],[-77.0258,40.2138],[-77.026,40.2157],[-77.0142,40.219],[-77.0119,40.2239],[-77.0079,40.2243],[-77.0054,40.2211],[-77.0009,40.2222],[-76.9998,40.2199],[-77.0014,40.2191],[-76.9971,40.2144],[-76.9844,40.2174],[-76.9787,40.2135],[-76.9844,40.2112],[-76.9831,40.209],[-76.9766,40.2118],[-76.965,40.2045],[-76.9348,40.1805],[-76.922,40.1623],[-76.9291,40.1613],[-76.9393,40.1643],[-76.9513,40.1658],[-76.9606,40.1638],[-76.9646,40.1649],[-76.9669,40.1627],[-76.9731,40.163],[-76.978,40.1648],[-76.9816,40.1631],[-76.9807,40.1606],[-76.9768,40.159],[-76.9737,40.1593],[-76.9713,40.1576],[-76.9748,40.1532],[-76.979,40.152],[-76.9868,40.1551],[-76.993,40.1549],[-76.9998,40.1529],[-77.0031,40.1533],[-77.0093,40.149],[-77.0128,40.1484],[-77.0165,40.1612],[-77.0193,40.1814],[-77.0214,40.1822],[-77.0188,40.1861],[-77.0217,40.2017],[-77.0196,40.2021],[-77.0197,40.203],[-77.0225,40.2091],[-77.0307,40.2087],[-77.0322,40.2108],[-77.0312,40.2165]]]]}},{"type":"Feature","properties":{"geoid":"4206960","name":"Council Rock School District"},"geometry":{"type":"Polygon","coordinates":[[[-75.0727,40.2152],[-75.0632,40.2247],[-75.0678,40.2273],[-75.0544,40.24],[-75.0511,40.2388],[-75.0509,40.2433],[-75.048,40.2448],[-75.0458,40.2432],[-75.0432,40.2439],[-75.0393,40.2478],[-75.0351,40.2482],[-75.0345,40.2495],[-75.0361,40.251],[-75.0363,40.2538],[-75.0339,40.2556],[-75.0409,40.2608],[-74.981,40.3192],[-74.9269,40.3295],[-74.9083,40.3169],[-74.8964,40.3151],[-74.8806,40.3056],[-74.8682,40.2952],[-74.8647,40.2907],[-74.8531,40.2697],[-74.9143,40.263],[-74.9118,40.251],[-74.909,40.2512],[-74.9037,40.2421],[-74.9017,40.2424],[-74.8964,40.2395],[-74.8963,40.2356],[-74.8876,40.2247],[-74.9025,40.2213],[-74.9106,40.222],[-74.918,40.2207],[-74.9433,40.2142],[-74.9444,40.2115],[-74.9406,40.209],[-74.9404,40.2074],[-74.942,40.1942],[-74.934,40.189],[-74.9257,40.1894],[-74.9226,40.1862],[-74.9504,40.1779],[-74.9554,40.18],[-74.9571,40.1792],[-74.9566,40.1783],[-74.968,40.1738],[-74.9761,40.1674],[-74.9838,40.1632],[-75.0727,40.2152]]]}},{"type":"Feature","properties":{"geoid":"4218750","name":"Pennridge School District"},"geometry":{"type":"Polygon","coordinates":[[[-75.4041,40.3748],[-75.402,40.3799],[-75.394,40.3783],[-75.3939,40.3807],[-75.3923,40.3805],[-75.3918,40.3825],[-75.3907,40.3824],[-75.3906,40.3844],[-75.3849,40.3912],[-75.3834,40.395],[-75.3819,40.3942],[-75.3796,40.3965],[-75.3475,40.3988],[-75.3486,40.4053],[-75.2941,40.411],[-75.2989,40.4394],[-75.2931,40.4422],[-75.2912,40.4419],[-75.2881,40.4502],[-75.2829,40.4509],[-75.2783,40.455],[-75.2759,40.4553],[-75.274,40.4533],[-75.2725,40.4459],[-75.2703,40.4417],[-75.2679,40.4411],[-75.2658,40.4367],[-75.2614,40.4324],[-75.2556,40.4291],[-75.2538,40.4304],[-75.2551,40.4327],[-75.254,40.435],[-75.2408,40.4417],[-75.2381,40.4498],[-75.2334,40.451],[-75.2342,40.4545],[-75.2303,40.4586],[-75.2291,40.4628],[-75.2266,40.4644],[-75.2188,40.4646],[-75.2184,40.4679],[-75.2162,40.4698],[-75.2015,40.4691],[-75.2,40.4716],[-75.1943,40.4719],[-75.194,40.4753],[-75.1895,40.474],[-75.1875,40.4701],[-75.1761,40.4662],[-75.1736,40.4631],[-75.1617,40.4615],[-75.157,40.4556],[-75.1564,40.4523],[-75.1635,40.447],[-75.1625,40.4433],[-75.1544,40.4414],[-75.1457,40.4455],[-75.143,40.4438],[-75.1412,40.4375],[-75.1377,40.4347],[-75.1242,40.4383],[-75.1201,40.4346],[-75.1166,40.4337],[-75.1352,40.4147],[-75.1346,40.4127],[-75.15,40.4],[-75.1493,40.3983],[-75.1601,40.389],[-75.1624,40.3897],[-75.1882,40.3643],[-75.1888,40.3633],[-75.1814,40.3594],[-75.2323,40.3115],[-75.2364,40.3137],[-75.2609,40.2898],[-75.2631,40.291],[-75.2653,40.2889],[-75.2665,40.2903],[-75.2678,40.2889],[-75.3172,40.3185],[-75.3157,40.3201],[-75.3228,40.3244],[-75.3162,40.3311],[-75.3204,40.3342],[-75.3248,40.3366],[-75.3307,40.3307],[-75.3324,40.3317],[-75.3346,40.3288],[-75.4104,40.3745],[-75.4041,40.3748]]]}},{"type":"Feature","properties":{"geoid":"4213590","name":"Lewisburg Area School District"},"geometry":{"type":"Polygon","coordinates":[[[-76.9847,40.9969],[-76.9824,41.0005],[-76.983,41.0038],[-76.9801,41.0062],[-76.9825,41.012],[-76.9801,41.0136],[-76.9778,41.0195],[-76.9054,41.0199],[-76.8922,41.0187],[-76.8645,41.0198],[-76.8674,41.0079],[-76.8686,40.9949],[-76.8759,40.9841],[-76.8824,40.9714],[-76.8822,40.9687],[-76.8771,40.9595],[-76.8776,40.9561],[-76.8762,40.9511],[-76.8685,40.9402],[-76.8599,40.924],[-76.8515,40.9128],[-76.8246,40.8907],[-76.8035,40.8846],[-76.8002,40.882],[-76.7995,40.8786],[-76.8017,40.8794],[-76.808,40.8786],[-76.8256,40.888],[-76.8294,40.8876],[-76.8343,40.8896],[-76.8408,40.887],[-76.8499,40.8864],[-76.852,40.8887],[-76.8582,40.8893],[-76.8782,40.8845],[-76.8907,40.8887],[-76.9053,40.885],[-76.9131,40.8845],[-76.9123,40.8877],[-76.9172,40.8994],[-76.9145,40.9011],[-76.9129,40.9059],[-76.9074,40.9105],[-76.9563,40.9008],[-76.9526,40.9233],[-76.9532,40.9346],[-76.9562,40.9418],[-76.9548,40.9455],[-76.9553,40.9536],[-76.9059,40.964],[-76.9082,40.964],[-76.9086,40.9672],[-76.8992,40.9671],[-76.8985,40.9711],[-76.8963,40.9712],[-76.8978,40.9722],[-76.9075,40.9722],[-76.9101,40.9739],[-76.9189,40.9718],[-76.9191,40.9759],[-76.9241,40.9806],[-76.9256,40.9839],[-76.929,40.9863],[-76.9295,40.9846],[-76.9371,40.9873],[-76.9379,40.9861],[-76.9406,40.986],[-76.9443,40.9871],[-76.9494,40.9849],[-76.9514,40.9822],[-76.9515,40.9764],[-76.9532,40.9719],[-76.9606,40.9718],[-76.9638,40.9733],[-76.964,40.9767],[-76.9705,40.9828],[-76.9735,40.9824],[-76.9757,40.9777],[-76.9786,40.9773],[-76.9845,40.9803],[-76.9855,40.9828],[-76.9831,40.9893],[-76.9858,40.9946],[-76.9847,40.9969]]]}},{"type":"Feature","properties":{"geoid":"4224870","name":"Warrior Run School District"},"geometry":{"type":"Polygon","coordinates":[[[-76.9602,41.1488],[-76.8961,41.1391],[-76.8893,41.152],[-76.8842,41.1571],[-76.8569,41.1636],[-76.8282,41.1658],[-76.7908,41.1757],[-76.73,41.1719],[-76.6788,41.1542],[-76.6408,41.1557],[-76.6213,41.0916],[-76.6994,41.0763],[-76.6926,41.066],[-76.6841,41.0459],[-76.7007,41.04],[-76.706,41.0408],[-76.7084,41.0396],[-76.7111,41.0357],[-76.7172,41.0352],[-76.7339,41.0289],[-76.7505,41.0256],[-76.7523,41.0227],[-76.7723,41.0163],[-76.762,41.0259],[-76.7645,41.0296],[-76.7597,41.0387],[-76.7565,41.0505],[-76.7488,41.062],[-76.7645,41.0565],[-76.8576,41.0556],[-76.857,41.0666],[-76.8579,41.0721],[-76.86,41.0757],[-76.8645,41.0799],[-76.8723,41.0823],[-76.8805,41.0906],[-76.9779,41.0879],[-76.9602,41.1488]]]}},{"type":"Feature","properties":{"geoid":"4203180","name":"Bedford Area School District"},"geometry":{"type":"Polygon","coordinates":[[[-78.8039,39.7307],[-78.7969,39.7412],[-78.7715,39.7892],[-78.767,39.7954],[-78.7572,39.8235],[-78.7589,39.8898],[-78.7496,39.8934],[-78.748,39.8986],[-78.7279,39.9095],[-78.7176,39.9184],[-78.6711,39.9306],[-78.673,39.9676],[-78.6721,39.9863],[-78.675,40.0069],[-78.6726,40.0061],[-78.6583,40.0093],[-78.6461,40.0096],[-78.6431,40.0081],[-78.6408,40.0105],[-78.6292,40.0132],[-78.6208,40.0176],[-78.6164,40.0158],[-78.6122,40.0166],[-78.6084,40.0059],[-78.6052,40.0035],[-78.6027,40.0055],[-78.5983,40.0053],[-78.597,40.0067],[-78.5938,40.007],[-78.5932,40.0089],[-78.5958,40.0103],[-78.5959,40.0127],[-78.5922,40.0115],[-78.5943,40.014],[-78.5932,40.0167],[-78.5859,40.0221],[-78.5798,40.0227],[-78.5776,40.0209],[-78.5556,40.0138],[-78.5461,40.024],[-78.5568,40.0596],[-78.5276,40.1026],[-78.4989,40.1231],[-78.4828,40.1519],[-78.4781,40.152],[-78.4718,40.1543],[-78.4576,40.1489],[-78.451,40.141],[-78.445,40.136],[-78.4429,40.1315],[-78.4401,40.1292],[-78.4372,40.1221],[-78.4324,40.1173],[-78.4218,40.112],[-78.404,40.1077],[-78.4007,40.1061],[-78.3994,40.1023],[-78.3917,40.1008],[-78.3863,40.1012],[-78.3781,40.106],[-78.376,40.1057],[-78.3744,40.1088],[-78.367,40.1098],[-78.3644,40.0899],[-78.3655,40.0789],[-78.3722,40.0577],[-78.3848,40.0306],[-78.3867,40.0235],[-78.4003,40.0015],[-78.4112,39.9901],[-78.4193,39.9757],[-78.4632,39.9196],[-78.4909,39.8903],[-78.5054,39.8724],[-78.51,39.8737],[-78.5166,39.8724],[-78.5232,39.8668],[-78.5282,39.865],[-78.5303,39.8615],[-78.5303,39.8588],[-78.5324,39.8568],[-78.5449,39.8512],[-78.5547,39.848],[-78.5595,39.8479],[-78.5671,39.8538],[-78.5726,39.8505],[-78.577,39.8432],[-78.5805,39.8413],[-78.5925,39.8267],[-78.5982,39.8221],[-78.6006,39.8184],[-78.6033,39.8174],[-78.5998,39.8137],[-78.5999,39.8121],[-78.6117,39.7867],[-78.6462,39.7409],[-78.6477,39.7369],[-78.6583,39.7228],[-78.8084,39.7229],[-78.8039,39.7307]]]}},{"type":"Feature","properties":{"geoid":"4205880","name":"Chestnut Ridge School District"},"geometry":{"type":"Polygon","coordinates":[[[-78.7632,40.057],[-78.752,40.0749],[-78.7398,40.0696],[-78.677,40.2112],[-78.6614,40.2311],[-78.6583,40.2432],[-78.6438,40.2591],[-78.6517,40.2815],[-78.6427,40.2831],[-78.6364,40.3055],[-78.6252,40.3143],[-78.6189,40.3265],[-78.5522,40.3012],[-78.5389,40.2503],[-78.5502,40.2307],[-78.467,40.2072],[-78.4739,40.196],[-78.4849,40.1698],[-78.4892,40.1642],[-78.4899,40.1583],[-78.4876,40.154],[-78.4828,40.1519],[-78.4989,40.1231],[-78.5276,40.1026],[-78.5568,40.0596],[-78.5461,40.024],[-78.5556,40.0138],[-78.5776,40.0209],[-78.5798,40.0227],[-78.5859,40.0221],[-78.5932,40.0167],[-78.5943,40.014],[-78.5922,40.0115],[-78.5959,40.0127],[-78.5958,40.0103],[-78.5932,40.0089],[-78.5938,40.007],[-78.597,40.0067],[-78.5983,40.0053],[-78.6027,40.0055],[-78.6052,40.0035],[-78.6084,40.0059],[-78.6122,40.0166],[-78.6164,40.0158],[-78.6208,40.0176],[-78.6292,40.0132],[-78.6408,40.0105],[-78.6431,40.0081],[-78.6461,40.0096],[-78.6583,40.0093],[-78.6726,40.0061],[-78.675,40.0069],[-78.6721,39.9863],[-78.673,39.9676],[-78.6711,39.9306],[-78.7176,39.9184],[-78.7279,39.9095],[-78.748,39.8986],[-78.7496,39.8934],[-78.7589,39.8898],[-78.7616,40.0145],[-78.763,40.0147],[-78.7632,40.057]]]}},{"type":"Feature","properties":{"geoid":"4209360","name":"Everett Area School District"},"geometry":{"type":"Polygon","coordinates":[[[-78.657,39.7246],[-78.6477,39.7369],[-78.6462,39.7409],[-78.6117,39.7867],[-78.5999,39.8121],[-78.5998,39.8137],[-78.6033,39.8174],[-78.6006,39.8184],[-78.5982,39.8221],[-78.5925,39.8267],[-78.5805,39.8413],[-78.577,39.8432],[-78.5726,39.8505],[-78.5671,39.8538],[-78.5595,39.8479],[-78.5547,39.848],[-78.5449,39.8512],[-78.5324,39.8568],[-78.5303,39.8588],[-78.5303,39.8615],[-78.5282,39.865],[-78.5232,39.8668],[-78.5166,39.8724],[-78.51,39.8737],[-78.5054,39.8724],[-78.4909,39.8903],[-78.4632,39.9196],[-78.4193,39.9757],[-78.4112,39.9901],[-78.4049,39.9957],[-78.3973,40.006],[-78.3867,40.0235],[-78.3848,40.0306],[-78.3735,40.0553],[-78.3541,40.0531],[-78.3508,40.0533],[-78.3451,40.0568],[-78.3423,40.0561],[-78.3377,40.0573],[-78.3247,40.053],[-78.3224,40.0551],[-78.3194,40.0552],[-78.3116,40.0523],[-78.312,40.0568],[-78.3039,40.0535],[-78.2913,40.0591],[-78.284,40.0605],[-78.2296,40.0878],[-78.2188,40.0892],[-78.2047,40.0854],[-78.2038,40.0788],[-78.2051,40.0728],[-78.2037,40.0699],[-78.1988,40.0673],[-78.1907,40.0665],[-78.1875,40.0646],[-78.1853,40.0604],[-78.1815,40.0589],[-78.184,40.0509],[-78.1879,40.0471],[-78.1993,40.0459],[-78.2042,40.042],[-78.2057,40.0373],[-78.2055,40.0338],[-78.2028,40.0297],[-78.2041,40.0178],[-78.201,40.013],[-78.2046,40.0107],[-78.2198,39.9933],[-78.2352,39.9637],[-78.2399,39.9495],[-78.2441,39.9453],[-78.25,39.936],[-78.2675,39.9035],[-78.2705,39.8933],[-78.2769,39.8807],[-78.2906,39.8435],[-78.299,39.8255],[-78.3222,39.7947],[-78.3288,39.7813],[-78.3356,39.7741],[-78.3438,39.7616],[-78.3555,39.7504],[-78.3747,39.7277],[-78.3806,39.7225],[-78.6583,39.7228],[-78.657,39.7246]]]}},{"type":"Feature","properties":{"geoid":"4226070","name":"Western Wayne School District"},"geometry":{"type":"Polygon","coordinates":[[[-75.4613,41.6198],[-75.4553,41.626],[-75.4395,41.6203],[-75.4365,41.6317],[-75.4198,41.6311],[-75.4199,41.6332],[-75.416,41.6333],[-75.4153,41.6346],[-75.4203,41.6621],[-75.4112,41.6626],[-75.4114,41.6649],[-75.4161,41.6646],[-75.4166,41.6697],[-75.4264,41.669],[-75.4218,41.6782],[-75.4294,41.6774],[-75.4309,41.6865],[-75.4209,41.6885],[-75.3709,41.6895],[-75.3459,41.6726],[-75.3394,41.6372],[-75.3368,41.6375],[-75.3288,41.6004],[-75.3393,41.5998],[-75.3312,41.4836],[-75.3002,41.4842],[-75.2983,41.3674],[-75.3061,41.3742],[-75.3091,41.3747],[-75.3143,41.3686],[-75.3237,41.366],[-75.3307,41.3696],[-75.3355,41.3757],[-75.3378,41.3763],[-75.3444,41.3715],[-75.3485,41.3706],[-75.3506,41.3677],[-75.3497,41.3665],[-75.3513,41.3637],[-75.3482,41.3642],[-75.3488,41.3627],[-75.3464,41.3573],[-75.3417,41.355],[-75.3421,41.3519],[-75.3391,41.3508],[-75.3378,41.3486],[-75.339,41.3474],[-75.3366,41.3451],[-75.3445,41.3408],[-75.3443,41.3374],[-75.3425,41.336],[-75.3528,41.325],[-75.3533,41.3181],[-75.3672,41.3071],[-75.382,41.3018],[-75.4117,41.2804],[-75.4129,41.2807],[-75.4157,41.2775],[-75.4393,41.2605],[-75.4415,41.2619],[-75.4523,41.476],[-75.4613,41.6198]]]}},{"type":"Feature","properties":{"geoid":"4202010","name":"Abington Heights School District"},"geometry":{"type":"Polygon","coordinates":[[[-75.8345,41.427],[-75.7734,41.5036],[-75.7658,41.4987],[-75.7491,41.5137],[-75.7574,41.518],[-75.7526,41.5267],[-75.7475,41.524],[-75.7457,41.5257],[-75.7478,41.5271],[-75.7455,41.5293],[-75.7381,41.5246],[-75.7366,41.5249],[-75.7351,41.5295],[-75.7323,41.529],[-75.7293,41.5315],[-75.7269,41.5292],[-75.7211,41.5284],[-75.7201,41.532],[-75.7181,41.5307],[-75.7106,41.5373],[-75.713,41.5388],[-75.7119,41.5399],[-75.7138,41.5422],[-75.7206,41.544],[-75.7251,41.5481],[-75.7286,41.5423],[-75.7335,41.5455],[-75.7349,41.5443],[-75.7379,41.5469],[-75.7369,41.5476],[-75.7383,41.551],[-75.7417,41.5532],[-75.7357,41.5606],[-75.7549,41.5698],[-75.7524,41.5708],[-75.7504,41.5697],[-75.7399,41.5701],[-75.7304,41.5671],[-75.7285,41.5623],[-75.7211,41.56],[-75.7189,41.5569],[-75.7161,41.5556],[-75.7111,41.5578],[-75.7073,41.5625],[-75.7064,41.5649],[-75.708,41.5744],[-75.7035,41.5777],[-75.6991,41.5783],[-75.6924,41.5819],[-75.6812,41.5803],[-75.6743,41.5755],[-75.6658,41.5727],[-75.661,41.5746],[-75.6587,41.5739],[-75.6578,41.5757],[-75.6621,41.4862],[-75.6623,41.4625],[-75.6767,41.4696],[-75.7552,41.3797],[-75.7563,41.3614],[-75.7611,41.361],[-75.7678,41.3654],[-75.7951,41.3771],[-75.7969,41.3807],[-75.7995,41.3826],[-75.8202,41.3878],[-75.829,41.3932],[-75.8326,41.3999],[-75.8312,41.4178],[-75.8345,41.427]]]}},{"type":"Feature","properties":{"geoid":"4209930","name":"Forest City Regional School District"},"geometry":{"type":"Polygon","coordinates":[[[-75.5763,41.7227],[-75.5625,41.7678],[-75.5582,41.7687],[-75.559,41.7783],[-75.4708,41.7832],[-75.4709,41.7846],[-75.3223,41.798],[-75.3124,41.6739],[-75.3459,41.6726],[-75.3709,41.6895],[-75.4209,41.6885],[-75.4309,41.6865],[-75.4294,41.6774],[-75.4218,41.6782],[-75.4264,41.669],[-75.4166,41.6697],[-75.4161,41.6646],[-75.4114,41.6649],[-75.4112,41.6626],[-75.4203,41.6621],[-75.4153,41.6346],[-75.416,41.6333],[-75.4199,41.6332],[-75.4198,41.6311],[-75.4365,41.6317],[-75.4395,41.6203],[-75.4553,41.626],[-75.4613,41.6198],[-75.4619,41.6157],[-75.4809,41.6282],[-75.4794,41.6295],[-75.4844,41.6328],[-75.4765,41.6397],[-75.4793,41.6416],[-75.4749,41.6417],[-75.4757,41.6628],[-75.4636,41.663],[-75.4661,41.7046],[-75.4959,41.7031],[-75.4961,41.7064],[-75.5747,41.7036],[-75.5763,41.7227]]]}},{"type":"Feature","properties":{"geoid":"4217310","name":"North Pocono School District"},"geometry":{"type":"Polygon","coordinates":[[[-75.695,41.3176],[-75.6878,41.3178],[-75.6886,41.3394],[-75.6044,41.3426],[-75.652,41.3661],[-75.6372,41.3835],[-75.6339,41.3824],[-75.6249,41.3927],[-75.5822,41.3941],[-75.514,41.4525],[-75.5327,41.4652],[-75.4961,41.4961],[-75.5047,41.5019],[-75.4825,41.5208],[-75.4992,41.5317],[-75.4564,41.5336],[-75.4523,41.476],[-75.4415,41.2619],[-75.4393,41.2605],[-75.4157,41.2775],[-75.4129,41.2807],[-75.4117,41.2804],[-75.3906,41.2956],[-75.3874,41.2916],[-75.3722,41.238],[-75.5083,41.2329],[-75.5093,41.228],[-75.5165,41.2194],[-75.5256,41.223],[-75.5294,41.2266],[-75.5351,41.225],[-75.5398,41.2255],[-75.5439,41.2236],[-75.554,41.2117],[-75.5547,41.2077],[-75.5589,41.2069],[-75.5601,41.2051],[-75.5626,41.2054],[-75.5669,41.1996],[-75.5697,41.1987],[-75.5709,41.195],[-75.5692,41.1933],[-75.5706,41.1926],[-75.5702,41.1911],[-75.5764,41.1866],[-75.5755,41.1809],[-75.5767,41.1779],[-75.5827,41.1767],[-75.5878,41.1727],[-75.5985,41.1719],[-75.5963,41.1658],[-75.5973,41.1632],[-75.6026,41.1617],[-75.6072,41.1642],[-75.6117,41.1642],[-75.6151,41.1685],[-75.6139,41.1691],[-75.6148,41.172],[-75.6166,41.1727],[-75.6241,41.1698],[-75.6318,41.1697],[-75.6367,41.1714],[-75.6395,41.1762],[-75.6435,41.1763],[-75.6445,41.1797],[-75.6438,41.1822],[-75.6467,41.1872],[-75.6492,41.1872],[-75.6523,41.2574],[-75.6793,41.2643],[-75.6793,41.288],[-75.6897,41.2878],[-75.6908,41.3043],[-75.6941,41.3041],[-75.695,41.3176]]]}},{"type":"Feature","properties":{"geoid":"4221090","name":"Scranton School District"},"geometry":{"type":"Polygon","coordinates":[[[-75.7139,41.4263],[-75.6767,41.4696],[-75.6223,41.4427],[-75.6403,41.4304],[-75.6516,41.4177],[-75.6181,41.4012],[-75.6339,41.3824],[-75.6372,41.3835],[-75.652,41.3661],[-75.6044,41.3426],[-75.6832,41.3389],[-75.6682,41.3691],[-75.6745,41.3719],[-75.6764,41.3695],[-75.6892,41.3756],[-75.6914,41.3715],[-75.7036,41.3795],[-75.7072,41.3832],[-75.6943,41.3857],[-75.6931,41.3892],[-75.6867,41.389],[-75.6781,41.3937],[-75.6881,41.3986],[-75.6892,41.3963],[-75.7017,41.4024],[-75.6999,41.4044],[-75.697,41.403],[-75.6937,41.4067],[-75.72,41.4192],[-75.7139,41.4263]]]}},{"type":"Feature","properties":{"geoid":"4223250","name":"Riverside School District"},"geometry":{"type":"Polygon","coordinates":[[[-75.7435,41.3928],[-75.72,41.4192],[-75.6937,41.4067],[-75.697,41.403],[-75.6999,41.4044],[-75.7017,41.4024],[-75.6892,41.3963],[-75.6881,41.3986],[-75.6781,41.3937],[-75.6867,41.389],[-75.6931,41.3892],[-75.6943,41.3857],[-75.7072,41.3832],[-75.7036,41.3795],[-75.6914,41.3715],[-75.6892,41.3756],[-75.6764,41.3695],[-75.6745,41.3719],[-75.6682,41.3691],[-75.6832,41.3389],[-75.7419,41.3483],[-75.7414,41.3552],[-75.7425,41.3564],[-75.737,41.3573],[-75.7346,41.3592],[-75.7298,41.3588],[-75.7269,41.3559],[-75.7253,41.3561],[-75.7238,41.3596],[-75.7244,41.3635],[-75.722,41.3675],[-75.722,41.3701],[-75.7295,41.381],[-75.7338,41.3842],[-75.7334,41.3854],[-75.7435,41.3928]]]}},{"type":"Feature","properties":{"geoid":"4207530","name":"Delaware Valley School District"},"geometry":{"type":"Polygon","coordinates":[[[-75.045,41.2899],[-75.0179,41.3422],[-75.0141,41.3432],[-75.0109,41.3479],[-75.0067,41.3499],[-75.0021,41.3541],[-75.0019,41.3585],[-75.0031,41.3617],[-75.0068,41.3647],[-75.0069,41.3672],[-75.0001,41.3719],[-74.997,41.3725],[-74.9968,41.3738],[-74.9932,41.3738],[-74.9868,41.3771],[-74.9862,41.3785],[-74.9761,41.3794],[-74.9737,41.3818],[-74.9736,41.3858],[-74.9711,41.3876],[-74.9713,41.3896],[-74.9816,41.3894],[-74.9903,41.3927],[-74.9659,41.4771],[-74.9564,41.4767],[-74.9481,41.4806],[-74.9456,41.4832],[-74.9326,41.4823],[-74.9241,41.4771],[-74.9125,41.4756],[-74.9092,41.4724],[-74.9069,41.4611],[-74.8951,41.4582],[-74.8904,41.4553],[-74.8891,41.4512],[-74.8949,41.4461],[-74.8964,41.4422],[-74.896,41.44],[-74.8939,41.4389],[-74.8887,41.4383],[-74.8647,41.444],[-74.8586,41.4444],[-74.8486,41.4402],[-74.8369,41.4316],[-74.8307,41.4305],[-74.826,41.4317],[-74.8229,41.4368],[-74.818,41.4405],[-74.8121,41.443],[-74.8076,41.4428],[-74.8012,41.4381],[-74.7995,41.4313],[-74.7954,41.424],[-74.7904,41.4217],[-74.7843,41.4224],[-74.7732,41.4264],[-74.7586,41.4233],[-74.7438,41.4306],[-74.7385,41.4306],[-74.7355,41.4275],[-74.7347,41.4227],[-74.7387,41.4135],[-74.7411,41.4114],[-74.7417,41.4079],[-74.7386,41.4012],[-74.7361,41.3984],[-74.7304,41.3957],[-74.7209,41.3947],[-74.716,41.3926],[-74.7134,41.3898],[-74.7085,41.3789],[-74.695,41.3704],[-74.6911,41.3673],[-74.6895,41.3638],[-74.6898,41.3616],[-74.6964,41.3573],[-74.6949,41.3574],[-74.7209,41.3474],[-74.7304,41.346],[-74.7532,41.3461],[-74.756,41.345],[-74.7603,41.3403],[-74.7635,41.3316],[-74.7667,41.3286],[-74.7716,41.3251],[-74.7921,41.3225],[-74.7958,41.3185],[-74.7924,41.3141],[-74.7926,41.3106],[-74.8069,41.3032],[-74.812,41.2982],[-74.8219,41.2938],[-74.8301,41.2872],[-74.8341,41.2811],[-74.8384,41.2773],[-74.8463,41.2631],[-74.845,41.2581],[-74.8469,41.2533],[-74.849,41.2512],[-74.856,41.2501],[-74.8617,41.2416],[-74.862,41.2376],[-74.8662,41.2321],[-74.8674,41.2278],[-74.8608,41.2223],[-74.8596,41.2191],[-74.874,41.1985],[-74.8824,41.1806],[-75.0249,41.2124],[-74.9732,41.2857],[-75.045,41.2899]]]}},{"type":"Feature","properties":{"geoid":"4219500","name":"Pocono Mountain School District"},"geometry":{"type":"Polygon","coordinates":[[[-75.649,41.1251],[-75.6403,41.1268],[-75.635,41.1231],[-75.6328,41.1279],[-75.6281,41.1283],[-75.6254,41.1319],[-75.6279,41.1326],[-75.6284,41.1368],[-75.6249,41.138],[-75.6142,41.1452],[-75.6156,41.1507],[-75.6093,41.1501],[-75.6033,41.1519],[-75.6045,41.1561],[-75.6007,41.1615],[-75.5973,41.1632],[-75.5963,41.1658],[-75.5985,41.1719],[-75.5878,41.1727],[-75.5827,41.1767],[-75.5767,41.1779],[-75.5755,41.1809],[-75.5764,41.1866],[-75.5702,41.1911],[-75.5706,41.1926],[-75.5692,41.1933],[-75.5709,41.195],[-75.5697,41.1987],[-75.5669,41.1996],[-75.5626,41.2054],[-75.5601,41.2051],[-75.5589,41.2069],[-75.5547,41.2077],[-75.554,41.2117],[-75.5439,41.2236],[-75.5398,41.2255],[-75.5351,41.225],[-75.5294,41.2266],[-75.5256,41.223],[-75.5165,41.2194],[-75.5093,41.228],[-75.5083,41.2329],[-75.3746,41.2378],[-75.3628,41.2394],[-75.3599,41.2387],[-75.1297,41.2521],[-75.1384,41.2186],[-75.2495,41.1439],[-75.2235,41.0734],[-75.2751,41.0069],[-75.3554,40.9425],[-75.4161,41.0221],[-75.4974,40.9884],[-75.5614,41.049],[-75.5699,41.0503],[-75.5704,41.0533],[-75.5684,41.0553],[-75.5689,41.0566],[-75.5711,41.0575],[-75.5712,41.0593],[-75.5749,41.0627],[-75.5772,41.0682],[-75.5805,41.0678],[-75.5821,41.0688],[-75.583,41.0726],[-75.594,41.0808],[-75.596,41.0807],[-75.6008,41.0845],[-75.6053,41.0847],[-75.6061,41.0856],[-75.6041,41.0934],[-75.6075,41.0945],[-75.6127,41.0942],[-75.6143,41.0962],[-75.614,41.0997],[-75.6159,41.1048],[-75.6206,41.1067],[-75.62,41.109],[-75.6248,41.1114],[-75.6282,41.1069],[-75.633,41.1085],[-75.6343,41.1121],[-75.6376,41.1134],[-75.6464,41.1133],[-75.6457,41.1181],[-75.6477,41.1218],[-75.6494,41.1223],[-75.649,41.1251]]]}},{"type":"Feature","properties":{"geoid":"4206150","name":"Clearfield Area School District"},"geometry":{"type":"Polygon","coordinates":[[[-78.58,41.1079],[-78.5792,41.137],[-78.5694,41.1372],[-78.5695,41.1486],[-78.4852,41.148],[-78.4847,41.2439],[-78.2368,41.2305],[-78.1497,41.2223],[-78.1548,41.1144],[-78.1328,41.114],[-78.1325,41.105],[-78.1299,41.105],[-78.1297,41.0845],[-78.1393,41.0845],[-78.1396,41.0596],[-78.1449,41.0588],[-78.1528,41.0552],[-78.1556,41.0557],[-78.1615,41.0604],[-78.1644,41.0603],[-78.1701,41.0568],[-78.1734,41.0562],[-78.1877,41.0624],[-78.2005,41.0617],[-78.2042,41.0636],[-78.2129,41.0605],[-78.2226,41.0633],[-78.2246,41.0652],[-78.2249,41.0723],[-78.2275,41.0763],[-78.2356,41.0781],[-78.2369,41.0757],[-78.2367,41.0723],[-78.2387,41.0702],[-78.247,41.0678],[-78.2448,41.0655],[-78.2382,41.0654],[-78.2357,41.064],[-78.2363,41.0611],[-78.2417,41.0596],[-78.247,41.0613],[-78.2529,41.0604],[-78.2541,41.058],[-78.2489,41.0528],[-78.2489,41.0514],[-78.2518,41.0488],[-78.2553,41.0484],[-78.2596,41.0508],[-78.2592,41.0355],[-78.2565,41.0354],[-78.2566,41.0269],[-78.2677,41.027],[-78.2689,40.9836],[-78.2828,40.9836],[-78.2831,40.9693],[-78.3402,40.969],[-78.341,40.9847],[-78.3953,40.9852],[-78.3962,40.9954],[-78.3981,40.9945],[-78.4048,40.9986],[-78.4102,40.995],[-78.4102,40.9931],[-78.4066,40.9916],[-78.4046,40.9893],[-78.406,40.9861],[-78.4202,40.9879],[-78.4272,40.987],[-78.4282,40.9837],[-78.4263,40.9823],[-78.4173,40.9814],[-78.4048,40.9767],[-78.4069,40.9708],[-78.4099,40.9686],[-78.4197,40.9696],[-78.4249,40.9639],[-78.4291,40.962],[-78.4282,40.9609],[-78.4295,40.9577],[-78.4315,40.9565],[-78.4305,40.9539],[-78.4314,40.9516],[-78.4338,40.9513],[-78.442,40.9459],[-78.4443,40.948],[-78.4469,40.9475],[-78.4476,40.9384],[-78.4535,40.9396],[-78.4552,40.9388],[-78.4444,40.9264],[-78.4458,40.9251],[-78.4382,40.9171],[-78.4427,40.9131],[-78.437,40.9128],[-78.4389,40.9096],[-78.4371,40.9081],[-78.434,40.9087],[-78.4317,40.9077],[-78.4317,40.9061],[-78.4357,40.905],[-78.4372,40.9033],[-78.4314,40.9033],[-78.4283,40.9007],[-78.4283,40.8991],[-78.4344,40.9],[-78.4372,40.8979],[-78.437,40.8961],[-78.4318,40.8936],[-78.4327,40.8907],[-78.4349,40.8903],[-78.4382,40.8929],[-78.441,40.893],[-78.4393,40.89],[-78.4351,40.8872],[-78.441,40.8846],[-78.4402,40.8832],[-78.4351,40.8836],[-78.4339,40.8824],[-78.4336,40.8808],[-78.4399,40.8785],[-78.4398,40.877],[-78.4352,40.8752],[-78.4349,40.8733],[-78.4387,40.8707],[-78.4412,40.8705],[-78.5028,40.8309],[-78.5642,40.8884],[-78.5566,40.8938],[-78.5566,40.8963],[-78.5423,40.8936],[-78.5371,40.8954],[-78.532,40.8941],[-78.5263,40.895],[-78.5226,40.8973],[-78.5152,40.8967],[-78.5119,40.8998],[-78.5161,40.9021],[-78.5136,40.9069],[-78.5073,40.9104],[-78.5046,40.9158],[-78.5013,40.9175],[-78.493,40.918],[-78.4887,40.9175],[-78.487,40.9151],[-78.4843,40.9156],[-78.4848,40.919],[-78.4832,40.9237],[-78.5032,40.9476],[-78.5011,40.9472],[-78.4916,40.9516],[-78.4904,40.9658],[-78.4887,40.9699],[-78.4956,40.982],[-78.4935,40.9844],[-78.4897,40.9847],[-78.4899,41.0217],[-78.4952,41.0225],[-78.4999,41.0257],[-78.5002,41.0333],[-78.4975,41.0334],[-78.4974,41.0457],[-78.4962,41.0457],[-78.496,41.0528],[-78.5835,41.0528],[-78.58,41.1079]]]}},{"type":"Feature","properties":{"geoid":"4207140","name":"Curwensville Area School District"},"geometry":{"type":"Polygon","coordinates":[[[-78.7094,40.8976],[-78.7062,40.8986],[-78.7017,40.8972],[-78.7079,40.9335],[-78.7074,41.0003],[-78.6567,40.9997],[-78.6585,40.9991],[-78.6585,40.9937],[-78.6479,40.9937],[-78.6476,40.9842],[-78.6268,40.9829],[-78.6268,40.988],[-78.6004,40.9889],[-78.5963,40.9831],[-78.5889,40.9832],[-78.5897,40.9891],[-78.5853,40.9891],[-78.5856,41.0021],[-78.5944,41.0022],[-78.5931,41.0529],[-78.496,41.0528],[-78.4962,41.0457],[-78.4974,41.0457],[-78.4975,41.0334],[-78.5002,41.0333],[-78.4999,41.0257],[-78.4952,41.0225],[-78.4899,41.0217],[-78.4897,40.9847],[-78.4935,40.9844],[-78.4956,40.982],[-78.4887,40.9699],[-78.4904,40.9658],[-78.4916,40.9516],[-78.5011,40.9472],[-78.5032,40.9476],[-78.4832,40.9237],[-78.485,40.915],[-78.487,40.9151],[-78.4887,40.9175],[-78.493,40.918],[-78.5013,40.9175],[-78.5046,40.9158],[-78.5073,40.9104],[-78.5136,40.9069],[-78.5161,40.9021],[-78.5119,40.8998],[-78.5152,40.8967],[-78.5226,40.8973],[-78.5263,40.895],[-78.532,40.8941],[-78.5371,40.8954],[-78.5423,40.8936],[-78.5566,40.8963],[-78.5566,40.8938],[-78.5642,40.8884],[-78.5513,40.876],[-78.5597,40.8706],[-78.5637,40.8725],[-78.5722,40.8716],[-78.5735,40.873],[-78.5865,40.8659],[-78.5923,40.8707],[-78.6158,40.8556],[-78.6095,40.8501],[-78.6175,40.8449],[-78.6238,40.8501],[-78.6347,40.8426],[-78.6221,40.8309],[-78.6463,40.815],[-78.6607,40.8258],[-78.665,40.8227],[-78.6753,40.8311],[-78.6694,40.8372],[-78.6724,40.8396],[-78.6689,40.8419],[-78.6768,40.8488],[-78.6841,40.8442],[-78.6879,40.8477],[-78.6614,40.8649],[-78.6776,40.8742],[-78.6739,40.8771],[-78.6843,40.8826],[-78.6892,40.8867],[-78.691,40.8855],[-78.7002,40.8925],[-78.7036,40.8902],[-78.71,40.8958],[-78.7094,40.8976]]]}},{"type":"Feature","properties":{"geoid":"4210590","name":"Garnet Valley School District"},"geometry":{"type":"Polygon","coordinates":[[[-75.5591,39.8498],[-75.5433,39.8567],[-75.548,39.8659],[-75.5351,39.8659],[-75.552,39.8878],[-75.4981,39.9125],[-75.4888,39.9003],[-75.4749,39.9062],[-75.4717,39.9047],[-75.47,39.9008],[-75.4672,39.9037],[-75.4597,39.9005],[-75.4586,39.9017],[-75.4576,39.8996],[-75.4503,39.8939],[-75.4537,39.8928],[-75.4559,39.8894],[-75.4593,39.8872],[-75.4608,39.8842],[-75.4591,39.8827],[-75.4645,39.8793],[-75.4679,39.8737],[-75.4648,39.8693],[-75.4623,39.8703],[-75.4554,39.866],[-75.4688,39.8599],[-75.4616,39.8509],[-75.462,39.8452],[-75.4633,39.8432],[-75.4687,39.8434],[-75.4681,39.8386],[-75.4715,39.8354],[-75.4712,39.8309],[-75.468,39.831],[-75.4668,39.8287],[-75.4725,39.8265],[-75.4988,39.8333],[-75.5184,39.8363],[-75.5513,39.8385],[-75.5591,39.8498]]]}},{"type":"Feature","properties":{"geoid":"4211670","name":"Haverford Township School District"},"geometry":{"type":"Polygon","coordinates":[[[-75.3632,39.9979],[-75.3515,40.0031],[-75.3505,40.0017],[-75.3359,40.0066],[-75.3275,40.0103],[-75.3291,40.0125],[-75.3114,40.0198],[-75.2765,39.977],[-75.3317,39.9522],[-75.3351,39.955],[-75.3327,39.9584],[-75.3335,39.9684],[-75.3385,39.9726],[-75.3362,39.976],[-75.336,39.9806],[-75.3387,39.9852],[-75.3439,39.9917],[-75.3481,39.9922],[-75.3515,39.9945],[-75.3512,39.9972],[-75.3579,39.9957],[-75.3632,39.9979]]]}},{"type":"Feature","properties":{"geoid":"4218580","name":"Penn-Delco School District"},"geometry":{"type":"Polygon","coordinates":[[[-75.4679,39.8737],[-75.4645,39.8793],[-75.4591,39.8827],[-75.4608,39.8842],[-75.4593,39.8872],[-75.4559,39.8894],[-75.4537,39.8928],[-75.4503,39.8939],[-75.4504,39.8927],[-75.4422,39.8923],[-75.4401,39.8935],[-75.4372,39.8913],[-75.4341,39.8912],[-75.4325,39.894],[-75.4297,39.8886],[-75.4299,39.8839],[-75.4279,39.8825],[-75.4277,39.8802],[-75.4238,39.8786],[-75.4186,39.8798],[-75.4182,39.8748],[-75.4135,39.874],[-75.4127,39.8708],[-75.4087,39.8693],[-75.4085,39.8706],[-75.3981,39.8789],[-75.3983,39.88],[-75.3861,39.8881],[-75.3867,39.886],[-75.3838,39.8811],[-75.385,39.876],[-75.3821,39.874],[-75.3784,39.8749],[-75.3762,39.8736],[-75.3745,39.8659],[-75.3762,39.8615],[-75.3837,39.8623],[-75.3837,39.8585],[-75.3889,39.8593],[-75.3892,39.8583],[-75.3961,39.8635],[-75.3944,39.8619],[-75.3965,39.8547],[-75.4005,39.8575],[-75.4057,39.8563],[-75.4108,39.8596],[-75.4289,39.8512],[-75.4623,39.8703],[-75.4648,39.8693],[-75.4679,39.8737]]]}},{"type":"Feature","properties":{"geoid":"4220370","name":"Ridley School District"},"geometry":{"type":"Polygon","coordinates":[[[-75.3564,39.8716],[-75.3507,39.881],[-75.3509,39.8833],[-75.3547,39.8837],[-75.3561,39.8867],[-75.3503,39.8908],[-75.3486,39.8894],[-75.3396,39.8948],[-75.3407,39.8957],[-75.3381,39.8966],[-75.3389,39.8985],[-75.3287,39.9055],[-75.3327,39.9004],[-75.3259,39.8975],[-75.3222,39.8998],[-75.3285,39.9056],[-75.3138,39.9169],[-75.3052,39.9099],[-75.3053,39.9076],[-75.3,39.9053],[-75.3057,39.9029],[-75.3022,39.8981],[-75.3139,39.8928],[-75.3162,39.8874],[-75.3081,39.8765],[-75.3058,39.8752],[-75.3138,39.8696],[-75.3132,39.8649],[-75.3165,39.85],[-75.3304,39.849],[-75.3415,39.8462],[-75.3473,39.8554],[-75.3466,39.861],[-75.3515,39.8666],[-75.3514,39.8681],[-75.3566,39.8697],[-75.3564,39.8716]]]}},{"type":"Feature","properties":{"geoid":"4207560","name":"Derry Area School District"},"geometry":{"type":"Polygon","coordinates":[[[-79.4446,40.4157],[-79.3735,40.4422],[-79.3737,40.4539],[-79.3696,40.4566],[-79.3681,40.4597],[-79.3663,40.466],[-79.3671,40.4751],[-79.3659,40.4775],[-79.3621,40.4787],[-79.3586,40.4779],[-79.3573,40.4752],[-79.358,40.4709],[-79.3623,40.4632],[-79.3605,40.4541],[-79.3579,40.4523],[-79.3472,40.4527],[-79.3459,40.4548],[-79.3454,40.4672],[-79.3421,40.4701],[-79.339,40.4703],[-79.3333,40.4641],[-79.3317,40.4619],[-79.3303,40.4539],[-79.3286,40.4526],[-79.3254,40.4527],[-79.3228,40.456],[-79.3161,40.4593],[-79.3031,40.4616],[-79.3004,40.461],[-79.2976,40.4558],[-79.3018,40.4508],[-79.2999,40.4449],[-79.3018,40.4393],[-79.3013,40.4352],[-79.2973,40.4347],[-79.2894,40.4367],[-79.2855,40.4418],[-79.2828,40.4428],[-79.2726,40.4391],[-79.2694,40.4285],[-79.274,40.4217],[-79.2729,40.4184],[-79.266,40.4164],[-79.2566,40.4202],[-79.2476,40.4321],[-79.2402,40.43],[-79.2332,40.4307],[-79.2148,40.4245],[-79.2027,40.4118],[-79.2002,40.4108],[-79.1976,40.4115],[-79.1927,40.4149],[-79.187,40.4117],[-79.1841,40.408],[-79.1886,40.3975],[-79.1866,40.3955],[-79.1994,40.3881],[-79.2073,40.3742],[-79.2082,40.3706],[-79.2136,40.3663],[-79.2164,40.3618],[-79.2224,40.3572],[-79.2263,40.345],[-79.2408,40.3372],[-79.2497,40.3341],[-79.2582,40.3284],[-79.2629,40.329],[-79.2684,40.3259],[-79.2697,40.3242],[-79.2703,40.3184],[-79.2796,40.3116],[-79.2826,40.303],[-79.282,40.2984],[-79.2859,40.2976],[-79.2853,40.2934],[-79.29,40.2905],[-79.2893,40.2883],[-79.2923,40.2847],[-79.2973,40.2819],[-79.3144,40.286],[-79.322,40.2864],[-79.331,40.2926],[-79.354,40.2908],[-79.3569,40.295],[-79.3641,40.2957],[-79.3715,40.2921],[-79.3723,40.297],[-79.3714,40.2957],[-79.3652,40.2973],[-79.3711,40.3002],[-79.3685,40.3027],[-79.3712,40.3065],[-79.3675,40.3069],[-79.3695,40.3082],[-79.3676,40.3101],[-79.3691,40.3103],[-79.3691,40.3129],[-79.3711,40.3129],[-79.3712,40.3153],[-79.3701,40.3158],[-79.3712,40.3162],[-79.3713,40.3207],[-79.3743,40.3229],[-79.3785,40.3217],[-79.3781,40.3252],[-79.3825,40.3245],[-79.3864,40.3289],[-79.394,40.3231],[-79.4,40.3229],[-79.4044,40.3244],[-79.4053,40.3268],[-79.3965,40.3278],[-79.3966,40.3294],[-79.3994,40.33],[-79.4,40.337],[-79.3908,40.3436],[-79.388,40.348],[-79.3826,40.3527],[-79.3819,40.3557],[-79.3862,40.3569],[-79.3892,40.3537],[-79.3945,40.3524],[-79.405,40.3561],[-79.4063,40.3619],[-79.4091,40.3635],[-79.4088,40.3655],[-79.4145,40.3714],[-79.4153,40.3751],[-79.4218,40.3752],[-79.4271,40.3801],[-79.4246,40.3863],[-79.4266,40.3904],[-79.4226,40.3918],[-79.4211,40.3938],[-79.4288,40.3923],[-79.4331,40.3941],[-79.4344,40.4008],[-79.4398,40.4041],[-79.4309,40.4054],[-79.4292,40.408],[-79.4354,40.4146],[-79.4403,40.4136],[-79.4446,40.4157]]]}},{"type":"Feature","properties":{"geoid":"4210980","name":"Greater Latrobe School District"},"geometry":{"type":"Polygon","coordinates":[[[-79.5425,40.2355],[-79.5407,40.2389],[-79.5416,40.2409],[-79.5396,40.2463],[-79.5353,40.2508],[-79.5279,40.2546],[-79.5204,40.2542],[-79.5127,40.2562],[-79.5108,40.2616],[-79.511,40.2662],[-79.5025,40.274],[-79.5011,40.2783],[-79.489,40.2941],[-79.4786,40.3121],[-79.4774,40.3185],[-79.4741,40.3217],[-79.4746,40.3293],[-79.4732,40.3322],[-79.4638,40.3377],[-79.4629,40.3399],[-79.4689,40.349],[-79.4681,40.3522],[-79.4718,40.3569],[-79.4732,40.3613],[-79.4701,40.363],[-79.4584,40.3601],[-79.4492,40.3639],[-79.4473,40.3672],[-79.4446,40.3682],[-79.4425,40.3666],[-79.4392,40.3687],[-79.4384,40.3723],[-79.4359,40.3748],[-79.4312,40.3748],[-79.4297,40.3787],[-79.4271,40.3801],[-79.4218,40.3752],[-79.4153,40.3751],[-79.4145,40.3714],[-79.4088,40.3655],[-79.4091,40.3635],[-79.4063,40.3619],[-79.405,40.3561],[-79.3945,40.3524],[-79.3892,40.3537],[-79.3862,40.3569],[-79.3819,40.3557],[-79.3826,40.3527],[-79.388,40.348],[-79.3908,40.3436],[-79.4,40.337],[-79.3994,40.33],[-79.3966,40.3294],[-79.3965,40.3278],[-79.4053,40.3268],[-79.4044,40.3244],[-79.4,40.3229],[-79.394,40.3231],[-79.3864,40.3289],[-79.3825,40.3245],[-79.3781,40.3252],[-79.3785,40.3217],[-79.3743,40.3229],[-79.3713,40.3207],[-79.3712,40.3162],[-79.3701,40.3158],[-79.3712,40.3153],[-79.3711,40.3129],[-79.3691,40.3129],[-79.3691,40.3103],[-79.3676,40.3101],[-79.3695,40.3082],[-79.3675,40.3069],[-79.3712,40.3065],[-79.3685,40.3027],[-79.3711,40.3002],[-79.3652,40.2973],[-79.3714,40.2957],[-79.3723,40.297],[-79.3715,40.2921],[-79.3641,40.2957],[-79.3569,40.295],[-79.354,40.2908],[-79.331,40.2926],[-79.322,40.2864],[-79.3144,40.286],[-79.3101,40.2842],[-79.3134,40.2816],[-79.3139,40.2778],[-79.3115,40.2667],[-79.317,40.2641],[-79.3195,40.2609],[-79.3263,40.2565],[-79.3289,40.2519],[-79.3339,40.2511],[-79.3497,40.2408],[-79.3554,40.239],[-79.3643,40.2242],[-79.365,40.2186],[-79.3839,40.2057],[-79.3868,40.2095],[-79.3935,40.2088],[-79.4099,40.2101],[-79.4089,40.2137],[-79.4136,40.2145],[-79.4167,40.2188],[-79.4223,40.2218],[-79.4268,40.2267],[-79.4373,40.2337],[-79.521,40.2335],[-79.5272,40.2337],[-79.5316,40.2353],[-79.5425,40.2338],[-79.5425,40.2355]]]}},{"type":"Feature","properties":{"geoid":"4212840","name":"Kiski Area School District"},"geometry":{"type":"Polygon","coordinates":[[[-79.7121,40.6191],[-79.7033,40.6257],[-79.6903,40.6409],[-79.6892,40.6479],[-79.6958,40.6615],[-79.6958,40.6648],[-79.6929,40.6697],[-79.6801,40.6719],[-79.6684,40.68],[-79.6641,40.679],[-79.653,40.6719],[-79.6381,40.6656],[-79.6361,40.6545],[-79.6286,40.6487],[-79.6182,40.6448],[-79.6189,40.6438],[-79.6247,40.6441],[-79.6203,40.6422],[-79.6239,40.6391],[-79.6222,40.6384],[-79.626,40.6355],[-79.6282,40.6357],[-79.6283,40.6301],[-79.6229,40.6295],[-79.6201,40.6263],[-79.6134,40.623],[-79.6081,40.6255],[-79.6021,40.6245],[-79.5989,40.6261],[-79.5915,40.6343],[-79.5869,40.6367],[-79.5837,40.6366],[-79.5829,40.633],[-79.5767,40.6344],[-79.5741,40.6378],[-79.5678,40.6414],[-79.5656,40.645],[-79.5647,40.6726],[-79.5114,40.6685],[-79.495,40.6458],[-79.5102,40.6352],[-79.505,40.6337],[-79.5178,40.6259],[-79.5209,40.6271],[-79.5239,40.6253],[-79.5452,40.6071],[-79.5506,40.6039],[-79.5517,40.6019],[-79.5645,40.5947],[-79.5707,40.5841],[-79.5703,40.5824],[-79.5607,40.5635],[-79.5362,40.5503],[-79.5262,40.5424],[-79.521,40.5413],[-79.5119,40.5427],[-79.5054,40.5359],[-79.4989,40.5322],[-79.4971,40.5253],[-79.4946,40.5249],[-79.4865,40.5274],[-79.4847,40.5343],[-79.4819,40.5369],[-79.4769,40.5358],[-79.4779,40.5315],[-79.4757,40.5295],[-79.4643,40.5341],[-79.455,40.5341],[-79.4515,40.5319],[-79.4491,40.5282],[-79.4565,40.5232],[-79.4593,40.5198],[-79.4597,40.5167],[-79.4539,40.5055],[-79.4553,40.4973],[-79.4788,40.4927],[-79.4853,40.4844],[-79.4886,40.4763],[-79.4991,40.4773],[-79.5055,40.4736],[-79.5315,40.4743],[-79.5295,40.4731],[-79.5428,40.4717],[-79.5486,40.4659],[-79.5557,40.4659],[-79.5584,40.469],[-79.5605,40.4686],[-79.5603,40.466],[-79.5614,40.4647],[-79.5743,40.4574],[-79.5783,40.4456],[-79.5816,40.4429],[-79.5961,40.4414],[-79.6007,40.4426],[-79.5988,40.4451],[-79.5989,40.4462],[-79.6013,40.4468],[-79.601,40.4506],[-79.6085,40.4558],[-79.6152,40.4654],[-79.616,40.4682],[-79.6132,40.4697],[-79.6148,40.476],[-79.6339,40.483],[-79.6366,40.4881],[-79.6437,40.4897],[-79.6611,40.4974],[-79.6716,40.4981],[-79.6763,40.5048],[-79.6794,40.5064],[-79.6796,40.5074],[-79.6776,40.506],[-79.6216,40.5513],[-79.645,40.5694],[-79.6495,40.5701],[-79.6477,40.5716],[-79.6712,40.5885],[-79.6791,40.5958],[-79.6811,40.5963],[-79.6801,40.5968],[-79.7121,40.6191]]]}},{"type":"Feature","properties":{"geoid":"4216170","name":"Mount Pleasant Area School District"},"geometry":{"type":"Polygon","coordinates":[[[-79.5595,40.1813],[-79.5567,40.1922],[-79.5537,40.1963],[-79.5531,40.2169],[-79.5456,40.2192],[-79.5433,40.2211],[-79.55,40.2232],[-79.5458,40.2235],[-79.5425,40.2338],[-79.5316,40.2353],[-79.5272,40.2337],[-79.521,40.2335],[-79.4373,40.2337],[-79.4268,40.2267],[-79.4223,40.2218],[-79.4167,40.2188],[-79.4136,40.2145],[-79.4089,40.2137],[-79.4099,40.2101],[-79.3935,40.2088],[-79.3868,40.2095],[-79.3839,40.2057],[-79.3769,40.1837],[-79.3694,40.18],[-79.3635,40.1692],[-79.3584,40.1654],[-79.3487,40.1623],[-79.3453,40.1596],[-79.343,40.1549],[-79.335,40.1496],[-79.3186,40.1443],[-79.311,40.1382],[-79.3059,40.1315],[-79.3025,40.1296],[-79.2901,40.1267],[-79.281,40.1261],[-79.2734,40.1201],[-79.2615,40.1212],[-79.2549,40.1172],[-79.2446,40.1152],[-79.2398,40.1099],[-79.2327,40.1057],[-79.233,40.1044],[-79.2305,40.1044],[-79.2316,40.1025],[-79.229,40.0978],[-79.2366,40.0965],[-79.2401,40.0947],[-79.2401,40.0925],[-79.2464,40.0937],[-79.256,40.0885],[-79.2587,40.0803],[-79.2644,40.0787],[-79.2677,40.0743],[-79.2674,40.0657],[-79.2714,40.0642],[-79.2767,40.0584],[-79.2788,40.0555],[-79.2784,40.0502],[-79.2843,40.0482],[-79.2886,40.0418],[-79.2934,40.0403],[-79.3123,40.0444],[-79.3248,40.0406],[-79.3392,40.0422],[-79.3427,40.0442],[-79.3512,40.0679],[-79.3555,40.0743],[-79.3935,40.0908],[-79.4016,40.1026],[-79.4049,40.1023],[-79.4154,40.1046],[-79.4231,40.111],[-79.4377,40.1159],[-79.4477,40.1268],[-79.4475,40.1332],[-79.4612,40.1413],[-79.4615,40.1441],[-79.4714,40.144],[-79.4711,40.1453],[-79.4732,40.1457],[-79.4737,40.1439],[-79.4831,40.144],[-79.4885,40.1412],[-79.503,40.1411],[-79.5178,40.1333],[-79.5179,40.1314],[-79.527,40.1232],[-79.5309,40.1282],[-79.534,40.1286],[-79.5355,40.1277],[-79.5355,40.126],[-79.5463,40.1439],[-79.5508,40.1432],[-79.5512,40.1477],[-79.5549,40.154],[-79.5502,40.154],[-79.5512,40.1632],[-79.5494,40.1636],[-79.5529,40.1721],[-79.5595,40.1813]]]}},{"type":"Feature","properties":{"geoid":"4202440","name":"Ambridge Area School District"},"geometry":{"type":"Polygon","coordinates":[[[-80.2439,40.575],[-80.2378,40.5776],[-80.2391,40.5812],[-80.2334,40.5806],[-80.2352,40.5859],[-80.2366,40.5989],[-80.2331,40.6318],[-80.2395,40.6495],[-80.2436,40.6554],[-80.225,40.664],[-80.2331,40.675],[-80.1871,40.6754],[-80.187,40.6737],[-80.1485,40.6738],[-80.1451,40.6134],[-80.1509,40.6116],[-80.1521,40.6094],[-80.155,40.608],[-80.1608,40.6095],[-80.1658,40.606],[-80.172,40.6082],[-80.176,40.6081],[-80.1779,40.6095],[-80.1808,40.6091],[-80.1805,40.6076],[-80.1848,40.6036],[-80.184,40.6011],[-80.1885,40.6],[-80.1845,40.5968],[-80.195,40.5967],[-80.2042,40.5886],[-80.208,40.5881],[-80.2112,40.585],[-80.2118,40.5825],[-80.2144,40.581],[-80.219,40.582],[-80.2192,40.5795],[-80.2201,40.5799],[-80.224,40.5773],[-80.2241,40.5753],[-80.2334,40.5696],[-80.2431,40.5705],[-80.2439,40.575]]]}},{"type":"Feature","properties":{"geoid":"4200824","name":"Central Valley School District"},"geometry":{"type":"Polygon","coordinates":[[[-80.3907,40.6401],[-80.3882,40.6471],[-80.3893,40.6495],[-80.3697,40.6523],[-80.3604,40.6577],[-80.344,40.6713],[-80.3312,40.6784],[-80.2932,40.6914],[-80.2876,40.6955],[-80.2818,40.6962],[-80.276,40.6956],[-80.2672,40.6925],[-80.2601,40.6873],[-80.2567,40.6831],[-80.2542,40.668],[-80.2436,40.6554],[-80.2448,40.656],[-80.3165,40.6041],[-80.3193,40.6061],[-80.3246,40.6142],[-80.3293,40.617],[-80.332,40.6209],[-80.3342,40.6205],[-80.3401,40.6143],[-80.3449,40.6148],[-80.3425,40.619],[-80.3441,40.6244],[-80.3407,40.6257],[-80.3366,40.625],[-80.3351,40.6264],[-80.3405,40.6301],[-80.3339,40.6353],[-80.3383,40.6352],[-80.3441,40.6377],[-80.3487,40.6376],[-80.3563,40.6335],[-80.3702,40.6319],[-80.3787,40.6333],[-80.3867,40.6307],[-80.39,40.6345],[-80.392,40.6395],[-80.3907,40.6401]]]}},{"type":"Feature","properties":{"geoid":"4210380","name":"Freedom Area School District"},"geometry":{"type":"Polygon","coordinates":[[[-80.2602,40.6959],[-80.2571,40.6927],[-80.247,40.6995],[-80.2486,40.7377],[-80.2388,40.7379],[-80.2394,40.7696],[-80.1543,40.7727],[-80.1487,40.6738],[-80.187,40.6737],[-80.1871,40.6754],[-80.2331,40.675],[-80.225,40.664],[-80.2436,40.6554],[-80.2542,40.668],[-80.2567,40.6831],[-80.2661,40.6918],[-80.2602,40.6959]]]}},{"type":"Feature","properties":{"geoid":"4216530","name":"New Brighton Area School District"},"geometry":{"type":"Polygon","coordinates":[[[-80.3242,40.7235],[-80.3171,40.7308],[-80.3177,40.7333],[-80.3156,40.7335],[-80.32,40.7388],[-80.3086,40.7532],[-80.3098,40.7577],[-80.3133,40.7612],[-80.3134,40.7645],[-80.3118,40.7646],[-80.3122,40.7677],[-80.3141,40.7685],[-80.2394,40.7696],[-80.2388,40.7379],[-80.2486,40.7377],[-80.2481,40.724],[-80.2687,40.7222],[-80.2686,40.7202],[-80.2755,40.72],[-80.2759,40.7256],[-80.3014,40.7248],[-80.3007,40.7199],[-80.3059,40.7197],[-80.3033,40.7162],[-80.3058,40.7149],[-80.3101,40.7169],[-80.3123,40.7209],[-80.3169,40.7224],[-80.3221,40.7222],[-80.3242,40.7235]]]}},{"type":"Feature","properties":{"geoid":"4220460","name":"Rochester Area School District"},"geometry":{"type":"Polygon","coordinates":[[[-80.3059,40.7197],[-80.3007,40.7199],[-80.3014,40.7248],[-80.2759,40.7256],[-80.2755,40.72],[-80.2686,40.7202],[-80.2687,40.7222],[-80.2481,40.724],[-80.247,40.6995],[-80.2571,40.6927],[-80.2602,40.6959],[-80.2661,40.6918],[-80.276,40.6956],[-80.2876,40.6955],[-80.3059,40.7197]]]}},{"type":"Feature","properties":{"geoid":"4222230","name":"South Side Area School District"},"geometry":{"type":"Polygon","coordinates":[[[-80.5191,40.5923],[-80.519,40.6374],[-80.5118,40.6411],[-80.4987,40.6454],[-80.4842,40.6454],[-80.4786,40.6434],[-80.4688,40.6369],[-80.4574,40.6255],[-80.4507,40.6234],[-80.4465,40.6235],[-80.44,40.6245],[-80.4295,40.6288],[-80.4174,40.6398],[-80.4088,40.6443],[-80.3893,40.6495],[-80.3882,40.6471],[-80.3907,40.6401],[-80.392,40.6395],[-80.3947,40.641],[-80.4021,40.6396],[-80.3982,40.6324],[-80.4042,40.627],[-80.4065,40.6267],[-80.4053,40.6257],[-80.4121,40.6206],[-80.4121,40.6194],[-80.4152,40.6191],[-80.4169,40.6203],[-80.4182,40.6195],[-80.4165,40.6149],[-80.4111,40.5593],[-80.3726,40.5598],[-80.3608,40.4776],[-80.519,40.4774],[-80.5191,40.5923]]]}},{"type":"Feature","properties":{"geoid":"4218660","name":"Penn-Trafford School District"},"geometry":{"type":"Polygon","coordinates":[[[-79.7735,40.383],[-79.772,40.3856],[-79.7656,40.3845],[-79.7649,40.3872],[-79.7659,40.3894],[-79.7628,40.3927],[-79.76,40.3937],[-79.7545,40.3899],[-79.751,40.3891],[-79.7505,40.3911],[-79.7478,40.3909],[-79.7446,40.3962],[-79.7425,40.3969],[-79.7386,40.3955],[-79.7387,40.3977],[-79.7357,40.3994],[-79.7349,40.3979],[-79.7323,40.4002],[-79.732,40.4066],[-79.7292,40.4088],[-79.7222,40.4091],[-79.7156,40.4056],[-79.7106,40.4056],[-79.7085,40.4033],[-79.7021,40.4016],[-79.6969,40.3978],[-79.6937,40.3972],[-79.6914,40.3976],[-79.6871,40.4026],[-79.6773,40.4033],[-79.6722,40.4011],[-79.6557,40.3994],[-79.6243,40.4023],[-79.6096,40.4057],[-79.6048,40.402],[-79.5959,40.3985],[-79.5782,40.3747],[-79.5712,40.3751],[-79.5753,40.372],[-79.5813,40.3622],[-79.5787,40.3528],[-79.5726,40.354],[-79.578,40.3462],[-79.5839,40.3452],[-79.5895,40.3397],[-79.5929,40.3303],[-79.596,40.331],[-79.5995,40.3286],[-79.5997,40.3332],[-79.5971,40.3372],[-79.5993,40.3419],[-79.6098,40.3401],[-79.6101,40.3421],[-79.6133,40.3418],[-79.6129,40.3393],[-79.6163,40.3395],[-79.6179,40.3373],[-79.6295,40.3363],[-79.6295,40.3351],[-79.6259,40.3344],[-79.6266,40.3329],[-79.6296,40.3335],[-79.6296,40.3315],[-79.6362,40.3303],[-79.6363,40.3285],[-79.6487,40.3267],[-79.6476,40.3292],[-79.6501,40.3344],[-79.6537,40.3347],[-79.6547,40.3324],[-79.6588,40.3341],[-79.6633,40.3415],[-79.6716,40.335],[-79.6778,40.3405],[-79.6817,40.3465],[-79.6893,40.3503],[-79.6933,40.3482],[-79.6955,40.35],[-79.6951,40.3515],[-79.6974,40.3554],[-79.7004,40.3553],[-79.7013,40.3575],[-79.7081,40.3542],[-79.7449,40.3853],[-79.7487,40.387],[-79.7546,40.3807],[-79.7547,40.3779],[-79.7584,40.3765],[-79.7638,40.3766],[-79.763,40.3746],[-79.7646,40.3742],[-79.7629,40.3717],[-79.7673,40.3696],[-79.7692,40.3714],[-79.7674,40.3721],[-79.7683,40.3742],[-79.775,40.3791],[-79.7735,40.383]]]}},{"type":"Feature","properties":{"geoid":"4209150","name":"Elk Lake School District"},"geometry":{"type":"Polygon","coordinates":[[[-76.1376,41.9143],[-76.0589,41.9148],[-76.0411,41.9059],[-76.0353,41.9123],[-76.0456,41.8267],[-76.0232,41.8268],[-76.0189,41.7948],[-76.0156,41.7958],[-76.0106,41.7742],[-75.8457,41.7821],[-75.849,41.6437],[-75.9839,41.6447],[-75.9942,41.6396],[-75.9931,41.6381],[-75.9994,41.6337],[-76.0021,41.6302],[-76.0021,41.6272],[-76.0006,41.6264],[-76.0005,41.6244],[-76.0014,41.6224],[-76.0051,41.6207],[-76.0054,41.6122],[-76.009,41.6119],[-76.0099,41.5971],[-76.032,41.5978],[-76.0323,41.597],[-76.0496,41.5961],[-76.048,41.6036],[-76.049,41.6084],[-76.0527,41.6131],[-76.0583,41.6149],[-76.0626,41.615],[-76.0686,41.6121],[-76.0763,41.5998],[-76.0835,41.5963],[-76.0891,41.5975],[-76.1007,41.6051],[-76.1221,41.6112],[-76.1136,41.6354],[-76.1095,41.6351],[-76.1095,41.638],[-76.0987,41.6442],[-76.1142,41.6434],[-76.1376,41.9143]]]}},{"type":"Feature","properties":{"geoid":"4226040","name":"Western Beaver County School District"},"geometry":{"type":"Polygon","coordinates":[[[-80.519,40.7337],[-80.5095,40.734],[-80.5084,40.7329],[-80.4974,40.7309],[-80.4911,40.7313],[-80.482,40.7233],[-80.4647,40.7185],[-80.4563,40.7134],[-80.419,40.7159],[-80.4174,40.6762],[-80.4136,40.6763],[-80.4131,40.6702],[-80.4084,40.6702],[-80.4083,40.6686],[-80.4014,40.6686],[-80.4014,40.6675],[-80.379,40.6681],[-80.3793,40.6767],[-80.3665,40.677],[-80.3653,40.6726],[-80.3463,40.6741],[-80.3472,40.6732],[-80.344,40.6713],[-80.3666,40.6538],[-80.3743,40.6512],[-80.3866,40.6502],[-80.4088,40.6443],[-80.4174,40.6398],[-80.4295,40.6288],[-80.44,40.6245],[-80.4445,40.6238],[-80.4408,40.6368],[-80.4423,40.6374],[-80.4407,40.6422],[-80.4618,40.6456],[-80.4607,40.6516],[-80.4719,40.6517],[-80.4735,40.6508],[-80.4723,40.6491],[-80.4731,40.6437],[-80.4696,40.64],[-80.4688,40.6369],[-80.4823,40.6449],[-80.4925,40.646],[-80.5069,40.6428],[-80.519,40.6374],[-80.519,40.7337]]]}},{"type":"Feature","properties":{"geoid":"4209300","name":"Erie City School District"},"geometry":{"type":"Polygon","coordinates":[[[-80.1385,42.1167],[-80.1321,42.1188],[-80.1334,42.1226],[-80.1313,42.12],[-80.1302,42.1204],[-80.1311,42.1217],[-80.1288,42.1217],[-80.1326,42.1228],[-80.1298,42.1237],[-80.1281,42.1213],[-80.1261,42.1213],[-80.1134,42.1261],[-80.1141,42.127],[-80.1123,42.1283],[-80.1133,42.13],[-80.1099,42.1274],[-80.1103,42.1303],[-80.1023,42.1333],[-80.1004,42.1304],[-80.0976,42.1325],[-80.0981,42.1334],[-80.0951,42.1341],[-80.096,42.1355],[-80.0942,42.138],[-80.093,42.1366],[-80.0909,42.1375],[-80.0922,42.1398],[-80.0883,42.1418],[-80.0845,42.1459],[-80.0846,42.1485],[-80.0783,42.1518],[-80.0743,42.1467],[-80.0708,42.1454],[-80.0611,42.1449],[-80.0414,42.1537],[-80.0314,42.1382],[-80.0219,42.1417],[-80.0157,42.1327],[-80.0127,42.1334],[-80.0034,42.1173],[-80.0699,42.0931],[-80.0672,42.0908],[-80.0681,42.0877],[-80.072,42.0851],[-80.0734,42.0873],[-80.0769,42.0862],[-80.0792,42.0895],[-80.1123,42.0772],[-80.1385,42.1167]]]}},{"type":"Feature","properties":{"geoid":"4211490","name":"Harbor Creek School District"},"geometry":{"type":"Polygon","coordinates":[[[-80.0211,42.1628],[-80.0153,42.1663],[-80.0123,42.1663],[-79.9892,42.1771],[-79.9858,42.1788],[-79.9853,42.181],[-79.9735,42.1854],[-79.9313,42.2067],[-79.9239,42.2075],[-79.9182,42.2109],[-79.9095,42.2133],[-79.907,42.2154],[-79.9075,42.2092],[-79.9028,42.211],[-79.9002,42.202],[-79.9006,42.1778],[-79.9034,42.1769],[-79.9038,42.1485],[-79.904,42.1308],[-79.9016,42.1308],[-79.9018,42.1018],[-79.9937,42.102],[-80.0094,42.1285],[-80.0046,42.1302],[-80.0032,42.129],[-80.0022,42.1306],[-80.0046,42.1321],[-80.0073,42.1368],[-80.0098,42.1375],[-80.0077,42.1405],[-80.0126,42.1436],[-80.0038,42.1468],[-80.013,42.1604],[-80.0175,42.1572],[-80.0211,42.1628]]]}},{"type":"Feature","properties":{"geoid":"4212210","name":"Iroquois School District"},"geometry":{"type":"Polygon","coordinates":[[[-80.0414,42.1537],[-80.0211,42.1628],[-80.0175,42.1572],[-80.013,42.1604],[-80.0038,42.1468],[-80.0126,42.1436],[-80.0077,42.1405],[-80.0098,42.1375],[-80.0073,42.1368],[-80.0022,42.1293],[-80.0046,42.1302],[-80.0094,42.1285],[-80.0127,42.1334],[-80.0157,42.1327],[-80.0219,42.1417],[-80.0314,42.1382],[-80.0414,42.1537]]]}},{"type":"Feature","properties":{"geoid":"4217160","name":"North East School District"},"geometry":{"type":"Polygon","coordinates":[[[-79.907,42.2154],[-79.901,42.2167],[-79.8732,42.232],[-79.8702,42.2302],[-79.8447,42.2355],[-79.835,42.2398],[-79.8316,42.2427],[-79.819,42.2446],[-79.8128,42.2493],[-79.7833,42.264],[-79.7777,42.2654],[-79.7738,42.2639],[-79.762,42.2699],[-79.7618,42.1553],[-79.9037,42.1555],[-79.9034,42.1769],[-79.9006,42.1778],[-79.9003,42.2043],[-79.9028,42.211],[-79.9075,42.2092],[-79.907,42.2154]]]}},{"type":"Feature","properties":{"geoid":"4225080","name":"Wattsburg Area School District"},"geometry":{"type":"Polygon","coordinates":[[[-80.0242,42.0838],[-79.9901,42.0964],[-79.9937,42.102],[-79.9018,42.1018],[-79.9016,42.1308],[-79.904,42.1308],[-79.9037,42.1555],[-79.7618,42.1553],[-79.7618,42.019],[-79.758,41.9503],[-79.762,41.9501],[-79.7617,41.9378],[-79.885,41.9377],[-79.8855,41.9419],[-79.8878,41.9419],[-79.8884,41.9467],[-79.8907,41.9678],[-79.892,41.9988],[-80.0008,41.999],[-79.9994,42.0237],[-79.9934,42.0258],[-80.0063,42.0458],[-80.0026,42.0473],[-80.0257,42.0833],[-80.0242,42.0838]]]}},{"type":"Feature","properties":{"geoid":"4211580","name":"Harrisburg City School District"},"geometry":{"type":"Polygon","coordinates":[[[-76.9245,40.2922],[-76.9232,40.3002],[-76.9216,40.3027],[-76.8935,40.2998],[-76.8945,40.3058],[-76.8938,40.3221],[-76.8952,40.3258],[-76.8889,40.3262],[-76.8837,40.3213],[-76.8811,40.321],[-76.8809,40.3186],[-76.8823,40.3186],[-76.8804,40.3099],[-76.8781,40.3086],[-76.8791,40.3041],[-76.8771,40.3018],[-76.8805,40.2984],[-76.8821,40.2896],[-76.8807,40.2831],[-76.8781,40.2836],[-76.8761,40.2795],[-76.8694,40.2811],[-76.867,40.2762],[-76.8611,40.2779],[-76.8579,40.2711],[-76.8507,40.2719],[-76.8511,40.2732],[-76.8383,40.2717],[-76.8369,40.2673],[-76.8414,40.2678],[-76.8396,40.2585],[-76.8516,40.2576],[-76.8524,40.2548],[-76.8508,40.2514],[-76.8531,40.2486],[-76.8505,40.2429],[-76.8732,40.2377],[-76.8787,40.2439],[-76.8901,40.2495],[-76.9046,40.2606],[-76.9138,40.2711],[-76.9163,40.2802],[-76.9221,40.2855],[-76.9245,40.2922]]]}},{"type":"Feature","properties":{"geoid":"4222600","name":"Springfield School District"},"geometry":{"type":"MultiPolygon","coordinates":[[[[-75.3565,39.8893],[-75.3568,39.8913],[-75.355,39.8926],[-75.3503,39.8908],[-75.3561,39.8867],[-75.3578,39.8874],[-75.3565,39.8893]]],[[[-75.3648,39.9302],[-75.347,39.9426],[-75.3483,39.9451],[-75.3351,39.955],[-75.3317,39.9522],[-75.3312,39.9495],[-75.3282,39.9489],[-75.3285,39.9463],[-75.3274,39.9449],[-75.32,39.9429],[-75.3138,39.944],[-75.3082,39.9405],[-75.3077,39.9379],[-75.3104,39.9337],[-75.3114,39.9203],[-75.3103,39.9189],[-75.3389,39.8985],[-75.34,39.9011],[-75.3381,39.9024],[-75.3406,39.9035],[-75.3376,39.9057],[-75.3392,39.9067],[-75.3431,39.9142],[-75.347,39.913],[-75.3517,39.9133],[-75.3538,39.911],[-75.3551,39.9117],[-75.3578,39.9104],[-75.36,39.9127],[-75.3583,39.9142],[-75.36,39.9158],[-75.3598,39.9184],[-75.3639,39.9197],[-75.3604,39.9221],[-75.3611,39.9244],[-75.3636,39.9215],[-75.3655,39.922],[-75.364,39.9246],[-75.3668,39.9261],[-75.3648,39.9302]]]]}},{"type":"Feature","properties":{"geoid":"4224320","name":"Upper Darby School District"},"geometry":{"type":"MultiPolygon","coordinates":[[[[-75.2841,39.9273],[-75.2825,39.9307],[-75.277,39.9346],[-75.2751,39.9346],[-75.2756,39.9335],[-75.2733,39.9315],[-75.2723,39.9268],[-75.2707,39.9252],[-75.2753,39.9232],[-75.2806,39.9253],[-75.2852,39.9255],[-75.2841,39.9273]]],[[[-75.3317,39.9522],[-75.2803,39.975],[-75.2754,39.9696],[-75.2706,39.9687],[-75.2654,39.9653],[-75.2605,39.9663],[-75.2571,39.9637],[-75.2541,39.9654],[-75.2481,39.9641],[-75.2485,39.9603],[-75.2509,39.959],[-75.249,39.9569],[-75.2516,39.9515],[-75.2501,39.947],[-75.2472,39.9439],[-75.2644,39.9356],[-75.2685,39.9512],[-75.2705,39.9514],[-75.2897,39.9431],[-75.2834,39.9318],[-75.2988,39.9215],[-75.2948,39.9164],[-75.3067,39.9116],[-75.3138,39.9169],[-75.3103,39.9189],[-75.3114,39.9203],[-75.3104,39.9337],[-75.3082,39.9362],[-75.3082,39.9405],[-75.3138,39.944],[-75.32,39.9429],[-75.3274,39.9449],[-75.3285,39.9463],[-75.3282,39.9489],[-75.3312,39.9495],[-75.3317,39.9522]],[[-75.264,39.9409],[-75.2633,39.94],[-75.2561,39.9411],[-75.2558,39.9442],[-75.2601,39.9476],[-75.2652,39.9484],[-75.264,39.9409]]]]}},{"type":"Feature","properties":{"geoid":"4226390","name":"William Penn School District"},"geometry":{"type":"MultiPolygon","coordinates":[[[[-75.2652,39.9484],[-75.2601,39.9476],[-75.2558,39.9442],[-75.2561,39.9411],[-75.2633,39.94],[-75.2652,39.9484]]],[[[-75.2988,39.9215],[-75.2834,39.9318],[-75.2897,39.9431],[-75.2705,39.9514],[-75.2681,39.9506],[-75.2644,39.9356],[-75.2472,39.9439],[-75.2404,39.9422],[-75.2406,39.9392],[-75.2396,39.938],[-75.2349,39.9375],[-75.2376,39.9325],[-75.2419,39.9335],[-75.2434,39.9319],[-75.2443,39.9263],[-75.2478,39.9217],[-75.2472,39.9136],[-75.2515,39.9101],[-75.2499,39.9094],[-75.2503,39.9076],[-75.255,39.9058],[-75.2553,39.9097],[-75.2598,39.9096],[-75.26,39.9135],[-75.2649,39.9148],[-75.2631,39.9182],[-75.2676,39.9185],[-75.2753,39.9232],[-75.2927,39.9153],[-75.296,39.9171],[-75.2988,39.9215]],[[-75.2753,39.9232],[-75.2707,39.9252],[-75.2723,39.9268],[-75.2733,39.9315],[-75.2756,39.9335],[-75.2751,39.9346],[-75.277,39.9346],[-75.2825,39.9307],[-75.2852,39.9255],[-75.2806,39.9253],[-75.2753,39.9232]]]]}},{"type":"Feature","properties":{"geoid":"4214100","name":"Lower Dauphin School District"},"geometry":{"type":"MultiPolygon","coordinates":[[[[-76.7503,40.3078],[-76.7155,40.3151],[-76.6942,40.3164],[-76.7493,40.4442],[-76.7186,40.4555],[-76.678,40.4747],[-76.6255,40.3393],[-76.6246,40.3324],[-76.6261,40.3269],[-76.63,40.321],[-76.6298,40.3152],[-76.6365,40.3103],[-76.6396,40.3123],[-76.6437,40.3226],[-76.6508,40.3241],[-76.6575,40.3222],[-76.6593,40.3175],[-76.667,40.3075],[-76.6677,40.2991],[-76.6748,40.2933],[-76.6757,40.2885],[-76.6791,40.2869],[-76.6965,40.2886],[-76.7012,40.287],[-76.7016,40.2841],[-76.6938,40.2763],[-76.6975,40.2705],[-76.6974,40.2684],[-76.694,40.2695],[-76.6936,40.2661],[-76.6978,40.2658],[-76.6974,40.2597],[-76.7069,40.2581],[-76.7159,40.2594],[-76.7162,40.2614],[-76.7164,40.2595],[-76.7257,40.2619],[-76.7277,40.2661],[-76.7291,40.2666],[-76.734,40.264],[-76.7383,40.2639],[-76.7391,40.2703],[-76.7463,40.2695],[-76.7494,40.2778],[-76.7476,40.2792],[-76.7489,40.2809],[-76.7473,40.2825],[-76.7437,40.2812],[-76.7433,40.283],[-76.7465,40.2848],[-76.7459,40.2861],[-76.7414,40.2851],[-76.7441,40.2938],[-76.7446,40.3007],[-76.7459,40.3029],[-76.7497,40.3048],[-76.7503,40.3078]],[[-76.7072,40.2604],[-76.7056,40.2612],[-76.7022,40.2592],[-76.7003,40.2598],[-76.7014,40.2615],[-76.7055,40.2612],[-76.7075,40.2623],[-76.7072,40.2604]]],[[[-76.7555,40.1774],[-76.7331,40.185],[-76.728,40.1813],[-76.7192,40.1881],[-76.7229,40.1916],[-76.7168,40.1927],[-76.7148,40.1943],[-76.7164,40.1992],[-76.7139,40.2057],[-76.7202,40.2119],[-76.7265,40.2209],[-76.7265,40.2285],[-76.6593,40.2314],[-76.6617,40.2379],[-76.5922,40.2543],[-76.5694,40.1955],[-76.5663,40.1966],[-76.5712,40.1944],[-76.5807,40.1947],[-76.5827,40.191],[-76.5864,40.1895],[-76.5879,40.1906],[-76.5999,40.1883],[-76.6032,40.1895],[-76.6081,40.1894],[-76.608,40.1883],[-76.613,40.1854],[-76.6122,40.1839],[-76.6159,40.1806],[-76.6263,40.1783],[-76.6321,40.1706],[-76.636,40.1701],[-76.6384,40.1667],[-76.6406,40.1673],[-76.6441,40.1649],[-76.6531,40.166],[-76.6547,40.164],[-76.661,40.1651],[-76.662,40.1635],[-76.6664,40.163],[-76.6668,40.1613],[-76.6728,40.1575],[-76.6706,40.1545],[-76.6764,40.1531],[-76.6772,40.1489],[-76.6806,40.1491],[-76.6809,40.151],[-76.6832,40.1518],[-76.6905,40.1484],[-76.6899,40.1522],[-76.6916,40.154],[-76.6908,40.1563],[-76.6923,40.1574],[-76.6977,40.1563],[-76.6956,40.1541],[-76.6962,40.1501],[-76.6989,40.1484],[-76.6999,40.1451],[-76.7057,40.143],[-76.7101,40.1371],[-76.7064,40.1353],[-76.7159,40.1315],[-76.7216,40.1201],[-76.7327,40.1227],[-76.7435,40.1309],[-76.7483,40.1558],[-76.7497,40.1702],[-76.7521,40.1752],[-76.7564,40.1771],[-76.7555,40.1774]]]]}},{"type":"Feature","properties":{"geoid":"4222440","name":"Seneca Valley School District"},"geometry":{"type":"Polygon","coordinates":[[[-80.1602,40.8869],[-80.0681,40.885],[-80.0631,40.8173],[-80.0285,40.817],[-80.0295,40.8135],[-80.025,40.8135],[-80.025,40.8077],[-80.0123,40.8094],[-79.9995,40.8168],[-79.9701,40.8164],[-79.9677,40.7448],[-80.0344,40.7448],[-80.0297,40.7355],[-80.0349,40.7324],[-80.0404,40.7322],[-80.0446,40.7382],[-80.0415,40.74],[-80.0449,40.745],[-80.0594,40.745],[-80.0574,40.7052],[-80.0589,40.7051],[-80.0593,40.7024],[-80.0573,40.7019],[-80.0572,40.6929],[-80.0585,40.6925],[-80.0566,40.6882],[-80.058,40.6872],[-80.0559,40.6851],[-80.0559,40.68],[-80.0584,40.68],[-80.0606,40.6784],[-80.0601,40.6741],[-80.0714,40.6749],[-80.1487,40.6738],[-80.1602,40.8869]]]}},{"type":"Feature","properties":{"geoid":"4202490","name":"Annville-Cleona School District"},"geometry":{"type":"Polygon","coordinates":[[[-76.6161,40.3535],[-76.6126,40.3553],[-76.6119,40.3576],[-76.6148,40.3615],[-76.6154,40.3638],[-76.6143,40.3664],[-76.6088,40.3686],[-76.6064,40.368],[-76.6021,40.3693],[-76.5906,40.3622],[-76.5846,40.3682],[-76.5786,40.3686],[-76.5696,40.3786],[-76.5689,40.3849],[-76.5635,40.3841],[-76.5616,40.3882],[-76.5625,40.3958],[-76.5453,40.3938],[-76.5435,40.3908],[-76.5499,40.389],[-76.5513,40.3854],[-76.5407,40.3784],[-76.5375,40.375],[-76.535,40.3691],[-76.5312,40.3666],[-76.5238,40.3667],[-76.5226,40.3679],[-76.5229,40.3722],[-76.5158,40.3858],[-76.5055,40.3899],[-76.4956,40.3904],[-76.4959,40.3854],[-76.4944,40.3822],[-76.4887,40.3458],[-76.4783,40.3445],[-76.4696,40.3407],[-76.4622,40.342],[-76.4611,40.3396],[-76.4678,40.3385],[-76.4664,40.3355],[-76.475,40.331],[-76.4828,40.3342],[-76.4858,40.3337],[-76.4708,40.25],[-76.472,40.2516],[-76.4767,40.251],[-76.5586,40.2659],[-76.5596,40.2695],[-76.5587,40.2705],[-76.5619,40.2806],[-76.564,40.2834],[-76.561,40.2847],[-76.5628,40.2874],[-76.5537,40.2971],[-76.5531,40.2999],[-76.5542,40.3015],[-76.5526,40.3021],[-76.553,40.3042],[-76.5509,40.3054],[-76.5487,40.3104],[-76.5544,40.3127],[-76.558,40.3173],[-76.5551,40.3212],[-76.5548,40.3229],[-76.5562,40.3241],[-76.5541,40.3309],[-76.5558,40.3348],[-76.5589,40.3373],[-76.5602,40.3418],[-76.5716,40.3423],[-76.5778,40.3398],[-76.5879,40.3455],[-76.5914,40.3516],[-76.5928,40.3522],[-76.5931,40.3557],[-76.6003,40.3585],[-76.6063,40.3562],[-76.6097,40.3567],[-76.6093,40.3543],[-76.6155,40.3484],[-76.6161,40.3535]]]}},{"type":"Feature","properties":{"geoid":"4218390","name":"Palmyra Area School District"},"geometry":{"type":"Polygon","coordinates":[[[-76.6255,40.3393],[-76.6165,40.3451],[-76.613,40.3519],[-76.6093,40.3543],[-76.6097,40.3567],[-76.6063,40.3562],[-76.6003,40.3585],[-76.5931,40.3557],[-76.5928,40.3522],[-76.5914,40.3516],[-76.5879,40.3455],[-76.5778,40.3398],[-76.5716,40.3423],[-76.5602,40.3418],[-76.5589,40.3373],[-76.5558,40.3348],[-76.5541,40.3309],[-76.5562,40.3241],[-76.5548,40.3229],[-76.5551,40.3212],[-76.558,40.3173],[-76.5544,40.3127],[-76.5487,40.3104],[-76.5509,40.3054],[-76.553,40.3042],[-76.5526,40.3021],[-76.5542,40.3015],[-76.5531,40.2999],[-76.5537,40.2971],[-76.5628,40.2874],[-76.561,40.2847],[-76.564,40.2834],[-76.5619,40.2806],[-76.5587,40.2705],[-76.5596,40.2695],[-76.5586,40.2659],[-76.4767,40.251],[-76.472,40.2516],[-76.4705,40.249],[-76.4743,40.2474],[-76.4776,40.2438],[-76.4763,40.2427],[-76.4694,40.2437],[-76.4663,40.2284],[-76.5694,40.1955],[-76.6255,40.3393]]]}},{"type":"Feature","properties":{"geoid":"4204590","name":"Butler Area School District"},"geometry":{"type":"Polygon","coordinates":[[[-80.0681,40.885],[-79.9724,40.8867],[-79.9748,40.9561],[-79.9062,40.957],[-79.8787,40.9585],[-79.784,40.9563],[-79.7833,40.8863],[-79.6915,40.8849],[-79.6921,40.8134],[-79.9995,40.8168],[-80.0123,40.8094],[-80.025,40.8077],[-80.025,40.8135],[-80.0295,40.8135],[-80.0285,40.817],[-80.0631,40.8173],[-80.0681,40.885]]]}},{"type":"Feature","properties":{"geoid":"4217520","name":"Northeastern York School District"},"geometry":{"type":"Polygon","coordinates":[[[-76.8476,40.094],[-76.8458,40.0986],[-76.8423,40.0991],[-76.8403,40.0956],[-76.8405,40.0872],[-76.8385,40.0835],[-76.8346,40.082],[-76.8324,40.0835],[-76.8323,40.0874],[-76.83,40.0894],[-76.8329,40.0949],[-76.8326,40.0969],[-76.8232,40.0959],[-76.818,40.0984],[-76.8136,40.0939],[-76.8101,40.0998],[-76.8084,40.1001],[-76.8046,40.0977],[-76.8006,40.1017],[-76.7947,40.1045],[-76.7947,40.1073],[-76.7971,40.1082],[-76.7978,40.1101],[-76.7966,40.1106],[-76.7918,40.1083],[-76.7881,40.1035],[-76.7882,40.1008],[-76.7863,40.0997],[-76.7804,40.0999],[-76.7776,40.1041],[-76.7756,40.1046],[-76.7638,40.1001],[-76.7667,40.1028],[-76.769,40.1098],[-76.7759,40.1157],[-76.7665,40.1197],[-76.7728,40.1217],[-76.766,40.1265],[-76.7741,40.1276],[-76.7714,40.131],[-76.7666,40.1338],[-76.7598,40.1348],[-76.7501,40.1411],[-76.7495,40.1457],[-76.7459,40.1461],[-76.7446,40.1332],[-76.7406,40.1279],[-76.7327,40.1227],[-76.7216,40.1201],[-76.7109,40.1138],[-76.6932,40.0988],[-76.6804,40.0832],[-76.6755,40.0736],[-76.6713,40.069],[-76.6638,40.0632],[-76.6445,40.0581],[-76.6449,40.0545],[-76.649,40.0519],[-76.658,40.052],[-76.6596,40.0509],[-76.6594,40.0495],[-76.6557,40.0462],[-76.655,40.043],[-76.6633,40.0433],[-76.6695,40.029],[-76.6715,40.0276],[-76.6756,40.0276],[-76.6804,40.0237],[-76.6819,40.0244],[-76.6842,40.0234],[-76.6856,40.0186],[-76.6925,40.0194],[-76.6959,40.0179],[-76.7087,40.0202],[-76.7107,40.0186],[-76.7431,40.0475],[-76.7544,40.0523],[-76.7579,40.0522],[-76.7666,40.048],[-76.769,40.0439],[-76.7741,40.0437],[-76.7758,40.0392],[-76.786,40.0292],[-76.7811,40.029],[-76.7853,40.0233],[-76.7877,40.0226],[-76.7884,40.0195],[-76.7917,40.0201],[-76.7935,40.0169],[-76.7969,40.0154],[-76.7951,40.0131],[-76.7968,40.0117],[-76.7982,40.013],[-76.8018,40.0118],[-76.7978,40.0093],[-76.7999,40.0076],[-76.7968,40.0037],[-76.7989,40.0007],[-76.8026,40.0041],[-76.8064,40.0109],[-76.8136,40.0161],[-76.8157,40.0191],[-76.826,40.0246],[-76.8275,40.0269],[-76.8279,40.0321],[-76.8317,40.0359],[-76.835,40.0461],[-76.8383,40.0477],[-76.8374,40.0546],[-76.8447,40.0634],[-76.8408,40.0736],[-76.8423,40.0784],[-76.8467,40.0833],[-76.8446,40.0896],[-76.8459,40.0948],[-76.8476,40.094]]]}},{"type":"Feature","properties":{"geoid":"4224360","name":"Upper Dauphin Area School District"},"geometry":{"type":"MultiPolygon","coordinates":[[[[-76.7146,40.567],[-76.7132,40.5694],[-76.7105,40.5703],[-76.6854,40.5683],[-76.6853,40.5667],[-76.6736,40.5681],[-76.6737,40.5646],[-76.6867,40.5631],[-76.6866,40.5607],[-76.7108,40.5558],[-76.7108,40.5617],[-76.7121,40.5619],[-76.7122,40.5634],[-76.7161,40.5625],[-76.7146,40.567]]],[[[-76.7991,40.4956],[-76.5695,40.5761],[-76.5626,40.5719],[-76.5876,40.5606],[-76.601,40.5531],[-76.6353,40.5277],[-76.6469,40.523],[-76.659,40.5132],[-76.6742,40.5067],[-76.6761,40.504],[-76.689,40.497],[-76.7107,40.4865],[-76.7782,40.4599],[-76.7806,40.4596],[-76.7991,40.4956]]],[[[-76.8834,40.618],[-76.8727,40.6163],[-76.8699,40.6176],[-76.8695,40.6235],[-76.8643,40.6276],[-76.8557,40.6259],[-76.8401,40.6254],[-76.8332,40.6276],[-76.8274,40.6339],[-76.8111,40.6338],[-76.8091,40.6434],[-76.8034,40.6472],[-76.7982,40.6448],[-76.7947,40.6408],[-76.7904,40.6408],[-76.7859,40.6417],[-76.7783,40.646],[-76.7562,40.6481],[-76.7497,40.6531],[-76.7459,40.6545],[-76.7328,40.6547],[-76.722,40.6534],[-76.7183,40.6584],[-76.7136,40.6596],[-76.7039,40.6554],[-76.7024,40.6557],[-76.7016,40.6581],[-76.6397,40.6198],[-76.6893,40.5936],[-76.7571,40.583],[-76.7568,40.575],[-76.7359,40.5702],[-76.732,40.5516],[-76.7682,40.5528],[-76.8412,40.5332],[-76.8701,40.5299],[-76.8733,40.5645],[-76.8864,40.6178],[-76.8834,40.618]]]]}},{"type":"Feature","properties":{"geoid":"4222380","name":"Southern York County School District"},"geometry":{"type":"Polygon","coordinates":[[[-76.8731,39.8105],[-76.8489,39.8194],[-76.8471,39.8166],[-76.8504,39.8147],[-76.8471,39.8092],[-76.8392,39.81],[-76.8303,39.8154],[-76.8351,39.8212],[-76.8375,39.8218],[-76.8421,39.8199],[-76.8437,39.8213],[-76.8111,39.8321],[-76.7722,39.8417],[-76.7711,39.8391],[-76.7628,39.8359],[-76.7602,39.8337],[-76.7594,39.8306],[-76.7643,39.8282],[-76.7637,39.8255],[-76.7648,39.8225],[-76.7638,39.8207],[-76.7572,39.8184],[-76.7542,39.816],[-76.7528,39.8109],[-76.7409,39.8029],[-76.6463,39.8242],[-76.6456,39.8207],[-76.6501,39.8187],[-76.6479,39.8159],[-76.6512,39.8125],[-76.6535,39.8077],[-76.6581,39.8061],[-76.6592,39.8038],[-76.6688,39.7957],[-76.6674,39.7912],[-76.6714,39.7836],[-76.6682,39.7717],[-76.6531,39.7677],[-76.648,39.759],[-76.6486,39.7578],[-76.6462,39.757],[-76.6407,39.7515],[-76.6363,39.7495],[-76.6345,39.7472],[-76.6373,39.7442],[-76.6377,39.7418],[-76.6337,39.7426],[-76.6315,39.7391],[-76.628,39.7389],[-76.6262,39.7372],[-76.6247,39.7374],[-76.6244,39.7396],[-76.6149,39.7355],[-76.6144,39.7327],[-76.612,39.7333],[-76.6114,39.7348],[-76.6088,39.7348],[-76.6097,39.7307],[-76.6077,39.726],[-76.6107,39.724],[-76.6121,39.7243],[-76.6123,39.7231],[-76.6094,39.7212],[-76.8005,39.7207],[-76.8149,39.75],[-76.8178,39.7531],[-76.8162,39.7557],[-76.8169,39.7595],[-76.8344,39.7762],[-76.8477,39.7867],[-76.8502,39.7867],[-76.8531,39.789],[-76.853,39.7901],[-76.8587,39.7931],[-76.859,39.7968],[-76.8607,39.7996],[-76.8672,39.8036],[-76.8682,39.8062],[-76.8699,39.8061],[-76.8731,39.8105]]]}},{"type":"Feature","properties":{"geoid":"4226850","name":"York Suburban School District"},"geometry":{"type":"MultiPolygon","coordinates":[[[[-76.7263,39.9761],[-76.7237,39.9828],[-76.7199,39.9816],[-76.7166,39.9784],[-76.7063,39.9787],[-76.7068,39.9756],[-76.7175,39.9724],[-76.7241,39.9688],[-76.7257,39.971],[-76.7263,39.9761]]],[[[-76.7592,39.9387],[-76.7569,39.94],[-76.7586,39.9442],[-76.7572,39.9458],[-76.7456,39.9453],[-76.7444,39.9474],[-76.746,39.9494],[-76.7364,39.9533],[-76.731,39.9479],[-76.7219,39.9494],[-76.7196,39.9449],[-76.7183,39.9457],[-76.7167,39.9428],[-76.7158,39.9434],[-76.7171,39.9468],[-76.7087,39.9492],[-76.7124,39.9528],[-76.7038,39.9485],[-76.7018,39.9492],[-76.7019,39.9514],[-76.7038,39.9513],[-76.7073,39.9613],[-76.6994,39.9618],[-76.7,39.9674],[-76.7031,39.972],[-76.7008,39.9722],[-76.7019,39.9765],[-76.7034,39.9762],[-76.7034,39.9784],[-76.7006,39.978],[-76.6982,39.982],[-76.6908,39.9818],[-76.6767,39.9866],[-76.6677,39.9864],[-76.6648,39.9832],[-76.6614,39.9838],[-76.6581,39.9798],[-76.6613,39.9785],[-76.6597,39.9703],[-76.6603,39.9609],[-76.6821,39.9506],[-76.6808,39.9488],[-76.6825,39.9484],[-76.6824,39.9464],[-76.6868,39.9425],[-76.6881,39.9448],[-76.689,39.9433],[-76.691,39.9441],[-76.6895,39.9464],[-76.7003,39.9407],[-76.6976,39.9403],[-76.7,39.9382],[-76.7046,39.9381],[-76.7482,39.9142],[-76.7488,39.9202],[-76.7508,39.921],[-76.7516,39.9232],[-76.7503,39.9287],[-76.7537,39.9302],[-76.7592,39.9387]]]]}},{"type":"Feature","properties":{"geoid":"4206590","name":"Conneaut School District"},"geometry":{"type":"Polygon","coordinates":[[[-80.5194,41.6718],[-80.5193,41.8496],[-80.267,41.8495],[-80.2722,41.6487],[-80.2708,41.6487],[-80.2726,41.5877],[-80.2508,41.5865],[-80.2203,41.5755],[-80.2151,41.5707],[-80.2016,41.5657],[-80.187,41.5493],[-80.1813,41.5445],[-80.1752,41.5449],[-80.1565,41.5379],[-80.1595,41.4811],[-80.3983,41.4862],[-80.3951,41.5675],[-80.3993,41.5677],[-80.4,41.5761],[-80.5193,41.5785],[-80.5194,41.6718]]]}},{"type":"Feature","properties":{"geoid":"4207680","name":"Dover Area School District"},"geometry":{"type":"Polygon","coordinates":[[[-76.9614,39.964],[-76.9585,39.966],[-76.9536,39.9643],[-76.9492,39.9654],[-76.9477,39.9683],[-76.9504,39.9767],[-76.9552,39.9811],[-76.9545,39.9839],[-76.9433,39.9795],[-76.9338,39.9809],[-76.9307,39.9828],[-76.9314,39.9886],[-76.9343,39.9914],[-76.9339,39.9933],[-76.9271,39.996],[-76.921,40.0001],[-76.9197,40.0022],[-76.927,40.0084],[-76.9275,40.0101],[-76.9266,40.0138],[-76.9208,40.0176],[-76.9208,40.0262],[-76.913,40.0269],[-76.9094,40.0249],[-76.9089,40.022],[-76.904,40.0205],[-76.9015,40.0264],[-76.9065,40.0415],[-76.8817,40.0512],[-76.8798,40.0542],[-76.8822,40.059],[-76.8816,40.0619],[-76.871,40.0659],[-76.8746,40.0708],[-76.8699,40.0722],[-76.8673,40.0652],[-76.8638,40.0644],[-76.8602,40.0713],[-76.8652,40.0826],[-76.8645,40.0848],[-76.8609,40.086],[-76.8494,40.0844],[-76.8464,40.0876],[-76.8477,40.0938],[-76.8459,40.0948],[-76.8446,40.0896],[-76.8467,40.0833],[-76.8423,40.0784],[-76.8408,40.0736],[-76.8447,40.0634],[-76.8374,40.0546],[-76.8383,40.0477],[-76.835,40.0461],[-76.8317,40.0359],[-76.8279,40.0321],[-76.8275,40.0269],[-76.826,40.0246],[-76.8157,40.0191],[-76.8136,40.0161],[-76.8064,40.0109],[-76.8026,40.0041],[-76.7989,40.0007],[-76.8027,39.9981],[-76.809,39.989],[-76.8049,39.9867],[-76.8065,39.983],[-76.8047,39.9821],[-76.8172,39.9756],[-76.8155,39.9723],[-76.8162,39.9703],[-76.8301,39.9627],[-76.8279,39.9607],[-76.827,39.9569],[-76.8272,39.9531],[-76.8293,39.9496],[-76.828,39.9457],[-76.8285,39.9435],[-76.8347,39.9454],[-76.8899,39.949],[-76.9327,39.967],[-76.9369,39.9624],[-76.9611,39.9628],[-76.9614,39.964]]]}},{"type":"Feature","properties":{"geoid":"4202760","name":"Avella Area School District"},"geometry":{"type":"Polygon","coordinates":[[[-80.519,40.257],[-80.519,40.2817],[-80.5143,40.2854],[-80.5115,40.2844],[-80.5124,40.2892],[-80.5042,40.2868],[-80.5019,40.2824],[-80.4975,40.2806],[-80.4946,40.2858],[-80.4897,40.2855],[-80.489,40.2834],[-80.4871,40.284],[-80.4868,40.2876],[-80.4882,40.2902],[-80.4871,40.2914],[-80.4837,40.2886],[-80.4807,40.2887],[-80.4265,40.3461],[-80.421,40.3491],[-80.4195,40.3448],[-80.4205,40.3416],[-80.4025,40.3448],[-80.3991,40.3431],[-80.3996,40.342],[-80.3942,40.342],[-80.3918,40.3316],[-80.3876,40.3316],[-80.3851,40.3292],[-80.3846,40.3271],[-80.3869,40.3263],[-80.3845,40.3237],[-80.3845,40.3212],[-80.3817,40.3213],[-80.3813,40.3202],[-80.3784,40.3217],[-80.3794,40.3189],[-80.378,40.3187],[-80.3687,40.32],[-80.3626,40.3114],[-80.3565,40.3086],[-80.3616,40.2618],[-80.3652,40.2575],[-80.3574,40.2519],[-80.3473,40.2483],[-80.3434,40.2426],[-80.3322,40.2382],[-80.3249,40.2232],[-80.3382,40.2099],[-80.3419,40.2079],[-80.3465,40.2085],[-80.3697,40.2028],[-80.3748,40.2],[-80.3833,40.1993],[-80.3855,40.2013],[-80.3859,40.2041],[-80.3923,40.206],[-80.4052,40.1988],[-80.4101,40.198],[-80.4184,40.2025],[-80.4199,40.2025],[-80.4217,40.1996],[-80.431,40.199],[-80.4317,40.1964],[-80.4354,40.1959],[-80.4363,40.1973],[-80.4433,40.1994],[-80.4453,40.196],[-80.4517,40.1946],[-80.4539,40.1922],[-80.4546,40.1876],[-80.4588,40.1896],[-80.4613,40.1936],[-80.4637,40.1941],[-80.4659,40.192],[-80.4645,40.1891],[-80.466,40.1848],[-80.4737,40.186],[-80.4791,40.1847],[-80.4837,40.1855],[-80.4891,40.183],[-80.4926,40.1839],[-80.4957,40.1895],[-80.5028,40.1881],[-80.5099,40.1909],[-80.5146,40.1979],[-80.5191,40.1959],[-80.519,40.257]]]}},{"type":"Feature","properties":{"geoid":"4224000","name":"Twin Valley School District"},"geometry":{"type":"Polygon","coordinates":[[[-75.9439,40.2447],[-75.8961,40.2838],[-75.8911,40.297],[-75.8884,40.2942],[-75.8776,40.2894],[-75.8609,40.2877],[-75.8493,40.2832],[-75.8436,40.2768],[-75.8294,40.2753],[-75.8231,40.2732],[-75.8196,40.271],[-75.8256,40.2567],[-75.813,40.255],[-75.8086,40.2523],[-75.8198,40.2378],[-75.8452,40.2118],[-75.8079,40.1777],[-75.821,40.1697],[-75.8004,40.1408],[-75.8002,40.1312],[-75.7827,40.1172],[-75.7795,40.1159],[-75.8336,40.0733],[-75.8441,40.0568],[-75.8684,40.0582],[-75.8847,40.053],[-75.9343,40.0476],[-75.9362,40.0654],[-75.9361,40.0785],[-75.943,40.1093],[-75.8734,40.1371],[-75.9434,40.1827],[-75.9198,40.2028],[-75.9343,40.2447],[-75.9439,40.2447]]]}},{"type":"Feature","properties":{"geoid":"4205490","name":"Central York School District"},"geometry":{"type":"Polygon","coordinates":[[[-76.8018,40.0118],[-76.7982,40.013],[-76.7968,40.0117],[-76.7951,40.0131],[-76.7969,40.0154],[-76.7935,40.0169],[-76.7917,40.0201],[-76.7884,40.0195],[-76.7877,40.0226],[-76.7853,40.0233],[-76.7811,40.029],[-76.786,40.0292],[-76.7758,40.0392],[-76.7741,40.0437],[-76.769,40.0439],[-76.7651,40.0491],[-76.7579,40.0522],[-76.7544,40.0523],[-76.7431,40.0475],[-76.7107,40.0186],[-76.7087,40.0202],[-76.6959,40.0179],[-76.6925,40.0194],[-76.6856,40.0186],[-76.6842,40.0234],[-76.6819,40.0244],[-76.6804,40.0237],[-76.6756,40.0276],[-76.6715,40.0276],[-76.6684,40.0309],[-76.6661,40.0311],[-76.6493,40.0072],[-76.6334,39.9945],[-76.6154,39.9717],[-76.6179,39.9726],[-76.638,39.9685],[-76.6462,39.9691],[-76.6451,39.9678],[-76.6474,39.9657],[-76.6604,39.9618],[-76.6597,39.9703],[-76.6613,39.9785],[-76.6581,39.9798],[-76.6614,39.9838],[-76.6648,39.9832],[-76.6677,39.9864],[-76.6767,39.9866],[-76.6908,39.9818],[-76.6982,39.982],[-76.7006,39.978],[-76.7091,39.979],[-76.7166,39.9784],[-76.7199,39.9816],[-76.7237,39.9828],[-76.7263,39.9741],[-76.7298,39.9727],[-76.7309,39.9686],[-76.7318,39.9718],[-76.7431,39.973],[-76.7452,39.9847],[-76.7434,39.9878],[-76.7467,39.9926],[-76.7598,39.98],[-76.7657,39.9826],[-76.769,39.9858],[-76.7854,39.9874],[-76.7925,39.9921],[-76.7989,40.0007],[-76.7968,40.0037],[-76.7999,40.0076],[-76.7978,40.0093],[-76.8018,40.0118]]]}},{"type":"Feature","properties":{"geoid":"4207230","name":"Dallastown Area School District"},"geometry":{"type":"Polygon","coordinates":[[[-76.7737,39.8439],[-76.7667,39.8477],[-76.7648,39.8462],[-76.7608,39.8489],[-76.7606,39.8533],[-76.7529,39.8622],[-76.7584,39.8655],[-76.7544,39.8676],[-76.7494,39.867],[-76.7456,39.8693],[-76.7458,39.8704],[-76.7481,39.8708],[-76.7492,39.8745],[-76.7565,39.882],[-76.756,39.883],[-76.7602,39.8856],[-76.7588,39.8875],[-76.7543,39.8873],[-76.7483,39.89],[-76.7457,39.8873],[-76.7417,39.8872],[-76.7422,39.8896],[-76.7484,39.8923],[-76.7434,39.8961],[-76.7458,39.8976],[-76.7445,39.9035],[-76.7573,39.9085],[-76.7593,39.9114],[-76.7638,39.913],[-76.7642,39.9155],[-76.7613,39.9165],[-76.7571,39.9156],[-76.753,39.913],[-76.7487,39.9136],[-76.7046,39.9381],[-76.7,39.9382],[-76.6976,39.9403],[-76.7003,39.9407],[-76.6895,39.9464],[-76.691,39.9441],[-76.689,39.9433],[-76.6881,39.9448],[-76.6868,39.9425],[-76.6824,39.9464],[-76.6825,39.9484],[-76.6808,39.9488],[-76.6821,39.9506],[-76.6603,39.9609],[-76.6587,39.9573],[-76.6493,39.9535],[-76.6451,39.9419],[-76.644,39.935],[-76.6302,39.9166],[-76.6235,39.9107],[-76.6148,39.9078],[-76.613,39.9053],[-76.6166,39.9037],[-76.6153,39.9022],[-76.6215,39.8996],[-76.6203,39.8959],[-76.6136,39.8944],[-76.6179,39.8934],[-76.6192,39.8918],[-76.615,39.8873],[-76.6112,39.8902],[-76.6033,39.8917],[-76.6011,39.8941],[-76.5981,39.8889],[-76.6081,39.8834],[-76.6126,39.878],[-76.6154,39.8711],[-76.6203,39.8726],[-76.6228,39.8709],[-76.6328,39.8706],[-76.6397,39.8742],[-76.6432,39.8746],[-76.6489,39.8728],[-76.6528,39.8759],[-76.6597,39.8726],[-76.66,39.8711],[-76.6651,39.8704],[-76.6599,39.8657],[-76.658,39.8654],[-76.6571,39.8621],[-76.6588,39.8604],[-76.6587,39.8579],[-76.653,39.8498],[-76.6536,39.8464],[-76.6488,39.8433],[-76.6508,39.8405],[-76.6464,39.8378],[-76.6456,39.8313],[-76.647,39.8299],[-76.6455,39.8259],[-76.6464,39.8242],[-76.7409,39.8029],[-76.7528,39.8109],[-76.7542,39.816],[-76.7572,39.8184],[-76.7638,39.8207],[-76.7648,39.8225],[-76.7637,39.8255],[-76.7643,39.8282],[-76.7594,39.8306],[-76.7602,39.8337],[-76.7628,39.8359],[-76.7711,39.8391],[-76.7737,39.8439]]]}},{"type":"Feature","properties":{"geoid":"4217760","name":"Northern York County School District"},"geometry":{"type":"Polygon","coordinates":[[[-77.1374,40.0699],[-77.0315,40.1466],[-77.0289,40.1477],[-77.0227,40.1458],[-77.0197,40.1483],[-77.0093,40.149],[-77.0031,40.1533],[-76.9998,40.1529],[-76.993,40.1549],[-76.9868,40.1551],[-76.979,40.152],[-76.9769,40.1523],[-76.9748,40.1532],[-76.9713,40.1576],[-76.9737,40.1593],[-76.9768,40.159],[-76.9807,40.1606],[-76.9816,40.1631],[-76.978,40.1648],[-76.9731,40.163],[-76.9669,40.1627],[-76.9646,40.1649],[-76.9606,40.1638],[-76.9513,40.1658],[-76.9393,40.1643],[-76.9291,40.1613],[-76.9221,40.1623],[-76.9261,40.1565],[-76.9239,40.1493],[-76.9258,40.1447],[-76.9238,40.142],[-76.9256,40.1405],[-76.9254,40.1386],[-76.9215,40.1324],[-76.9184,40.1312],[-76.918,40.1287],[-76.9149,40.1268],[-76.9134,40.123],[-76.9055,40.1177],[-76.9052,40.1139],[-76.8906,40.1119],[-76.8762,40.115],[-76.8679,40.1135],[-76.8538,40.1146],[-76.8519,40.1095],[-76.8533,40.106],[-76.8521,40.1038],[-76.8567,40.0971],[-76.8476,40.094],[-76.8461,40.0888],[-76.8494,40.0844],[-76.8609,40.086],[-76.8645,40.0848],[-76.8652,40.0826],[-76.8602,40.0713],[-76.8638,40.0644],[-76.8673,40.0652],[-76.8699,40.0722],[-76.8746,40.0708],[-76.871,40.0659],[-76.8816,40.0619],[-76.8822,40.059],[-76.8798,40.0542],[-76.8817,40.0512],[-76.9065,40.0415],[-76.9015,40.0264],[-76.904,40.0205],[-76.9089,40.022],[-76.9094,40.0249],[-76.913,40.0269],[-76.9208,40.0262],[-76.9208,40.0176],[-76.9266,40.0138],[-76.9275,40.0101],[-76.927,40.0084],[-76.9197,40.0022],[-76.921,40.0001],[-76.9271,39.996],[-76.9339,39.9933],[-76.9343,39.9914],[-76.9314,39.9886],[-76.9307,39.9828],[-76.9338,39.9809],[-76.9433,39.9795],[-76.9523,39.9837],[-76.955,39.9834],[-76.9552,39.9811],[-76.9487,39.9739],[-76.9477,39.9683],[-76.9492,39.9654],[-76.9536,39.9643],[-76.9585,39.966],[-76.9614,39.964],[-76.9611,39.9628],[-76.9589,39.9595],[-76.9457,39.9552],[-76.944,39.954],[-76.944,39.9523],[-76.9487,39.9489],[-76.9527,39.953],[-76.9562,39.9535],[-76.958,39.9518],[-76.9589,39.9482],[-76.964,39.9449],[-76.9646,39.9358],[-76.9662,39.9352],[-76.9927,39.9732],[-77.0186,40.0139],[-77.0262,40.0184],[-77.0332,40.0187],[-77.0407,40.0213],[-77.057,40.0238],[-77.067,40.0282],[-77.0703,40.0302],[-77.0724,40.034],[-77.0786,40.0379],[-77.0808,40.0432],[-77.092,40.0536],[-77.1276,40.0686],[-77.1374,40.0699]]]}},{"type":"Feature","properties":{"geoid":"4208790","name":"Eastern York School District"},"geometry":{"type":"Polygon","coordinates":[[[-76.6682,40.0324],[-76.6633,40.0433],[-76.655,40.043],[-76.6557,40.0462],[-76.6594,40.0495],[-76.6596,40.0509],[-76.658,40.052],[-76.6466,40.0528],[-76.6449,40.0545],[-76.6439,40.0595],[-76.6206,40.0547],[-76.5958,40.0515],[-76.5712,40.0457],[-76.5558,40.0464],[-76.5415,40.051],[-76.5345,40.0513],[-76.5316,40.0462],[-76.5322,40.0382],[-76.5297,40.0309],[-76.5269,40.0262],[-76.5135,40.0154],[-76.5096,40.0094],[-76.5006,40.0006],[-76.498,39.9945],[-76.4954,39.9761],[-76.4874,39.9621],[-76.4779,39.953],[-76.4777,39.9498],[-76.4786,39.9493],[-76.4806,39.9514],[-76.4801,39.9493],[-76.4838,39.9498],[-76.4824,39.945],[-76.4849,39.9452],[-76.4844,39.9416],[-76.4867,39.9422],[-76.4866,39.9404],[-76.4913,39.9382],[-76.495,39.9399],[-76.4971,39.9431],[-76.4997,39.9445],[-76.5004,39.9423],[-76.5055,39.9435],[-76.5073,39.9421],[-76.5055,39.9373],[-76.5096,39.9398],[-76.5086,39.9371],[-76.5095,39.9339],[-76.5063,39.9312],[-76.5099,39.9301],[-76.5104,39.9263],[-76.5125,39.9233],[-76.5161,39.9222],[-76.5153,39.9198],[-76.5201,39.9178],[-76.5192,39.9166],[-76.5223,39.9136],[-76.5206,39.9117],[-76.5205,39.9062],[-76.5241,39.9044],[-76.5648,39.9332],[-76.5863,39.9539],[-76.5979,39.9658],[-76.5971,39.9671],[-76.598,39.9708],[-76.6007,39.9745],[-76.5971,39.9745],[-76.5962,39.9759],[-76.5987,39.9774],[-76.6014,39.9772],[-76.6161,39.9734],[-76.6334,39.9945],[-76.6493,40.0072],[-76.6661,40.0311],[-76.6684,40.0309],[-76.6682,40.0324]]]}},{"type":"Feature","properties":{"geoid":"4222170","name":"South Eastern School District"},"geometry":{"type":"Polygon","coordinates":[[[-76.6714,39.7836],[-76.6664,39.7861],[-76.6359,39.7903],[-76.6213,39.7963],[-76.5973,39.8017],[-76.5933,39.8168],[-76.5781,39.8221],[-76.5782,39.8253],[-76.5765,39.8288],[-76.579,39.831],[-76.5768,39.8359],[-76.5605,39.8363],[-76.5562,39.8372],[-76.5524,39.8409],[-76.5502,39.8414],[-76.541,39.8393],[-76.5377,39.8403],[-76.5372,39.8418],[-76.5387,39.8428],[-76.5396,39.8463],[-76.5372,39.8464],[-76.532,39.841],[-76.5281,39.8394],[-76.5276,39.836],[-76.5251,39.8333],[-76.5208,39.832],[-76.5224,39.8293],[-76.5213,39.8281],[-76.5185,39.8282],[-76.5178,39.8259],[-76.5152,39.827],[-76.5052,39.8252],[-76.4989,39.8255],[-76.4961,39.8197],[-76.4908,39.8172],[-76.4868,39.8167],[-76.4869,39.8198],[-76.4836,39.8198],[-76.4794,39.8139],[-76.4835,39.8107],[-76.4803,39.8108],[-76.4773,39.8131],[-76.4759,39.8116],[-76.4758,39.8075],[-76.4697,39.8055],[-76.4717,39.802],[-76.4704,39.8008],[-76.4649,39.8015],[-76.4642,39.7981],[-76.462,39.7955],[-76.4607,39.7955],[-76.4604,39.7998],[-76.4556,39.7995],[-76.4536,39.8012],[-76.4511,39.7966],[-76.4479,39.7973],[-76.4438,39.7934],[-76.4419,39.7937],[-76.4373,39.7985],[-76.4353,39.7978],[-76.4319,39.7995],[-76.4295,39.7958],[-76.4227,39.7926],[-76.4216,39.791],[-76.4164,39.7888],[-76.4138,39.7904],[-76.4123,39.7899],[-76.4041,39.7844],[-76.4031,39.7824],[-76.395,39.7841],[-76.3963,39.7824],[-76.3954,39.7808],[-76.3921,39.7816],[-76.3848,39.779],[-76.3709,39.7692],[-76.3667,39.7694],[-76.3593,39.7665],[-76.3433,39.7557],[-76.3415,39.7553],[-76.3395,39.7568],[-76.3405,39.7608],[-76.3393,39.7635],[-76.3363,39.7635],[-76.3354,39.7602],[-76.3328,39.7609],[-76.3288,39.7666],[-76.3258,39.7676],[-76.3266,39.7686],[-76.3252,39.7695],[-76.3223,39.7661],[-76.3178,39.7677],[-76.316,39.7721],[-76.3177,39.7745],[-76.3243,39.7745],[-76.3248,39.7759],[-76.3203,39.7786],[-76.3228,39.7829],[-76.3214,39.7834],[-76.3155,39.7814],[-76.3144,39.7798],[-76.3117,39.7806],[-76.3105,39.7834],[-76.3116,39.7854],[-76.311,39.7869],[-76.3043,39.7848],[-76.2994,39.7903],[-76.297,39.7912],[-76.2842,39.7807],[-76.2783,39.7785],[-76.2675,39.7594],[-76.2606,39.752],[-76.2566,39.75],[-76.2496,39.74],[-76.2456,39.7372],[-76.2406,39.7303],[-76.2387,39.7251],[-76.2398,39.7213],[-76.6094,39.7212],[-76.6123,39.7231],[-76.6121,39.7243],[-76.6107,39.724],[-76.6077,39.726],[-76.6097,39.7307],[-76.6088,39.7348],[-76.6114,39.7348],[-76.612,39.7333],[-76.6144,39.7327],[-76.6149,39.7355],[-76.6244,39.7396],[-76.6247,39.7374],[-76.6262,39.7372],[-76.628,39.7389],[-76.6315,39.7391],[-76.6337,39.7426],[-76.6377,39.7418],[-76.6373,39.7442],[-76.6347,39.7462],[-76.6363,39.7495],[-76.6407,39.7515],[-76.6462,39.757],[-76.6486,39.7578],[-76.648,39.759],[-76.6531,39.7677],[-76.6682,39.7717],[-76.6714,39.7836]]]}},{"type":"Feature","properties":{"geoid":"4202480","name":"Antietam School District"},"geometry":{"type":"Polygon","coordinates":[[[-75.9091,40.3231],[-75.8998,40.3229],[-75.8996,40.3294],[-75.8949,40.3292],[-75.8904,40.3339],[-75.8942,40.3363],[-75.8944,40.3403],[-75.8911,40.3427],[-75.8957,40.3456],[-75.9071,40.3457],[-75.9073,40.3511],[-75.9032,40.3559],[-75.8986,40.3669],[-75.8641,40.3611],[-75.8534,40.3635],[-75.8443,40.3582],[-75.8667,40.3484],[-75.892,40.3137],[-75.8954,40.3151],[-75.898,40.3117],[-75.9106,40.3231],[-75.9091,40.3231]]]}},{"type":"Feature","properties":{"geoid":"4206780","name":"Conrad Weiser Area School District"},"geometry":{"type":"Polygon","coordinates":[[[-76.3071,40.4134],[-76.1813,40.4097],[-76.174,40.3994],[-76.1689,40.4016],[-76.1695,40.4068],[-76.1674,40.4108],[-76.1678,40.4121],[-76.1714,40.4119],[-76.1719,40.413],[-76.1684,40.415],[-76.1651,40.4197],[-76.1595,40.4199],[-76.1553,40.4175],[-76.1537,40.4117],[-76.1523,40.411],[-76.1453,40.412],[-76.1423,40.4138],[-76.1402,40.4161],[-76.1407,40.4186],[-76.1391,40.4193],[-76.1337,40.414],[-76.1316,40.4134],[-76.1295,40.4145],[-76.1303,40.4189],[-76.1266,40.4201],[-76.1182,40.4268],[-76.1135,40.4257],[-76.1019,40.4149],[-76.0982,40.4138],[-76.0938,40.4147],[-76.0891,40.4119],[-76.0869,40.4072],[-76.0753,40.404],[-76.074,40.4023],[-76.0777,40.3975],[-76.0694,40.3945],[-76.067,40.3968],[-76.0587,40.3988],[-76.053,40.3942],[-76.058,40.3953],[-76.0729,40.3885],[-76.0772,40.39],[-76.079,40.3891],[-76.0772,40.3826],[-76.0805,40.3813],[-76.077,40.3769],[-76.0784,40.3749],[-76.078,40.3725],[-76.0806,40.3709],[-76.0815,40.3677],[-76.0856,40.3643],[-76.0822,40.3608],[-76.0826,40.3547],[-76.0853,40.3506],[-76.083,40.3481],[-76.0837,40.3472],[-76.09,40.347],[-76.0937,40.3493],[-76.1017,40.3514],[-76.1111,40.3483],[-76.1152,40.3498],[-76.1206,40.3452],[-76.115,40.3411],[-76.1048,40.3366],[-76.0936,40.3332],[-76.0947,40.3349],[-76.0909,40.3388],[-76.0867,40.3369],[-76.0874,40.3361],[-76.068,40.3298],[-76.0698,40.3279],[-76.0606,40.3263],[-76.0347,40.3264],[-76.0411,40.3221],[-76.0428,40.3141],[-76.0463,40.3089],[-76.0549,40.3073],[-76.0557,40.3039],[-76.0693,40.2949],[-76.0771,40.2851],[-76.0813,40.2831],[-76.0834,40.2804],[-76.0918,40.2777],[-76.1386,40.3076],[-76.1404,40.306],[-76.1433,40.3075],[-76.1413,40.3092],[-76.1579,40.3209],[-76.2055,40.3607],[-76.2319,40.3663],[-76.3071,40.4134]]]}},{"type":"Feature","properties":{"geoid":"4209780","name":"Fleetwood Area School District"},"geometry":{"type":"Polygon","coordinates":[[[-75.9482,40.4776],[-75.8966,40.4971],[-75.8929,40.4944],[-75.8891,40.4995],[-75.8843,40.5028],[-75.8825,40.5067],[-75.8841,40.5086],[-75.8822,40.5122],[-75.8833,40.5155],[-75.8746,40.5258],[-75.8628,40.5249],[-75.8608,40.5232],[-75.8576,40.5243],[-75.859,40.5319],[-75.8559,40.534],[-75.8514,40.5317],[-75.8475,40.5329],[-75.8444,40.5366],[-75.8457,40.5382],[-75.8437,40.5392],[-75.8361,40.5364],[-75.8256,40.536],[-75.8113,40.5191],[-75.8184,40.5131],[-75.7506,40.4698],[-75.7942,40.4542],[-75.7981,40.4565],[-75.8169,40.4467],[-75.8442,40.4412],[-75.8499,40.4449],[-75.8605,40.4364],[-75.8782,40.4318],[-75.8832,40.4316],[-75.899,40.4256],[-75.9099,40.4375],[-75.9159,40.4485],[-75.9148,40.4482],[-75.9155,40.4516],[-75.92,40.4543],[-75.9229,40.4582],[-75.9287,40.4596],[-75.9342,40.4629],[-75.9356,40.4657],[-75.9458,40.4739],[-75.9482,40.4776]]]}},{"type":"Feature","properties":{"geoid":"4217640","name":"Northern Lebanon School District"},"geometry":{"type":"Polygon","coordinates":[[[-76.678,40.4747],[-76.5354,40.5552],[-76.341,40.4344],[-76.3705,40.3881],[-76.4033,40.3866],[-76.4112,40.3857],[-76.4108,40.3849],[-76.4935,40.3765],[-76.4959,40.3854],[-76.4956,40.3904],[-76.5055,40.3899],[-76.5168,40.3849],[-76.5188,40.3786],[-76.5229,40.3722],[-76.5226,40.3679],[-76.5238,40.3667],[-76.5312,40.3666],[-76.535,40.3691],[-76.5375,40.375],[-76.5407,40.3784],[-76.5513,40.3854],[-76.5499,40.389],[-76.5435,40.3908],[-76.5453,40.3938],[-76.5625,40.3958],[-76.5616,40.3882],[-76.5635,40.3841],[-76.5689,40.3849],[-76.5696,40.3786],[-76.5786,40.3686],[-76.5846,40.3682],[-76.5906,40.3622],[-76.6021,40.3693],[-76.6064,40.368],[-76.6088,40.3686],[-76.6143,40.3664],[-76.6154,40.3638],[-76.6148,40.3615],[-76.6119,40.3576],[-76.6126,40.3553],[-76.6161,40.3535],[-76.6157,40.3469],[-76.6165,40.3451],[-76.6255,40.3393],[-76.678,40.4747]]]}},{"type":"Feature","properties":{"geoid":"4222590","name":"Spring Grove Area School District"},"geometry":{"type":"Polygon","coordinates":[[[-76.9838,39.9021],[-76.9809,39.9034],[-76.9814,39.9054],[-76.9753,39.9087],[-76.9725,39.9117],[-76.973,39.9136],[-76.967,39.9162],[-76.9685,39.9183],[-76.965,39.9219],[-76.97,39.9213],[-76.97,39.9238],[-76.9724,39.9261],[-76.9711,39.9278],[-76.9711,39.931],[-76.9726,39.934],[-76.9697,39.9373],[-76.9677,39.9355],[-76.9646,39.9358],[-76.964,39.9449],[-76.9589,39.9482],[-76.958,39.9518],[-76.9562,39.9535],[-76.9527,39.953],[-76.9487,39.9489],[-76.944,39.9523],[-76.944,39.954],[-76.9457,39.9552],[-76.9589,39.9595],[-76.9611,39.9628],[-76.9369,39.9624],[-76.9327,39.967],[-76.8899,39.949],[-76.8347,39.9454],[-76.8286,39.9435],[-76.8356,39.9286],[-76.8357,39.9161],[-76.8318,39.8979],[-76.8272,39.8982],[-76.8193,39.8948],[-76.8132,39.8967],[-76.8142,39.9021],[-76.8125,39.9042],[-76.8079,39.9012],[-76.8008,39.9031],[-76.7976,39.9063],[-76.7968,39.9091],[-76.8026,39.914],[-76.7994,39.9186],[-76.7988,39.9219],[-76.7938,39.9222],[-76.79,39.9199],[-76.7843,39.9118],[-76.7804,39.9129],[-76.7794,39.9155],[-76.772,39.9177],[-76.7694,39.9198],[-76.7651,39.9199],[-76.7634,39.9188],[-76.7556,39.9227],[-76.7516,39.9232],[-76.7508,39.921],[-76.7488,39.9202],[-76.7476,39.9155],[-76.7487,39.9136],[-76.753,39.913],[-76.7571,39.9156],[-76.7613,39.9165],[-76.7642,39.9155],[-76.7638,39.913],[-76.7593,39.9114],[-76.7573,39.9085],[-76.7445,39.9035],[-76.7458,39.8976],[-76.7434,39.8961],[-76.7484,39.8923],[-76.7422,39.8896],[-76.7417,39.8872],[-76.7457,39.8873],[-76.7483,39.89],[-76.7543,39.8873],[-76.7588,39.8875],[-76.7602,39.8856],[-76.756,39.883],[-76.7565,39.882],[-76.7492,39.8745],[-76.7481,39.8708],[-76.7458,39.8704],[-76.7456,39.8693],[-76.7494,39.867],[-76.7544,39.8676],[-76.7584,39.8655],[-76.7529,39.8622],[-76.7606,39.8533],[-76.7608,39.8489],[-76.7648,39.8462],[-76.7667,39.8477],[-76.7737,39.8439],[-76.7722,39.8417],[-76.8111,39.8321],[-76.8437,39.8213],[-76.8421,39.8199],[-76.8375,39.8218],[-76.8351,39.8212],[-76.8303,39.8154],[-76.8392,39.81],[-76.8471,39.8092],[-76.8504,39.8147],[-76.8471,39.8166],[-76.8489,39.8194],[-76.8731,39.8105],[-76.8763,39.8136],[-76.8771,39.8165],[-76.8836,39.8062],[-76.886,39.805],[-76.8894,39.806],[-76.8951,39.8047],[-76.8982,39.8003],[-76.9043,39.7968],[-76.9053,39.7942],[-76.9121,39.7921],[-76.915,39.789],[-76.945,39.8111],[-76.9488,39.8164],[-76.9555,39.8287],[-76.9572,39.8557],[-76.9551,39.857],[-76.9622,39.8648],[-76.9636,39.874],[-76.9725,39.8729],[-76.9782,39.8818],[-76.9774,39.8853],[-76.9801,39.8866],[-76.9807,39.8895],[-76.9837,39.8936],[-76.9821,39.8974],[-76.9841,39.8995],[-76.9838,39.9021]]]}},{"type":"Feature","properties":{"geoid":"4224090","name":"Union City Area School District"},"geometry":{"type":"Polygon","coordinates":[[[-79.91,41.8507],[-79.8869,41.8507],[-79.8854,41.938],[-79.7617,41.9378],[-79.7613,41.8509],[-79.7625,41.8337],[-79.7703,41.8336],[-79.7714,41.7746],[-79.8283,41.7752],[-79.9101,41.7739],[-79.91,41.8507]]]}},{"type":"Feature","properties":{"geoid":"4215240","name":"Middletown Area School District"},"geometry":{"type":"Polygon","coordinates":[[[-76.8061,40.2006],[-76.8001,40.2082],[-76.7871,40.204],[-76.7868,40.2061],[-76.7728,40.2009],[-76.7718,40.2019],[-76.7693,40.2057],[-76.7821,40.209],[-76.7787,40.2121],[-76.7792,40.2147],[-76.786,40.2146],[-76.7859,40.2132],[-76.7965,40.2133],[-76.7959,40.2143],[-76.8018,40.2175],[-76.7871,40.2413],[-76.7716,40.2523],[-76.737,40.2512],[-76.7362,40.2499],[-76.7316,40.2502],[-76.7268,40.2558],[-76.7232,40.257],[-76.7169,40.2518],[-76.7176,40.2492],[-76.7235,40.2483],[-76.7271,40.2426],[-76.7256,40.235],[-76.7269,40.2261],[-76.7265,40.2209],[-76.7202,40.2119],[-76.7139,40.2057],[-76.7164,40.1992],[-76.7146,40.1948],[-76.7168,40.1927],[-76.7229,40.1916],[-76.7192,40.1881],[-76.728,40.1813],[-76.7331,40.185],[-76.7564,40.1771],[-76.774,40.1841],[-76.8006,40.2001],[-76.8061,40.2006]]]}},{"type":"Feature","properties":{"geoid":"4202340","name":"Altoona Area School District"},"geometry":{"type":"Polygon","coordinates":[[[-78.5304,40.5191],[-78.5227,40.5233],[-78.5182,40.5288],[-78.4976,40.5392],[-78.4861,40.5408],[-78.4791,40.5473],[-78.4539,40.5812],[-78.452,40.5861],[-78.4478,40.5917],[-78.3494,40.5521],[-78.3056,40.5529],[-78.3032,40.5598],[-78.302,40.5739],[-78.2819,40.5746],[-78.2706,40.5709],[-78.2712,40.5699],[-78.262,40.564],[-78.2633,40.5623],[-78.2555,40.5519],[-78.2489,40.5472],[-78.2628,40.5347],[-78.2904,40.5178],[-78.3173,40.5039],[-78.3221,40.5007],[-78.3247,40.4967],[-78.3311,40.4929],[-78.3448,40.4868],[-78.3544,40.4856],[-78.3893,40.4561],[-78.414,40.4644],[-78.4578,40.4854],[-78.509,40.4977],[-78.5372,40.5099],[-78.5304,40.5191]]]}},{"type":"Feature","properties":{"geoid":"4223010","name":"Susquehanna Township School District"},"geometry":{"type":"Polygon","coordinates":[[[-76.917,40.3124],[-76.9135,40.3175],[-76.9118,40.3226],[-76.9121,40.3255],[-76.9212,40.3364],[-76.9103,40.3431],[-76.9108,40.3456],[-76.9045,40.3465],[-76.8993,40.3443],[-76.9004,40.3457],[-76.8967,40.348],[-76.8894,40.3425],[-76.8876,40.3386],[-76.8549,40.3482],[-76.8189,40.2671],[-76.8369,40.2673],[-76.8383,40.2717],[-76.845,40.2732],[-76.8511,40.2732],[-76.8507,40.2719],[-76.8579,40.2711],[-76.8611,40.2779],[-76.867,40.2762],[-76.8694,40.2811],[-76.8761,40.2795],[-76.8781,40.2836],[-76.8807,40.2831],[-76.8821,40.2896],[-76.8805,40.2984],[-76.8771,40.3018],[-76.8791,40.3041],[-76.8781,40.3086],[-76.8804,40.3099],[-76.8823,40.3186],[-76.8809,40.3186],[-76.8811,40.321],[-76.8837,40.3213],[-76.8889,40.3262],[-76.8952,40.3258],[-76.8938,40.3221],[-76.8945,40.3058],[-76.8935,40.2998],[-76.9216,40.3027],[-76.917,40.3124]],[[-76.8567,40.2762],[-76.8538,40.2757],[-76.8547,40.2741],[-76.8404,40.2729],[-76.8426,40.2799],[-76.8442,40.2795],[-76.8453,40.2819],[-76.843,40.2849],[-76.8457,40.2848],[-76.8461,40.2833],[-76.8529,40.2827],[-76.8567,40.2762]]]}},{"type":"Feature","properties":{"geoid":"4222530","name":"Spring Cove School District"},"geometry":{"type":"Polygon","coordinates":[[[-78.5291,40.353],[-78.4557,40.4058],[-78.4175,40.3606],[-78.4103,40.3552],[-78.405,40.3622],[-78.3929,40.3738],[-78.386,40.3861],[-78.3808,40.3916],[-78.3765,40.3945],[-78.3717,40.3935],[-78.3689,40.3916],[-78.365,40.3861],[-78.3617,40.3789],[-78.3539,40.35],[-78.35,40.3457],[-78.3451,40.3436],[-78.3407,40.3434],[-78.3356,40.3451],[-78.3301,40.3493],[-78.3264,40.3545],[-78.3231,40.3636],[-78.3127,40.3835],[-78.2908,40.4181],[-78.1892,40.3955],[-78.204,40.3751],[-78.2142,40.3563],[-78.2309,40.3398],[-78.2501,40.3123],[-78.2741,40.2667],[-78.2854,40.2521],[-78.2888,40.2421],[-78.3067,40.2481],[-78.3239,40.2573],[-78.3735,40.2765],[-78.4343,40.3023],[-78.4314,40.3118],[-78.4201,40.3361],[-78.4468,40.3348],[-78.5391,40.3458],[-78.5291,40.353]]]}},{"type":"Feature","properties":{"geoid":"4202550","name":"Apollo-Ridge School District"},"geometry":{"type":"Polygon","coordinates":[[[-79.5707,40.5841],[-79.5645,40.5947],[-79.5517,40.6019],[-79.5506,40.6039],[-79.5452,40.6071],[-79.5239,40.6253],[-79.5209,40.6271],[-79.5178,40.6259],[-79.505,40.6337],[-79.5102,40.6352],[-79.495,40.6458],[-79.4728,40.6298],[-79.4437,40.624],[-79.441,40.6212],[-79.4351,40.6188],[-79.4285,40.6105],[-79.431,40.6098],[-79.4286,40.5848],[-79.4129,40.5683],[-79.3585,40.6245],[-79.3494,40.6199],[-79.3468,40.6166],[-79.3417,40.6148],[-79.3296,40.615],[-79.3196,40.6097],[-79.3148,40.6056],[-79.307,40.5928],[-79.3083,40.5897],[-79.2938,40.5756],[-79.2921,40.5645],[-79.2885,40.5621],[-79.288,40.5599],[-79.2844,40.5605],[-79.2767,40.5591],[-79.2836,40.5438],[-79.2854,40.5432],[-79.2826,40.5388],[-79.2852,40.5336],[-79.2841,40.5295],[-79.2876,40.5218],[-79.2996,40.5046],[-79.3754,40.5356],[-79.4266,40.5542],[-79.4502,40.5301],[-79.455,40.5341],[-79.4606,40.5343],[-79.4697,40.5326],[-79.4757,40.5295],[-79.4779,40.5315],[-79.4769,40.5358],[-79.4819,40.5369],[-79.4847,40.5343],[-79.4865,40.5274],[-79.4946,40.5249],[-79.4971,40.5253],[-79.4989,40.5322],[-79.5054,40.5359],[-79.5119,40.5427],[-79.521,40.5413],[-79.5262,40.5424],[-79.5362,40.5503],[-79.5607,40.5635],[-79.5707,40.5841]]]}},{"type":"Feature","properties":{"geoid":"4211520","name":"Harmony Area School District"},"geometry":{"type":"Polygon","coordinates":[[[-78.8168,40.7281],[-78.8158,40.7326],[-78.8063,40.7297],[-78.8065,40.8057],[-78.7959,40.802],[-78.7844,40.8063],[-78.7752,40.814],[-78.7814,40.8244],[-78.7881,40.8243],[-78.7943,40.82],[-78.7995,40.8209],[-78.8065,40.8173],[-78.8064,40.845],[-78.7791,40.8392],[-78.7774,40.8399],[-78.7835,40.8437],[-78.7846,40.8458],[-78.7411,40.8461],[-78.7411,40.8449],[-78.7309,40.8439],[-78.6957,40.8445],[-78.6956,40.8391],[-78.7056,40.8391],[-78.7057,40.8336],[-78.7159,40.8336],[-78.7158,40.817],[-78.7145,40.817],[-78.7144,40.8132],[-78.7059,40.8133],[-78.7057,40.8077],[-78.6885,40.8078],[-78.6885,40.8132],[-78.6784,40.8131],[-78.6805,40.8162],[-78.6823,40.8154],[-78.6834,40.8169],[-78.6848,40.8159],[-78.689,40.817],[-78.6895,40.8206],[-78.6956,40.8206],[-78.6956,40.8268],[-78.6944,40.8269],[-78.6944,40.8291],[-78.6753,40.8278],[-78.6753,40.8311],[-78.665,40.8227],[-78.6607,40.8258],[-78.6463,40.815],[-78.6277,40.8276],[-78.6152,40.8161],[-78.6089,40.8205],[-78.5659,40.7856],[-78.5897,40.7729],[-78.5744,40.7604],[-78.5954,40.7449],[-78.5848,40.736],[-78.5942,40.7296],[-78.5891,40.7249],[-78.6355,40.7231],[-78.8017,40.7246],[-78.7992,40.7171],[-78.816,40.7237],[-78.8168,40.7281]]]}},{"type":"Feature","properties":{"geoid":"4218780","name":"Penns Manor Area School District"},"geometry":{"type":"Polygon","coordinates":[[[-79.0891,40.6468],[-79.0698,40.6509],[-79.0655,40.6487],[-79.054,40.6504],[-79.0201,40.7057],[-79.0188,40.7095],[-78.9077,40.6407],[-78.9052,40.6403],[-78.886,40.6474],[-78.8815,40.6474],[-78.8657,40.643],[-78.8466,40.6356],[-78.8967,40.533],[-78.992,40.5751],[-79.0168,40.5785],[-79.0174,40.5777],[-79.0198,40.5788],[-79.0193,40.5799],[-79.0261,40.5796],[-79.0291,40.5774],[-79.0311,40.5794],[-79.0341,40.5797],[-79.0412,40.5783],[-79.0435,40.5788],[-79.0427,40.5798],[-79.0448,40.5799],[-79.0467,40.5817],[-79.047,40.5853],[-79.0537,40.5899],[-79.0561,40.5905],[-79.0599,40.5888],[-79.0707,40.5885],[-79.0752,40.5897],[-79.0765,40.5942],[-79.0788,40.5964],[-79.0855,40.5942],[-79.0886,40.5909],[-79.0891,40.6468]]]}},{"type":"Feature","properties":{"geoid":"4222740","name":"Tuscarora School District"},"geometry":{"type":"Polygon","coordinates":[[[-78.0991,39.7223],[-78.0693,39.7483],[-78.0629,39.7599],[-78.0531,39.7703],[-78.0365,39.792],[-78.0191,39.8071],[-78.0027,39.8266],[-77.9751,39.8718],[-77.969,39.8888],[-77.9651,39.8946],[-77.9647,39.8996],[-77.9627,39.9017],[-77.9588,39.9119],[-77.9564,39.915],[-77.9544,39.9232],[-77.9562,39.927],[-77.9532,39.9316],[-77.9473,39.9349],[-77.944,39.9406],[-77.9229,39.9412],[-77.9149,39.9437],[-77.8854,39.9464],[-77.883,39.956],[-77.8809,39.9573],[-77.8799,39.9624],[-77.8762,39.9686],[-77.8735,39.9767],[-77.8737,39.9825],[-77.8713,39.9902],[-77.8632,40.0009],[-77.822,39.9831],[-77.7759,39.9652],[-77.7611,39.9628],[-77.7544,39.9597],[-77.7468,39.9525],[-77.7435,39.9528],[-77.7386,39.9495],[-77.7418,39.9489],[-77.7393,39.946],[-77.7395,39.9437],[-77.7323,39.9371],[-77.734,39.9361],[-77.7345,39.9328],[-77.7381,39.9288],[-77.737,39.9229],[-77.7391,39.9197],[-77.7426,39.9194],[-77.7429,39.9166],[-77.7404,39.9118],[-77.7409,39.9082],[-77.7421,39.9059],[-77.7452,39.905],[-77.7463,39.9032],[-77.7447,39.897],[-77.7417,39.8951],[-77.7398,39.8895],[-77.7403,39.8867],[-77.7437,39.8803],[-77.7462,39.8797],[-77.7485,39.8779],[-77.7498,39.8745],[-77.7535,39.8736],[-77.7566,39.8703],[-77.7556,39.8582],[-77.7493,39.8561],[-77.749,39.8503],[-77.7507,39.8482],[-77.7533,39.8482],[-77.7581,39.8509],[-77.7596,39.8499],[-77.7642,39.851],[-77.7743,39.8482],[-77.7909,39.8468],[-77.8008,39.8474],[-77.8006,39.8423],[-77.7958,39.8407],[-77.791,39.8365],[-77.7886,39.836],[-77.7811,39.8301],[-77.7797,39.8269],[-77.7895,39.8241],[-77.7908,39.8225],[-77.7909,39.8195],[-77.7872,39.8173],[-77.7981,39.7996],[-77.8077,39.7788],[-77.8088,39.7703],[-77.8105,39.7668],[-77.8015,39.7609],[-77.7993,39.7579],[-77.8008,39.7519],[-77.7859,39.7458],[-77.7834,39.7439],[-77.7827,39.7413],[-77.7858,39.7393],[-77.7947,39.7418],[-77.8012,39.7408],[-77.8064,39.7387],[-77.8124,39.7318],[-77.8113,39.7292],[-77.8077,39.7267],[-77.8012,39.7259],[-77.79,39.7215],[-78.0991,39.7223]]]}},{"type":"Feature","properties":{"geoid":"4212630","name":"Juniata Valley School District"},"geometry":{"type":"Polygon","coordinates":[[[-78.1971,40.5584],[-78.1783,40.5838],[-78.1779,40.5879],[-78.1793,40.5927],[-78.1842,40.5953],[-78.1664,40.6181],[-78.1692,40.6204],[-78.1731,40.628],[-78.1759,40.6281],[-78.16,40.6441],[-78.1326,40.6422],[-78.0975,40.6219],[-78.0681,40.6441],[-78.0513,40.6541],[-77.9999,40.6747],[-77.9824,40.679],[-77.9466,40.6905],[-77.8943,40.7162],[-77.8891,40.6793],[-77.8833,40.6492],[-77.8719,40.6316],[-77.8626,40.6232],[-77.8935,40.61],[-77.97,40.5715],[-78.0,40.5511],[-78.027,40.5352],[-78.0261,40.5167],[-78.0556,40.4892],[-78.0939,40.4927],[-78.1083,40.4963],[-78.1298,40.4937],[-78.1296,40.4906],[-78.1317,40.4968],[-78.1339,40.4983],[-78.1356,40.4982],[-78.1489,40.4876],[-78.1519,40.4872],[-78.1534,40.4886],[-78.1536,40.4969],[-78.1505,40.5103],[-78.1492,40.5253],[-78.1473,40.5333],[-78.1399,40.5462],[-78.1394,40.5506],[-78.1327,40.5616],[-78.1324,40.5645],[-78.1286,40.568],[-78.133,40.5704],[-78.1362,40.5692],[-78.141,40.557],[-78.1451,40.5539],[-78.1451,40.5491],[-78.1499,40.546],[-78.149,40.5432],[-78.15,40.5414],[-78.1544,40.5408],[-78.1581,40.5378],[-78.1617,40.5372],[-78.1667,40.5315],[-78.1717,40.5344],[-78.1768,40.5345],[-78.1783,40.5376],[-78.1831,40.5427],[-78.1856,40.5437],[-78.1866,40.5477],[-78.1891,40.5512],[-78.1971,40.5584]]]}},{"type":"Feature","properties":{"geoid":"4225950","name":"Wyoming Valley West School District"},"geometry":{"type":"Polygon","coordinates":[[[-75.9673,41.2366],[-75.9632,41.2387],[-75.966,41.2401],[-75.9636,41.241],[-75.9647,41.242],[-75.9615,41.2445],[-75.9508,41.2466],[-75.9464,41.2455],[-75.9416,41.2482],[-75.9511,41.2585],[-75.95,41.2592],[-75.9607,41.2701],[-75.9203,41.2925],[-75.9168,41.2913],[-75.9104,41.294],[-75.9062,41.2892],[-75.9042,41.2997],[-75.899,41.2947],[-75.8922,41.2989],[-75.875,41.3152],[-75.8594,41.2993],[-75.8493,41.2942],[-75.8699,41.2834],[-75.8704,41.2795],[-75.8654,41.2686],[-75.8712,41.2612],[-75.8866,41.2508],[-75.8903,41.2545],[-75.8937,41.2526],[-75.8927,41.2517],[-75.8946,41.2503],[-75.8967,41.2517],[-75.9019,41.2479],[-75.9118,41.25],[-75.9247,41.2418],[-75.9291,41.2415],[-75.9364,41.2384],[-75.9475,41.2367],[-75.951,41.2349],[-75.9519,41.2357],[-75.9607,41.2304],[-75.9673,41.2366]]]}},{"type":"Feature","properties":{"geoid":"4222140","name":"South Williamsport Area School District"},"geometry":{"type":"Polygon","coordinates":[[[-77.1775,41.1941],[-77.1649,41.1992],[-77.1485,41.2225],[-77.1365,41.2292],[-77.1303,41.2291],[-77.0874,41.2199],[-77.0785,41.2188],[-77.0663,41.2196],[-77.0539,41.2223],[-77.0372,41.2285],[-77.0246,41.2281],[-77.0157,41.2296],[-77.0037,41.2344],[-76.9909,41.2415],[-76.9819,41.2447],[-76.9753,41.2454],[-76.9585,41.2422],[-76.937,41.2317],[-76.9268,41.2318],[-76.9148,41.2345],[-76.9068,41.2296],[-76.8938,41.2305],[-76.9145,41.2173],[-76.9233,41.2136],[-76.9328,41.212],[-76.9472,41.2131],[-76.9556,41.2113],[-76.9767,41.1921],[-76.9825,41.1883],[-77.0018,41.1798],[-77.0212,41.1756],[-77.0451,41.1667],[-77.0666,41.1488],[-77.0858,41.1931],[-77.0799,41.207],[-77.1126,41.202],[-77.1774,41.1891],[-77.1775,41.1941]]]}},{"type":"Feature","properties":{"geoid":"4207080","name":"Crawford Central School District"},"geometry":{"type":"Polygon","coordinates":[[[-80.272,41.6115],[-80.2708,41.6487],[-80.2722,41.6487],[-80.2717,41.6622],[-80.2527,41.662],[-80.2497,41.6632],[-80.2102,41.6618],[-80.21,41.67],[-80.1969,41.6702],[-80.1971,41.6629],[-80.1769,41.6674],[-80.1795,41.6717],[-80.1719,41.679],[-80.1723,41.6843],[-80.149,41.6793],[-80.1398,41.6793],[-80.1398,41.6742],[-80.1262,41.6743],[-80.1266,41.6688],[-80.0951,41.6692],[-80.0951,41.6656],[-80.0899,41.6675],[-80.0888,41.6664],[-80.0894,41.6638],[-80.0881,41.662],[-80.0948,41.6598],[-80.0954,41.599],[-80.0912,41.5914],[-80.0841,41.5829],[-80.0785,41.5787],[-80.0625,41.5787],[-80.0622,41.5818],[-79.9582,41.5827],[-79.9581,41.5863],[-79.8764,41.5863],[-79.8772,41.5742],[-79.8927,41.5741],[-79.8928,41.5622],[-79.9086,41.5622],[-79.9095,41.5501],[-79.9254,41.5502],[-79.9233,41.5376],[-79.9433,41.5378],[-79.9422,41.5253],[-79.9592,41.5254],[-79.9582,41.5136],[-79.9815,41.5129],[-79.9823,41.5001],[-79.9985,41.5009],[-79.9998,41.49],[-79.9998,41.4325],[-80.1014,41.4301],[-80.1013,41.487],[-80.1256,41.4863],[-80.1254,41.4804],[-80.1595,41.4811],[-80.1565,41.5379],[-80.1752,41.5449],[-80.1813,41.5445],[-80.187,41.5493],[-80.2016,41.5657],[-80.2151,41.5707],[-80.2203,41.5755],[-80.2508,41.5865],[-80.2726,41.5877],[-80.272,41.6115]]]}},{"type":"Feature","properties":{"geoid":"4212300","name":"Jamestown Area School District"},"geometry":{"type":"Polygon","coordinates":[[[-80.5193,41.5785],[-80.4,41.5761],[-80.3993,41.5677],[-80.3951,41.5675],[-80.3983,41.4862],[-80.3801,41.4859],[-80.3809,41.4438],[-80.519,41.4407],[-80.5193,41.5785]]]}},{"type":"Feature","properties":{"geoid":"4221420","name":"Sharpsville Area School District"},"geometry":{"type":"Polygon","coordinates":[[[-80.5193,41.3407],[-80.5192,41.361],[-80.4615,41.3609],[-80.4592,41.2949],[-80.4579,41.2963],[-80.4553,41.296],[-80.4427,41.2867],[-80.4358,41.2858],[-80.4326,41.286],[-80.4336,41.288],[-80.4323,41.2886],[-80.4326,41.2909],[-80.4252,41.2907],[-80.4216,41.2937],[-80.4086,41.2967],[-80.3942,41.2936],[-80.3875,41.2936],[-80.3869,41.2713],[-80.4581,41.2702],[-80.4588,41.2689],[-80.4697,41.2688],[-80.4723,41.266],[-80.4715,41.2641],[-80.4734,41.2633],[-80.469,41.2615],[-80.4676,41.2572],[-80.472,41.2571],[-80.4718,41.2499],[-80.4878,41.2498],[-80.4879,41.2567],[-80.4953,41.2566],[-80.4954,41.2546],[-80.5001,41.2544],[-80.4933,41.2636],[-80.484,41.2659],[-80.4801,41.2686],[-80.519,41.268],[-80.5193,41.3407]]]}},{"type":"Feature","properties":{"geoid":"4202040","name":"Abington School District"},"geometry":{"type":"Polygon","coordinates":[[[-75.1711,40.114],[-75.167,40.1182],[-75.1645,40.1182],[-75.1616,40.1207],[-75.1511,40.1316],[-75.1504,40.1341],[-75.133,40.1509],[-75.0583,40.1059],[-75.0778,40.0858],[-75.0825,40.0829],[-75.0967,40.069],[-75.1317,40.0893],[-75.1283,40.0907],[-75.1266,40.09],[-75.1254,40.0926],[-75.1231,40.0939],[-75.1212,40.0968],[-75.122,40.0979],[-75.1208,40.1013],[-75.1218,40.1023],[-75.1238,40.101],[-75.1257,40.1035],[-75.1259,40.1001],[-75.1315,40.1024],[-75.1376,40.098],[-75.1382,40.0941],[-75.1424,40.098],[-75.1508,40.1005],[-75.1686,40.1106],[-75.1705,40.1118],[-75.1711,40.114]]]}},{"type":"Feature","properties":{"geoid":"4205760","name":"Cheltenham School District"},"geometry":{"type":"Polygon","coordinates":[[[-75.1876,40.0917],[-75.1686,40.1106],[-75.1508,40.1005],[-75.1424,40.098],[-75.1375,40.0928],[-75.0874,40.0636],[-75.0935,40.0572],[-75.1079,40.0482],[-75.1094,40.0458],[-75.1876,40.0917]]]}},{"type":"Feature","properties":{"geoid":"4214190","name":"Lower Moreland Township School District"},"geometry":{"type":"Polygon","coordinates":[[[-75.0925,40.1306],[-75.0844,40.1342],[-75.0797,40.1391],[-75.0756,40.1399],[-75.0742,40.1396],[-75.0747,40.1358],[-75.0703,40.1336],[-75.0722,40.128],[-75.0704,40.1263],[-75.0671,40.1284],[-75.0649,40.1265],[-75.0658,40.1288],[-75.0619,40.1308],[-75.0547,40.1252],[-75.0484,40.1302],[-75.0499,40.1312],[-75.0455,40.1312],[-75.0539,40.136],[-75.0472,40.1426],[-75.0513,40.1451],[-75.0543,40.1422],[-75.0567,40.1434],[-75.0606,40.1429],[-75.0612,40.1391],[-75.0671,40.1414],[-75.0663,40.1422],[-75.0686,40.1435],[-75.068,40.1447],[-75.0728,40.1478],[-75.0713,40.1492],[-75.0694,40.148],[-75.0682,40.1492],[-75.0735,40.1524],[-75.0745,40.1519],[-75.0724,40.1575],[-75.0669,40.1617],[-75.0601,40.1648],[-75.0151,40.138],[-75.0206,40.1323],[-75.0583,40.1059],[-75.0949,40.1281],[-75.0925,40.1306]]]}},{"type":"Feature","properties":{"geoid":"4218930","name":"Perkiomen Valley School District"},"geometry":{"type":"Polygon","coordinates":[[[-75.5174,40.2728],[-75.4719,40.3144],[-75.4676,40.3139],[-75.4659,40.3117],[-75.4663,40.3025],[-75.4597,40.3038],[-75.4579,40.3036],[-75.4567,40.3018],[-75.4571,40.2963],[-75.4551,40.2881],[-75.4563,40.2807],[-75.4542,40.276],[-75.4584,40.2713],[-75.4653,40.268],[-75.4625,40.2626],[-75.4592,40.2651],[-75.4223,40.2444],[-75.4202,40.2465],[-75.3695,40.2169],[-75.4107,40.1761],[-75.4498,40.2001],[-75.4502,40.1954],[-75.4474,40.1821],[-75.4481,40.1781],[-75.4513,40.1733],[-75.459,40.1778],[-75.4604,40.1765],[-75.496,40.1975],[-75.4908,40.2025],[-75.4854,40.2041],[-75.4703,40.2128],[-75.4901,40.2245],[-75.4706,40.2446],[-75.5195,40.2715],[-75.5174,40.2728]]]}},{"type":"Feature","properties":{"geoid":"4224480","name":"Upper Merion Area School District"},"geometry":{"type":"Polygon","coordinates":[[[-75.4626,40.1],[-75.4617,40.103],[-75.4438,40.109],[-75.4334,40.1103],[-75.4243,40.1079],[-75.4165,40.1079],[-75.3909,40.1178],[-75.3779,40.1179],[-75.3508,40.1094],[-75.3475,40.1095],[-75.3469,40.1111],[-75.3269,40.1052],[-75.3247,40.1031],[-75.3214,40.0978],[-75.3201,40.0817],[-75.3157,40.0746],[-75.3056,40.069],[-75.3062,40.0653],[-75.3102,40.0637],[-75.311,40.0651],[-75.315,40.0648],[-75.3232,40.0618],[-75.3258,40.0654],[-75.3318,40.0638],[-75.3381,40.0605],[-75.3437,40.0555],[-75.3495,40.0529],[-75.3568,40.0631],[-75.3601,40.0662],[-75.3611,40.0655],[-75.3667,40.0724],[-75.3926,40.061],[-75.4201,40.0972],[-75.4379,40.0896],[-75.4407,40.0943],[-75.4562,40.0878],[-75.4566,40.0939],[-75.4629,40.0973],[-75.4626,40.1]]]}},{"type":"Feature","properties":{"geoid":"4216380","name":"Nazareth Area School District"},"geometry":{"type":"Polygon","coordinates":[[[-75.3834,40.738],[-75.349,40.7418],[-75.3612,40.766],[-75.3684,40.7898],[-75.3646,40.7968],[-75.3736,40.8343],[-75.3398,40.8459],[-75.3209,40.8557],[-75.3161,40.8566],[-75.2793,40.7752],[-75.2761,40.7585],[-75.2709,40.7604],[-75.2721,40.7644],[-75.2702,40.7645],[-75.2699,40.7625],[-75.2682,40.762],[-75.2655,40.7581],[-75.2505,40.7604],[-75.2491,40.7523],[-75.2528,40.7533],[-75.2537,40.7468],[-75.2548,40.747],[-75.2505,40.7465],[-75.2494,40.7419],[-75.2465,40.7403],[-75.2468,40.7375],[-75.2537,40.737],[-75.2535,40.7354],[-75.2637,40.7345],[-75.2642,40.7374],[-75.2612,40.738],[-75.264,40.7457],[-75.2581,40.7464],[-75.2576,40.7477],[-75.2741,40.7502],[-75.2733,40.7535],[-75.2751,40.7545],[-75.2736,40.744],[-75.2848,40.7432],[-75.2795,40.708],[-75.2798,40.7033],[-75.2789,40.7034],[-75.2779,40.6979],[-75.2757,40.698],[-75.2778,40.6976],[-75.277,40.6924],[-75.3748,40.6814],[-75.3834,40.738]]]}},{"type":"Feature","properties":{"geoid":"4208850","name":"Easton Area School District"},"geometry":{"type":"MultiPolygon","coordinates":[[[[-75.1918,40.7974],[-75.1815,40.8025],[-75.1757,40.803],[-75.174,40.8003],[-75.1681,40.8021],[-75.1696,40.8002],[-75.1646,40.7973],[-75.1691,40.7903],[-75.169,40.7886],[-75.1665,40.7867],[-75.1591,40.7886],[-75.1538,40.7854],[-75.1506,40.785],[-75.1454,40.7867],[-75.142,40.7792],[-75.1426,40.7762],[-75.1411,40.7759],[-75.1413,40.7739],[-75.1637,40.7784],[-75.1716,40.7777],[-75.175,40.7738],[-75.1912,40.7771],[-75.1917,40.7842],[-75.1891,40.7916],[-75.1923,40.7932],[-75.1918,40.7974]]],[[[-75.1946,40.7639],[-75.1897,40.7617],[-75.1833,40.7626],[-75.1816,40.7603],[-75.1904,40.7564],[-75.1971,40.7631],[-75.1946,40.7639]]],[[[-75.2848,40.7432],[-75.2736,40.744],[-75.2751,40.7545],[-75.2733,40.7535],[-75.2741,40.7502],[-75.2576,40.7477],[-75.2581,40.7464],[-75.264,40.7457],[-75.2612,40.738],[-75.2642,40.7374],[-75.2637,40.7345],[-75.2535,40.7354],[-75.2537,40.737],[-75.2468,40.7375],[-75.2465,40.7403],[-75.2494,40.7419],[-75.2505,40.7465],[-75.2548,40.747],[-75.2537,40.7468],[-75.2528,40.7533],[-75.2491,40.7523],[-75.2502,40.7591],[-75.2369,40.7656],[-75.2199,40.7785],[-75.218,40.7694],[-75.1953,40.7527],[-75.1969,40.7501],[-75.1953,40.7455],[-75.1858,40.7373],[-75.1821,40.7315],[-75.1856,40.7264],[-75.1864,40.7203],[-75.1944,40.714],[-75.2039,40.6915],[-75.2009,40.6855],[-75.1969,40.6813],[-75.1902,40.6794],[-75.1904,40.6783],[-75.1941,40.6756],[-75.197,40.6758],[-75.1944,40.6767],[-75.1945,40.6793],[-75.1994,40.6765],[-75.1993,40.6754],[-75.2095,40.6745],[-75.2091,40.6724],[-75.2115,40.6724],[-75.2119,40.6742],[-75.2154,40.674],[-75.2167,40.6718],[-75.2216,40.6715],[-75.2219,40.6733],[-75.2274,40.6728],[-75.2312,40.671],[-75.2318,40.6728],[-75.2368,40.6662],[-75.2373,40.6629],[-75.2508,40.6513],[-75.2673,40.6455],[-75.2709,40.6428],[-75.2822,40.6411],[-75.2837,40.6422],[-75.2701,40.6462],[-75.2778,40.6976],[-75.2757,40.698],[-75.2779,40.6979],[-75.2789,40.7034],[-75.2798,40.7033],[-75.2795,40.708],[-75.2848,40.7432]],[[-75.2518,40.6864],[-75.2475,40.681],[-75.2465,40.6704],[-75.24,40.6672],[-75.2394,40.6648],[-75.2307,40.6782],[-75.2334,40.7024],[-75.2385,40.6981],[-75.2391,40.6924],[-75.2429,40.6915],[-75.2434,40.6939],[-75.2489,40.6878],[-75.2524,40.6871],[-75.2518,40.6864]]]]}},{"type":"Feature","properties":{"geoid":"4217280","name":"North Penn School District"},"geometry":{"type":"Polygon","coordinates":[[[-75.3772,40.2345],[-75.3384,40.2725],[-75.336,40.2731],[-75.2998,40.3078],[-75.2678,40.2889],[-75.2665,40.2903],[-75.2653,40.2889],[-75.2631,40.291],[-75.2606,40.2901],[-75.2585,40.2888],[-75.2593,40.2866],[-75.2573,40.2825],[-75.1876,40.2415],[-75.2055,40.2238],[-75.2089,40.2258],[-75.2268,40.2074],[-75.2455,40.2187],[-75.2793,40.1857],[-75.3558,40.2292],[-75.3695,40.2169],[-75.3858,40.2264],[-75.3772,40.2345]]]}},{"type":"Feature","properties":{"geoid":"4219890","name":"Quakertown Community School District"},"geometry":{"type":"Polygon","coordinates":[[[-75.4841,40.4185],[-75.4088,40.4886],[-75.3945,40.4799],[-75.3808,40.4815],[-75.3811,40.4864],[-75.2968,40.4939],[-75.2298,40.5171],[-75.2189,40.5137],[-75.2109,40.5057],[-75.2079,40.5045],[-75.2001,40.4953],[-75.1925,40.491],[-75.1903,40.487],[-75.1882,40.4769],[-75.1846,40.4733],[-75.1885,40.4719],[-75.1895,40.474],[-75.194,40.4753],[-75.1943,40.4719],[-75.2,40.4716],[-75.2015,40.4691],[-75.2162,40.4698],[-75.2184,40.4679],[-75.2188,40.4646],[-75.2266,40.4644],[-75.2291,40.4628],[-75.2303,40.4586],[-75.2342,40.4545],[-75.2334,40.451],[-75.2381,40.4498],[-75.2408,40.4417],[-75.254,40.435],[-75.2551,40.4327],[-75.2538,40.4304],[-75.2556,40.4291],[-75.2614,40.4324],[-75.2658,40.4367],[-75.2679,40.4411],[-75.2703,40.4417],[-75.2725,40.4459],[-75.274,40.4533],[-75.2759,40.4553],[-75.2783,40.455],[-75.2829,40.4509],[-75.2881,40.4502],[-75.2912,40.4419],[-75.2931,40.4422],[-75.2989,40.4394],[-75.2941,40.411],[-75.3486,40.4053],[-75.3475,40.3988],[-75.3796,40.3965],[-75.3819,40.3942],[-75.3834,40.395],[-75.3849,40.3912],[-75.3906,40.3844],[-75.3907,40.3824],[-75.3918,40.3825],[-75.3923,40.3805],[-75.3939,40.3807],[-75.394,40.3783],[-75.402,40.3799],[-75.4041,40.3748],[-75.4115,40.3751],[-75.4841,40.4185]]]}},{"type":"Feature","properties":{"geoid":"4210440","name":"Freeport Area School District"},"geometry":{"type":"Polygon","coordinates":[[[-79.7853,40.711],[-79.7845,40.7425],[-79.6933,40.7414],[-79.6929,40.7733],[-79.6427,40.7728],[-79.5873,40.7458],[-79.5875,40.7354],[-79.5816,40.7268],[-79.5789,40.7152],[-79.5809,40.7091],[-79.585,40.7041],[-79.6005,40.7025],[-79.6181,40.6943],[-79.6381,40.6906],[-79.6482,40.6948],[-79.6568,40.6941],[-79.664,40.6891],[-79.6684,40.68],[-79.6778,40.6729],[-79.6929,40.6696],[-79.7291,40.6693],[-79.7864,40.6713],[-79.7853,40.711]]]}},{"type":"Feature","properties":{"geoid":"4216290","name":"Greater Nanticoke Area School District"},"geometry":{"type":"Polygon","coordinates":[[[-76.1463,41.1458],[-76.1453,41.1534],[-76.1426,41.1593],[-76.1258,41.1712],[-76.1122,41.1765],[-76.0934,41.1818],[-76.0768,41.1967],[-76.0604,41.2046],[-76.0458,41.2089],[-76.0399,41.2123],[-76.0769,41.2502],[-76.0471,41.2668],[-76.045,41.2628],[-76.0341,41.263],[-76.0231,41.2575],[-76.0092,41.2434],[-75.9607,41.2701],[-75.95,41.2592],[-75.9511,41.2585],[-75.9416,41.2482],[-75.9464,41.2455],[-75.9508,41.2466],[-75.9583,41.2455],[-75.9615,41.2445],[-75.9647,41.242],[-75.9636,41.241],[-75.966,41.2401],[-75.9632,41.2387],[-75.9673,41.2366],[-75.9607,41.2304],[-75.9519,41.2357],[-75.951,41.2349],[-75.9539,41.232],[-75.9572,41.2219],[-75.9669,41.2164],[-75.9766,41.2136],[-75.9928,41.2149],[-75.9757,41.1864],[-75.9926,41.184],[-75.9969,41.1849],[-75.9872,41.1673],[-76.0085,41.1652],[-76.0393,41.153],[-76.0439,41.1597],[-76.0558,41.155],[-76.0906,41.1485],[-76.0639,41.1084],[-76.1173,41.0815],[-76.1263,41.0697],[-76.1292,41.0693],[-76.1363,41.0737],[-76.1307,41.0773],[-76.1297,41.0799],[-76.1295,41.0912],[-76.1277,41.099],[-76.1298,41.1091],[-76.1345,41.1177],[-76.1361,41.125],[-76.1429,41.13],[-76.1437,41.1383],[-76.1463,41.1458]]]}},{"type":"Feature","properties":{"geoid":"4218510","name":"Parkland School District"},"geometry":{"type":"Polygon","coordinates":[[[-75.6943,40.5511],[-75.6203,40.6207],[-75.6326,40.67],[-75.6354,40.6704],[-75.6331,40.6718],[-75.6386,40.6797],[-75.6051,40.7021],[-75.5806,40.7347],[-75.574,40.7347],[-75.5706,40.7325],[-75.5678,40.7259],[-75.5582,40.7209],[-75.551,40.7221],[-75.5443,40.7251],[-75.5418,40.7279],[-75.5403,40.7361],[-75.5374,40.7376],[-75.5301,40.7363],[-75.5272,40.7341],[-75.5255,40.7201],[-75.5156,40.7022],[-75.5475,40.691],[-75.5353,40.6613],[-75.4947,40.6164],[-75.5009,40.6184],[-75.4987,40.6138],[-75.5065,40.6162],[-75.5061,40.6128],[-75.5133,40.6108],[-75.5126,40.6092],[-75.5298,40.6044],[-75.5285,40.6002],[-75.5249,40.6002],[-75.5225,40.595],[-75.524,40.5947],[-75.5255,40.5921],[-75.5241,40.5934],[-75.5223,40.5898],[-75.5249,40.5893],[-75.5245,40.5878],[-75.5215,40.5884],[-75.5233,40.5853],[-75.5219,40.5811],[-75.514,40.5861],[-75.517,40.5837],[-75.5113,40.5825],[-75.5303,40.5654],[-75.5514,40.5788],[-75.6415,40.5177],[-75.6943,40.5511]]]}},{"type":"Feature","properties":{"geoid":"4221930","name":"South Butler County School District"},"geometry":{"type":"Polygon","coordinates":[[[-79.9701,40.8164],[-79.6921,40.8134],[-79.6933,40.7414],[-79.7845,40.7425],[-79.7864,40.6713],[-79.8771,40.6724],[-79.8762,40.7436],[-79.9677,40.7448],[-79.9701,40.8164]]]}},{"type":"Feature","properties":{"geoid":"4218960","name":"Peters Township School District"},"geometry":{"type":"Polygon","coordinates":[[[-80.1413,40.2614],[-80.138,40.2627],[-80.1381,40.266],[-80.134,40.2649],[-80.1312,40.2668],[-80.1311,40.2696],[-80.1388,40.2747],[-80.1379,40.2786],[-80.14,40.2804],[-80.1396,40.282],[-80.129,40.2865],[-80.1306,40.2923],[-80.1287,40.2958],[-80.1363,40.3002],[-80.1361,40.3025],[-80.1325,40.3031],[-80.1272,40.2994],[-80.1215,40.3029],[-80.1155,40.2992],[-80.1122,40.3033],[-80.1163,40.3073],[-80.1173,40.3101],[-80.1163,40.3127],[-80.0337,40.2877],[-80.0333,40.2769],[-80.0233,40.2623],[-80.017,40.2649],[-80.0135,40.2633],[-80.0116,40.2598],[-80.0186,40.2574],[-80.0162,40.2492],[-80.019,40.2463],[-80.0258,40.2464],[-80.0336,40.2439],[-80.0419,40.2466],[-80.0473,40.2438],[-80.063,40.2428],[-80.0705,40.2488],[-80.0754,40.2498],[-80.0805,40.2481],[-80.0834,40.249],[-80.0867,40.2524],[-80.0905,40.2534],[-80.0896,40.2544],[-80.0917,40.2541],[-80.1003,40.2574],[-80.1109,40.2564],[-80.1157,40.2546],[-80.115,40.2539],[-80.1184,40.251],[-80.1288,40.255],[-80.1337,40.2594],[-80.1413,40.2614]]]}},{"type":"Feature","properties":{"geoid":"4216410","name":"Neshaminy School District"},"geometry":{"type":"Polygon","coordinates":[[[-75.0293,40.1465],[-75.009,40.1666],[-74.9988,40.1715],[-74.9838,40.1632],[-74.9761,40.1674],[-74.968,40.1738],[-74.9566,40.1783],[-74.9571,40.1792],[-74.9554,40.18],[-74.9504,40.1779],[-74.9226,40.1862],[-74.9257,40.1894],[-74.934,40.189],[-74.942,40.1942],[-74.9404,40.2074],[-74.9406,40.209],[-74.9444,40.2115],[-74.9433,40.2142],[-74.918,40.2207],[-74.9106,40.222],[-74.9025,40.2213],[-74.8876,40.2247],[-74.8767,40.2],[-74.8744,40.2005],[-74.8711,40.193],[-74.8694,40.1927],[-74.8694,40.1839],[-74.8712,40.1751],[-74.8688,40.1658],[-74.8701,40.1645],[-74.8645,40.1601],[-74.8617,40.1593],[-74.8621,40.1568],[-74.8554,40.1542],[-74.8882,40.1321],[-74.8985,40.1322],[-74.9052,40.1389],[-74.9096,40.1416],[-74.914,40.1422],[-74.9244,40.151],[-74.9313,40.1535],[-74.9343,40.1533],[-74.9434,40.1481],[-74.9517,40.1457],[-74.9579,40.1461],[-74.9575,40.148],[-74.9709,40.1558],[-74.9979,40.1278],[-75.0293,40.1465]]]}},{"type":"Feature","properties":{"geoid":"4226130","name":"Westmont Hilltop School District"},"geometry":{"type":"Polygon","coordinates":[[[-79.0548,40.2894],[-79.051,40.2908],[-79.045,40.2996],[-79.0376,40.307],[-79.0364,40.3111],[-79.0373,40.3134],[-79.0002,40.316],[-78.979,40.3198],[-78.974,40.3247],[-78.9645,40.327],[-78.9615,40.3205],[-78.9557,40.3205],[-78.953,40.3242],[-78.9469,40.325],[-78.9415,40.329],[-78.9415,40.3264],[-78.9387,40.3266],[-78.9366,40.3237],[-78.9388,40.3219],[-78.9449,40.3207],[-78.9365,40.3212],[-78.9344,40.3251],[-78.937,40.3284],[-78.9306,40.3306],[-78.9323,40.3327],[-78.9271,40.3353],[-78.9264,40.3319],[-78.9284,40.3319],[-78.9291,40.3286],[-78.9281,40.3239],[-78.9244,40.3175],[-78.9232,40.3179],[-78.922,40.3143],[-78.9186,40.3147],[-78.9159,40.3133],[-78.9193,40.307],[-78.9266,40.3053],[-78.9275,40.3061],[-78.9338,40.2983],[-78.9305,40.2966],[-78.927,40.297],[-78.927,40.2931],[-78.9285,40.2937],[-78.9297,40.2916],[-78.9242,40.2904],[-78.9231,40.2891],[-78.9271,40.2847],[-79.0561,40.2849],[-79.0548,40.2894]]]}},{"type":"Feature","properties":{"geoid":"4215510","name":"Minersville Area School District"},"geometry":{"type":"Polygon","coordinates":[[[-76.42,40.6791],[-76.3628,40.7215],[-76.3534,40.7308],[-76.3271,40.7235],[-76.2689,40.762],[-76.2477,40.7221],[-76.2464,40.7158],[-76.2473,40.7126],[-76.2462,40.7094],[-76.2516,40.7016],[-76.2504,40.6997],[-76.2508,40.6954],[-76.2542,40.6944],[-76.2546,40.6932],[-76.2518,40.6918],[-76.2463,40.6931],[-76.2448,40.6912],[-76.2512,40.6891],[-76.2515,40.6855],[-76.2537,40.6847],[-76.2534,40.6833],[-76.2554,40.6877],[-76.2567,40.687],[-76.2542,40.6842],[-76.2548,40.6815],[-76.2486,40.6815],[-76.2494,40.6778],[-76.243,40.6738],[-76.2359,40.6737],[-76.2356,40.6643],[-76.2341,40.6619],[-76.2296,40.6603],[-76.2256,40.6557],[-76.2442,40.6478],[-76.2426,40.6455],[-76.2821,40.6289],[-76.2985,40.6224],[-76.3089,40.6202],[-76.314,40.6172],[-76.3355,40.611],[-76.3806,40.6376],[-76.3597,40.6454],[-76.3634,40.6503],[-76.374,40.6713],[-76.3941,40.6651],[-76.42,40.6791]]]}},{"type":"Feature","properties":{"geoid":"4207650","name":"Donegal School District"},"geometry":{"type":"Polygon","coordinates":[[[-76.63,40.0619],[-76.6084,40.0945],[-76.5977,40.1048],[-76.5797,40.1143],[-76.5788,40.1169],[-76.5699,40.1201],[-76.5448,40.1212],[-76.5649,40.1287],[-76.5632,40.1316],[-76.5632,40.1353],[-76.5616,40.1384],[-76.5511,40.149],[-76.5502,40.1575],[-76.542,40.1583],[-76.5323,40.166],[-76.5218,40.1708],[-76.5169,40.1685],[-76.5166,40.1649],[-76.5181,40.1635],[-76.5153,40.1612],[-76.5162,40.1603],[-76.5151,40.1596],[-76.5157,40.1576],[-76.5102,40.1581],[-76.5068,40.1568],[-76.5004,40.1591],[-76.4995,40.1576],[-76.4972,40.1459],[-76.5016,40.1403],[-76.5054,40.1411],[-76.5048,40.1336],[-76.4982,40.134],[-76.496,40.1318],[-76.5013,40.1306],[-76.4998,40.1257],[-76.5016,40.1242],[-76.4992,40.1189],[-76.5024,40.1175],[-76.4956,40.1142],[-76.4928,40.1165],[-76.4888,40.1125],[-76.4839,40.1121],[-76.484,40.1094],[-76.4778,40.11],[-76.4776,40.1131],[-76.4756,40.1138],[-76.4686,40.1128],[-76.4683,40.1112],[-76.4703,40.1105],[-76.4615,40.111],[-76.4587,40.108],[-76.4901,40.1081],[-76.4922,40.1036],[-76.4917,40.1016],[-76.4938,40.0992],[-76.4964,40.0984],[-76.4971,40.0963],[-76.5009,40.0972],[-76.5013,40.0962],[-76.4966,40.0926],[-76.4975,40.0915],[-76.5021,40.0922],[-76.5,40.0904],[-76.5006,40.0885],[-76.5049,40.0901],[-76.5054,40.0882],[-76.5032,40.0877],[-76.501,40.084],[-76.5031,40.0803],[-76.5132,40.0769],[-76.5112,40.0744],[-76.5163,40.0736],[-76.5197,40.0759],[-76.5203,40.0777],[-76.5217,40.0777],[-76.5222,40.0765],[-76.5187,40.0721],[-76.5184,40.0687],[-76.5151,40.0638],[-76.5181,40.0606],[-76.5186,40.0581],[-76.5174,40.0562],[-76.5213,40.0545],[-76.527,40.0553],[-76.5339,40.0508],[-76.5415,40.051],[-76.5558,40.0464],[-76.5712,40.0457],[-76.5958,40.0515],[-76.633,40.0574],[-76.63,40.0619]]]}},{"type":"Feature","properties":{"geoid":"4224960","name":"Warwick School District"},"geometry":{"type":"Polygon","coordinates":[[[-76.3505,40.2497],[-76.3077,40.255],[-76.284,40.2644],[-76.2787,40.2638],[-76.2811,40.258],[-76.2807,40.2525],[-76.2821,40.2496],[-76.2815,40.2452],[-76.2825,40.2418],[-76.2803,40.2342],[-76.2759,40.2271],[-76.2692,40.2272],[-76.2659,40.2255],[-76.2657,40.2242],[-76.2574,40.2198],[-76.2559,40.2157],[-76.2602,40.2067],[-76.2599,40.2039],[-76.2636,40.1952],[-76.2667,40.1931],[-76.2673,40.1885],[-76.2637,40.188],[-76.2638,40.1855],[-76.2661,40.1829],[-76.2607,40.1821],[-76.2606,40.1806],[-76.2584,40.1795],[-76.2597,40.1777],[-76.2582,40.1749],[-76.2539,40.1744],[-76.2551,40.1711],[-76.2505,40.171],[-76.2483,40.1684],[-76.2439,40.1689],[-76.244,40.1666],[-76.2425,40.1653],[-76.2348,40.1651],[-76.2356,40.1621],[-76.2343,40.1614],[-76.2296,40.1615],[-76.2239,40.1594],[-76.2288,40.1546],[-76.2271,40.1514],[-76.2178,40.1458],[-76.2157,40.142],[-76.2215,40.1413],[-76.2225,40.1392],[-76.2251,40.1395],[-76.2293,40.1367],[-76.2313,40.1341],[-76.2302,40.132],[-76.2375,40.1236],[-76.2373,40.1214],[-76.2313,40.1167],[-76.2266,40.1151],[-76.2405,40.1168],[-76.258,40.1261],[-76.2832,40.1295],[-76.3051,40.1262],[-76.336,40.1271],[-76.3311,40.139],[-76.3322,40.1485],[-76.331,40.1578],[-76.3333,40.1578],[-76.3339,40.159],[-76.3308,40.1589],[-76.3283,40.1787],[-76.327,40.1837],[-76.3254,40.1834],[-76.3246,40.1858],[-76.3253,40.1885],[-76.34,40.1996],[-76.3488,40.2039],[-76.3486,40.2092],[-76.3455,40.2144],[-76.3481,40.2267],[-76.3505,40.2497]]]}},{"type":"Feature","properties":{"geoid":"4202280","name":"Allentown City School District"},"geometry":{"type":"Polygon","coordinates":[[[-75.5298,40.6044],[-75.5126,40.6092],[-75.5133,40.6108],[-75.5061,40.6128],[-75.5065,40.6162],[-75.4987,40.6138],[-75.5009,40.6184],[-75.4885,40.6153],[-75.4871,40.6122],[-75.4766,40.6181],[-75.4799,40.6222],[-75.4883,40.6246],[-75.487,40.625],[-75.4769,40.6231],[-75.4757,40.6195],[-75.4741,40.619],[-75.4642,40.6191],[-75.4673,40.6224],[-75.4595,40.624],[-75.4626,40.6285],[-75.4237,40.6359],[-75.4221,40.6343],[-75.4196,40.6161],[-75.4222,40.6151],[-75.4278,40.6072],[-75.4418,40.5999],[-75.4403,40.5958],[-75.4367,40.5965],[-75.4361,40.5925],[-75.4383,40.592],[-75.4378,40.5886],[-75.4436,40.5882],[-75.4434,40.5866],[-75.4502,40.5861],[-75.4495,40.5817],[-75.4478,40.5816],[-75.4464,40.5771],[-75.4459,40.5733],[-75.4472,40.5724],[-75.4459,40.5713],[-75.4481,40.5718],[-75.4542,40.5677],[-75.4596,40.5738],[-75.4627,40.5724],[-75.4579,40.5651],[-75.4752,40.5534],[-75.4877,40.5588],[-75.489,40.5568],[-75.4982,40.5595],[-75.4983,40.5614],[-75.5015,40.5618],[-75.4986,40.5639],[-75.4988,40.5678],[-75.5112,40.5636],[-75.5057,40.5587],[-75.5075,40.5563],[-75.5016,40.5559],[-75.4982,40.5533],[-75.4994,40.5511],[-75.5018,40.5501],[-75.5049,40.5526],[-75.5032,40.5542],[-75.5081,40.556],[-75.5094,40.5571],[-75.5085,40.558],[-75.5134,40.5612],[-75.5138,40.5626],[-75.5167,40.5624],[-75.5143,40.5653],[-75.4998,40.5699],[-75.4991,40.5748],[-75.4952,40.5799],[-75.4881,40.5815],[-75.4847,40.5842],[-75.4849,40.5862],[-75.4893,40.5871],[-75.4903,40.5888],[-75.4969,40.5875],[-75.5012,40.5843],[-75.5113,40.5825],[-75.517,40.5837],[-75.514,40.5861],[-75.5219,40.5811],[-75.5233,40.5853],[-75.5215,40.5884],[-75.5245,40.5878],[-75.5249,40.5893],[-75.5223,40.5898],[-75.5241,40.5934],[-75.5255,40.5921],[-75.524,40.5947],[-75.5225,40.595],[-75.5249,40.6002],[-75.5285,40.6002],[-75.5298,40.6044]]]}},{"type":"Feature","properties":{"geoid":"4226250","name":"Whitehall-Coplay School District"},"geometry":{"type":"Polygon","coordinates":[[[-75.5475,40.691],[-75.5156,40.7022],[-75.5085,40.693],[-75.5031,40.6897],[-75.498,40.6792],[-75.4894,40.6761],[-75.485,40.6715],[-75.4836,40.6669],[-75.4839,40.6596],[-75.4815,40.6557],[-75.4727,40.6477],[-75.4668,40.6454],[-75.4639,40.6419],[-75.4652,40.6324],[-75.4595,40.624],[-75.4673,40.6224],[-75.4642,40.6191],[-75.4741,40.619],[-75.4757,40.6195],[-75.4769,40.6231],[-75.487,40.625],[-75.4883,40.6246],[-75.4799,40.6222],[-75.4766,40.6181],[-75.4871,40.6122],[-75.4885,40.6153],[-75.4947,40.6164],[-75.5353,40.6613],[-75.5475,40.691]]]}},{"type":"Feature","properties":{"geoid":"4224970","name":"Wayne Highlands School District"},"geometry":{"type":"Polygon","coordinates":[[[-75.4831,41.9993],[-75.3596,41.9994],[-75.3466,41.9953],[-75.3411,41.9928],[-75.3376,41.9867],[-75.3422,41.9729],[-75.3395,41.9708],[-75.3293,41.9682],[-75.3224,41.9617],[-75.32,41.9609],[-75.3182,41.9542],[-75.3104,41.949],[-75.3017,41.9484],[-75.3016,41.9528],[-75.3004,41.9539],[-75.2937,41.9546],[-75.2914,41.9525],[-75.2918,41.9471],[-75.2894,41.9429],[-75.2791,41.9389],[-75.2772,41.9336],[-75.2766,41.9222],[-75.2676,41.9071],[-75.2678,41.902],[-75.2728,41.8971],[-75.2713,41.8874],[-75.2606,41.8838],[-75.2576,41.8771],[-75.2638,41.8708],[-75.2628,41.8662],[-75.2605,41.8638],[-75.2578,41.8622],[-75.2512,41.862],[-75.2411,41.8671],[-75.2316,41.8595],[-75.2237,41.8575],[-75.215,41.8674],[-75.204,41.8699],[-75.1944,41.8673],[-75.1889,41.8613],[-75.1853,41.8599],[-75.1823,41.8622],[-75.1791,41.8699],[-75.1766,41.8724],[-75.1706,41.8716],[-75.1681,41.867],[-75.1687,41.8593],[-75.1662,41.8539],[-75.1615,41.8498],[-75.1529,41.8486],[-75.1402,41.8521],[-75.131,41.8451],[-75.1188,41.8458],[-75.1156,41.8446],[-75.1134,41.8407],[-75.1151,41.8273],[-75.1133,41.8228],[-75.1,41.8183],[-75.0895,41.8116],[-75.0858,41.8116],[-75.0781,41.8151],[-75.0744,41.8151],[-75.0722,41.8137],[-75.0722,41.8083],[-75.0769,41.7985],[-75.0814,41.7965],[-75.0883,41.7975],[-75.0929,41.7964],[-75.1015,41.7879],[-75.1046,41.7742],[-75.101,41.7691],[-75.0955,41.7684],[-75.0759,41.7715],[-75.0727,41.7688],[-75.0608,41.7646],[-75.0534,41.7525],[-75.0528,41.7447],[-75.0548,41.7352],[-75.0499,41.7133],[-75.0522,41.7114],[-75.0666,41.7126],[-75.0688,41.7082],[-75.0673,41.7054],[-75.0598,41.6997],[-75.0527,41.6884],[-75.0513,41.68],[-75.0588,41.6744],[-75.0593,41.6723],[-75.0584,41.6697],[-75.054,41.6682],[-75.0499,41.6626],[-75.0487,41.6563],[-75.0487,41.6338],[-75.0436,41.6236],[-75.0442,41.618],[-75.0473,41.6158],[-75.0538,41.6187],[-75.0601,41.6175],[-75.0617,41.6155],[-75.0597,41.6108],[-75.0627,41.6096],[-75.0717,41.6095],[-75.0746,41.6079],[-75.0746,41.6057],[-75.0697,41.6017],[-75.122,41.535],[-75.1868,41.5318],[-75.1941,41.545],[-75.1959,41.5461],[-75.2095,41.5422],[-75.2079,41.5353],[-75.2122,41.5338],[-75.2099,41.5369],[-75.2125,41.5366],[-75.2117,41.5354],[-75.2156,41.5333],[-75.217,41.5354],[-75.2151,41.5362],[-75.2194,41.5428],[-75.2318,41.5386],[-75.2294,41.5351],[-75.2348,41.533],[-75.2334,41.5313],[-75.2366,41.5294],[-75.2214,41.5163],[-75.2478,41.5039],[-75.3002,41.4842],[-75.3312,41.4836],[-75.3393,41.5998],[-75.3288,41.6004],[-75.3368,41.6375],[-75.3394,41.6372],[-75.3459,41.6726],[-75.3124,41.6739],[-75.3223,41.798],[-75.4709,41.7846],[-75.4764,41.8733],[-75.4267,41.8752],[-75.4292,41.9251],[-75.479,41.9246],[-75.4831,41.9993]]]}},{"type":"Feature","properties":{"geoid":"4205860","name":"Chester-Upland School District"},"geometry":{"type":"Polygon","coordinates":[[[-75.4108,39.8596],[-75.4057,39.8563],[-75.4005,39.8575],[-75.3965,39.8547],[-75.3944,39.8619],[-75.3961,39.8635],[-75.3892,39.8583],[-75.3889,39.8593],[-75.3837,39.8585],[-75.3837,39.8623],[-75.3762,39.8615],[-75.3745,39.8659],[-75.3762,39.8736],[-75.3783,39.8751],[-75.3735,39.8753],[-75.3689,39.8729],[-75.3731,39.8724],[-75.3667,39.8702],[-75.3662,39.8732],[-75.3613,39.8723],[-75.3558,39.8738],[-75.3566,39.8697],[-75.3514,39.8681],[-75.3515,39.8666],[-75.3466,39.861],[-75.3473,39.8554],[-75.3415,39.8462],[-75.3544,39.8399],[-75.3898,39.8158],[-75.3989,39.8338],[-75.4015,39.8328],[-75.4049,39.8378],[-75.4037,39.8383],[-75.4183,39.8562],[-75.4108,39.8596]]]}},{"type":"Feature","properties":{"geoid":"4214760","name":"Marple Newtown School District"},"geometry":{"type":"Polygon","coordinates":[[[-75.4538,39.9936],[-75.4043,40.0274],[-75.3741,39.9902],[-75.3693,39.9951],[-75.3632,39.9979],[-75.3579,39.9957],[-75.3512,39.9972],[-75.3515,39.9945],[-75.3481,39.9922],[-75.3439,39.9917],[-75.336,39.9806],[-75.3362,39.976],[-75.3385,39.9726],[-75.3335,39.9684],[-75.3327,39.9584],[-75.3351,39.955],[-75.3483,39.9451],[-75.347,39.9426],[-75.3648,39.9302],[-75.3692,39.9323],[-75.3683,39.9335],[-75.3705,39.9367],[-75.369,39.9401],[-75.3775,39.9429],[-75.3817,39.9471],[-75.3816,39.9496],[-75.3914,39.9506],[-75.391,39.9528],[-75.3929,39.954],[-75.3952,39.9528],[-75.3967,39.9546],[-75.3999,39.9535],[-75.4082,39.9568],[-75.4123,39.9553],[-75.4141,39.9589],[-75.4187,39.9632],[-75.4211,39.9613],[-75.4239,39.9625],[-75.4281,39.9661],[-75.4308,39.9717],[-75.4347,39.9713],[-75.4354,39.9751],[-75.4384,39.9798],[-75.4361,39.9826],[-75.4356,39.9888],[-75.4382,39.9907],[-75.4368,39.993],[-75.4377,39.9939],[-75.4408,39.9918],[-75.4431,39.9937],[-75.4538,39.9936]]]}},{"type":"Feature","properties":{"geoid":"4220550","name":"Rose Tree Media School District"},"geometry":{"type":"Polygon","coordinates":[[[-75.5021,39.9544],[-75.4361,39.9849],[-75.4361,39.9826],[-75.4384,39.9798],[-75.4354,39.9751],[-75.4355,39.9724],[-75.4347,39.9713],[-75.4308,39.9717],[-75.4281,39.9661],[-75.4239,39.9625],[-75.4211,39.9613],[-75.4187,39.9632],[-75.4141,39.9589],[-75.4123,39.9553],[-75.4082,39.9568],[-75.3999,39.9535],[-75.3967,39.9546],[-75.3952,39.9528],[-75.3929,39.954],[-75.391,39.9528],[-75.3914,39.9506],[-75.3816,39.9496],[-75.3817,39.9471],[-75.3775,39.9429],[-75.369,39.9401],[-75.3705,39.9367],[-75.3683,39.9335],[-75.3692,39.9323],[-75.3649,39.9303],[-75.3811,39.919],[-75.3781,39.9127],[-75.3832,39.912],[-75.3846,39.9135],[-75.392,39.901],[-75.3927,39.8956],[-75.3953,39.8939],[-75.3861,39.8881],[-75.3983,39.88],[-75.3981,39.8789],[-75.4085,39.8706],[-75.4087,39.8693],[-75.4127,39.8708],[-75.4135,39.874],[-75.4182,39.8748],[-75.4186,39.8798],[-75.4238,39.8786],[-75.4277,39.8802],[-75.4279,39.8825],[-75.4299,39.8839],[-75.4297,39.8886],[-75.4325,39.894],[-75.4341,39.8912],[-75.4372,39.8913],[-75.4401,39.8935],[-75.4422,39.8923],[-75.4504,39.8927],[-75.4503,39.8939],[-75.4576,39.8996],[-75.4586,39.9017],[-75.4597,39.9005],[-75.4672,39.9037],[-75.47,39.9008],[-75.4717,39.9047],[-75.4768,39.9062],[-75.4769,39.908],[-75.4806,39.9082],[-75.4805,39.912],[-75.4831,39.9138],[-75.4828,39.9154],[-75.488,39.9172],[-75.4729,39.9241],[-75.4829,39.9376],[-75.493,39.933],[-75.5079,39.9517],[-75.5021,39.9544]]]}},{"type":"Feature","properties":{"geoid":"4212480","name":"Jersey Shore Area School District"},"geometry":{"type":"Polygon","coordinates":[[[-77.5993,41.5423],[-77.3582,41.5441],[-77.3587,41.4126],[-77.3451,41.4125],[-77.323,41.3996],[-77.2923,41.3998],[-77.2925,41.3852],[-77.2605,41.385],[-77.26,41.3561],[-77.1932,41.3556],[-77.1934,41.342],[-77.1672,41.3418],[-77.1463,41.3201],[-77.1461,41.3113],[-77.1396,41.3047],[-77.143,41.2993],[-77.1432,41.2952],[-77.1399,41.2925],[-77.1314,41.2913],[-77.131,41.2853],[-77.1286,41.2818],[-77.1292,41.2798],[-77.1276,41.2758],[-77.1316,41.2719],[-77.1285,41.2694],[-77.1239,41.2691],[-77.1393,41.2666],[-77.1801,41.2531],[-77.1849,41.2505],[-77.1943,41.2497],[-77.1902,41.2424],[-77.1901,41.2386],[-77.1848,41.2343],[-77.186,41.2302],[-77.1854,41.2267],[-77.182,41.2241],[-77.1856,41.2205],[-77.1835,41.2159],[-77.1839,41.2144],[-77.1716,41.1962],[-77.1775,41.1941],[-77.1774,41.1891],[-77.1126,41.202],[-77.0799,41.207],[-77.0858,41.1931],[-77.0666,41.1488],[-77.1805,41.0843],[-77.1742,41.0783],[-77.3086,41.0786],[-77.2982,41.1273],[-77.283,41.1416],[-77.2516,41.1526],[-77.2695,41.17],[-77.2894,41.1658],[-77.2935,41.1663],[-77.3012,41.1703],[-77.3123,41.1702],[-77.3274,41.1639],[-77.333,41.1638],[-77.3355,41.1664],[-77.3334,41.1667],[-77.336,41.1778],[-77.338,41.1778],[-77.3387,41.1813],[-77.3373,41.1826],[-77.3386,41.1847],[-77.3408,41.1852],[-77.34,41.1896],[-77.3458,41.1897],[-77.3457,41.1952],[-77.3368,41.196],[-77.3393,41.1977],[-77.336,41.1977],[-77.3364,41.1998],[-77.3324,41.2024],[-77.3326,41.2057],[-77.3266,41.2069],[-77.3231,41.2062],[-77.3242,41.2079],[-77.3223,41.2086],[-77.3244,41.211],[-77.3224,41.2121],[-77.3265,41.2165],[-77.3233,41.2158],[-77.3221,41.2174],[-77.323,41.2187],[-77.3288,41.2195],[-77.3295,41.2207],[-77.3303,41.2195],[-77.3343,41.2205],[-77.3514,41.2202],[-77.3486,41.2231],[-77.3496,41.2289],[-77.358,41.2306],[-77.3627,41.2336],[-77.3701,41.2327],[-77.399,41.2531],[-77.4107,41.2662],[-77.4161,41.2701],[-77.4249,41.2731],[-77.4294,41.2821],[-77.4447,41.2874],[-77.4501,41.2933],[-77.4551,41.3034],[-77.4682,41.3104],[-77.4715,41.3135],[-77.475,41.3267],[-77.4745,41.334],[-77.4754,41.3377],[-77.477,41.339],[-77.4999,41.354],[-77.5177,41.3561],[-77.5265,41.3585],[-77.5377,41.365],[-77.54,41.3681],[-77.5422,41.3822],[-77.5504,41.3958],[-77.5644,41.4127],[-77.5687,41.4137],[-77.5752,41.4205],[-77.5805,41.4356],[-77.5847,41.4413],[-77.5973,41.4411],[-77.5993,41.5423]]]}},{"type":"Feature","properties":{"geoid":"4202970","name":"Baldwin-Whitehall School District"},"geometry":{"type":"MultiPolygon","coordinates":[[[[-80.0164,40.359],[-80.0127,40.362],[-80.0088,40.361],[-80.0049,40.3648],[-80.0079,40.3666],[-80.0011,40.3709],[-80.0016,40.3748],[-79.9991,40.3773],[-79.994,40.3758],[-79.9928,40.3786],[-79.986,40.3778],[-79.9869,40.3751],[-79.9848,40.3721],[-79.9862,40.3702],[-79.9851,40.3682],[-79.9889,40.3639],[-79.988,40.3624],[-79.9833,40.3626],[-79.9823,40.3609],[-79.9616,40.3715],[-79.9651,40.3756],[-79.9628,40.3789],[-79.9684,40.3819],[-79.9693,40.3858],[-79.9741,40.3848],[-79.9758,40.3872],[-79.9731,40.3887],[-79.973,40.3925],[-79.9758,40.3931],[-79.9798,40.3996],[-79.9797,40.4015],[-79.9766,40.4039],[-79.9693,40.4055],[-79.9628,40.4097],[-79.953,40.4107],[-79.9508,40.4038],[-79.9481,40.4004],[-79.9426,40.3973],[-79.9377,40.3968],[-79.9371,40.3953],[-79.9388,40.395],[-79.9355,40.3809],[-79.9425,40.3797],[-79.9455,40.3761],[-79.9406,40.3747],[-79.9479,40.3689],[-79.9503,40.3607],[-79.9545,40.3586],[-79.9606,40.3516],[-79.9654,40.3457],[-79.964,40.345],[-79.9663,40.342],[-79.9747,40.3373],[-79.9781,40.3372],[-79.977,40.3363],[-79.9799,40.3364],[-79.9854,40.3334],[-79.9854,40.3295],[-80.0056,40.343],[-80.0164,40.359]]],[[[-80.023,40.3795],[-80.0202,40.3837],[-80.0202,40.3867],[-80.0231,40.3871],[-80.0223,40.3882],[-80.0164,40.3851],[-80.0138,40.3866],[-80.0126,40.3809],[-80.0076,40.3811],[-80.0077,40.383],[-80.0051,40.3839],[-80.0017,40.3797],[-80.0067,40.3749],[-80.0079,40.3782],[-80.015,40.3789],[-80.0168,40.3768],[-80.0108,40.3754],[-80.014,40.3723],[-80.0159,40.3743],[-80.0235,40.3775],[-80.023,40.3795]]]]}},{"type":"Feature","properties":{"geoid":"4220580","name":"South Fayette Township School District"},"geometry":{"type":"Polygon","coordinates":[[[-80.2212,40.3664],[-80.2204,40.3685],[-80.2229,40.3728],[-80.2172,40.3741],[-80.2152,40.3768],[-80.2148,40.3807],[-80.2098,40.3847],[-80.2076,40.385],[-80.2018,40.3892],[-80.1983,40.3896],[-80.1895,40.396],[-80.1918,40.3941],[-80.19,40.3923],[-80.1867,40.3933],[-80.1811,40.3964],[-80.1821,40.3977],[-80.1755,40.4009],[-80.1725,40.4009],[-80.1721,40.3983],[-80.171,40.3978],[-80.1687,40.4018],[-80.1701,40.3907],[-80.1687,40.3838],[-80.1387,40.3768],[-80.1299,40.3721],[-80.1243,40.373],[-80.1197,40.3723],[-80.1221,40.3707],[-80.12,40.3679],[-80.1206,40.3592],[-80.1125,40.3542],[-80.1099,40.3519],[-80.1101,40.3489],[-80.108,40.3483],[-80.1154,40.3337],[-80.1135,40.3315],[-80.101,40.3325],[-80.1007,40.3282],[-80.1034,40.3252],[-80.1097,40.324],[-80.1124,40.3246],[-80.1156,40.3229],[-80.1159,40.3189],[-80.1182,40.3171],[-80.1164,40.3155],[-80.1163,40.3127],[-80.1835,40.3328],[-80.223,40.3659],[-80.2212,40.3664]]]}},{"type":"Feature","properties":{"geoid":"4212990","name":"Lackawanna Trail School District"},"geometry":{"type":"Polygon","coordinates":[[[-75.8896,41.6436],[-75.8687,41.6444],[-75.7922,41.642],[-75.7679,41.6434],[-75.6522,41.6422],[-75.6476,41.5929],[-75.6494,41.5928],[-75.651,41.5906],[-75.6542,41.5904],[-75.6567,41.585],[-75.655,41.5834],[-75.6576,41.579],[-75.6587,41.5739],[-75.661,41.5746],[-75.6658,41.5727],[-75.6743,41.5755],[-75.6812,41.5803],[-75.6924,41.5819],[-75.6991,41.5783],[-75.7035,41.5777],[-75.708,41.5744],[-75.7064,41.5649],[-75.7073,41.5625],[-75.7111,41.5578],[-75.7161,41.5556],[-75.7189,41.5569],[-75.7211,41.56],[-75.7285,41.5623],[-75.7304,41.5671],[-75.7399,41.5701],[-75.7504,41.5697],[-75.7524,41.5708],[-75.7549,41.5698],[-75.7357,41.5606],[-75.7417,41.5532],[-75.7383,41.551],[-75.7369,41.5476],[-75.7379,41.5469],[-75.7349,41.5443],[-75.7335,41.5455],[-75.7286,41.5423],[-75.7251,41.5481],[-75.7206,41.544],[-75.7138,41.5422],[-75.7119,41.5399],[-75.713,41.5388],[-75.7106,41.5373],[-75.7181,41.5307],[-75.7201,41.532],[-75.7211,41.5284],[-75.7269,41.5292],[-75.7293,41.5315],[-75.7323,41.529],[-75.7351,41.5295],[-75.7366,41.5249],[-75.7381,41.5246],[-75.7455,41.5293],[-75.7478,41.5271],[-75.7457,41.5257],[-75.7475,41.524],[-75.7526,41.5267],[-75.7574,41.518],[-75.7491,41.5137],[-75.7658,41.4987],[-75.7734,41.5036],[-75.7716,41.5058],[-75.8032,41.5242],[-75.7893,41.5413],[-75.8394,41.5415],[-75.8439,41.5701],[-75.8606,41.5749],[-75.8573,41.584],[-75.8602,41.5842],[-75.8611,41.5896],[-75.8581,41.5927],[-75.8567,41.5927],[-75.8488,41.5889],[-75.8456,41.5887],[-75.8452,41.5948],[-75.8431,41.5952],[-75.8457,41.5994],[-75.8539,41.6008],[-75.8538,41.604],[-75.8556,41.6055],[-75.8743,41.6044],[-75.8742,41.6074],[-75.8728,41.6075],[-75.8755,41.6144],[-75.8796,41.6144],[-75.8799,41.6169],[-75.8811,41.6177],[-75.8793,41.6239],[-75.8824,41.6281],[-75.8827,41.6317],[-75.8878,41.637],[-75.8884,41.6423],[-75.8896,41.6436]]]}},{"type":"Feature","properties":{"geoid":"4206270","name":"Cocalico School District"},"geometry":{"type":"Polygon","coordinates":[[[-76.2162,40.2504],[-76.2151,40.2512],[-76.216,40.2569],[-76.2093,40.2618],[-76.2113,40.2927],[-76.1512,40.316],[-76.1413,40.3092],[-76.1433,40.3075],[-76.1404,40.306],[-76.1386,40.3076],[-76.0441,40.2472],[-76.044,40.2445],[-76.0553,40.2326],[-76.0621,40.2346],[-76.0667,40.2283],[-76.0669,40.2222],[-76.071,40.2155],[-76.0726,40.2149],[-76.0738,40.2091],[-76.0777,40.2055],[-76.08,40.204],[-76.0848,40.205],[-76.0909,40.203],[-76.1036,40.1946],[-76.0985,40.1889],[-76.0996,40.1887],[-76.0984,40.187],[-76.0998,40.1801],[-76.0901,40.1803],[-76.0873,40.179],[-76.087,40.1771],[-76.094,40.1663],[-76.1052,40.1722],[-76.1062,40.1696],[-76.1108,40.1752],[-76.1173,40.1773],[-76.1228,40.1807],[-76.1238,40.1829],[-76.1331,40.1878],[-76.1354,40.1909],[-76.1423,40.1914],[-76.1468,40.1954],[-76.1518,40.1962],[-76.1629,40.2095],[-76.1667,40.2114],[-76.1836,40.2074],[-76.1842,40.211],[-76.186,40.2111],[-76.1869,40.2145],[-76.1854,40.22],[-76.1865,40.221],[-76.1904,40.2208],[-76.1933,40.2242],[-76.195,40.2285],[-76.2001,40.2296],[-76.2023,40.2362],[-76.2003,40.2378],[-76.2025,40.2408],[-76.2045,40.242],[-76.2094,40.2411],[-76.2138,40.2448],[-76.2145,40.2477],[-76.2167,40.2485],[-76.2162,40.2504]]]}},{"type":"Feature","properties":{"geoid":"4208820","name":"Eastern Lancaster County School District"},"geometry":{"type":"Polygon","coordinates":[[[-76.1429,40.1606],[-76.1278,40.1532],[-76.1205,40.1525],[-76.1165,40.1526],[-76.1145,40.1563],[-76.0983,40.1597],[-76.087,40.1771],[-76.0873,40.179],[-76.0901,40.1803],[-76.0998,40.1801],[-76.0984,40.187],[-76.0996,40.1887],[-76.0985,40.1889],[-76.1036,40.1946],[-76.0909,40.203],[-76.0848,40.205],[-76.08,40.204],[-76.0777,40.2055],[-76.0738,40.2091],[-76.0726,40.2149],[-76.071,40.2155],[-76.0669,40.2222],[-76.0667,40.2283],[-76.0621,40.2346],[-76.0553,40.2326],[-76.044,40.2445],[-76.0441,40.2472],[-75.8734,40.1371],[-75.943,40.1093],[-75.9424,40.1065],[-75.9555,40.1072],[-75.9552,40.1046],[-75.964,40.1037],[-75.9659,40.0991],[-75.9861,40.0977],[-75.9956,40.0954],[-75.9999,40.0931],[-76.0025,40.0894],[-75.9993,40.087],[-76.0036,40.0801],[-76.0069,40.0789],[-76.014,40.0831],[-76.0136,40.0801],[-76.0157,40.0763],[-76.0296,40.071],[-76.0374,40.0703],[-76.0408,40.0625],[-76.0457,40.0591],[-76.0466,40.0532],[-76.0586,40.0586],[-76.07,40.0593],[-76.0819,40.0628],[-76.0996,40.0716],[-76.1044,40.0723],[-76.1171,40.0831],[-76.1295,40.0916],[-76.132,40.0916],[-76.1429,40.1606]]]}},{"type":"Feature","properties":{"geoid":"4213110","name":"Lampeter-Strasburg School District"},"geometry":{"type":"Polygon","coordinates":[[[-76.3055,40.0197],[-76.3045,40.0215],[-76.3026,40.0211],[-76.2996,40.017],[-76.2951,40.0157],[-76.2943,40.0193],[-76.2956,40.0221],[-76.2989,40.024],[-76.2919,40.0248],[-76.2882,40.0226],[-76.2902,40.0212],[-76.2904,40.0193],[-76.2891,40.0179],[-76.2868,40.018],[-76.2867,40.0163],[-76.2844,40.0161],[-76.2824,40.0068],[-76.2791,40.0074],[-76.278,40.0083],[-76.2789,40.0106],[-76.2805,40.0098],[-76.2816,40.0153],[-76.284,40.0195],[-76.2784,40.0206],[-76.2798,40.0241],[-76.2758,40.025],[-76.2733,40.0318],[-76.2735,40.0378],[-76.1993,39.9971],[-76.1992,40.0008],[-76.1951,39.9976],[-76.1937,40.003],[-76.1899,39.9993],[-76.1875,39.9997],[-76.1877,40.0043],[-76.1864,40.0061],[-76.1819,40.0004],[-76.1808,40.0043],[-76.1785,40.0049],[-76.1783,40.0027],[-76.176,40.0015],[-76.1752,40.005],[-76.1736,40.0057],[-76.172,40.0034],[-76.1693,40.0028],[-76.169,40.0053],[-76.1711,40.0076],[-76.1711,40.0096],[-76.1693,40.01],[-76.1646,40.0072],[-76.1614,40.0106],[-76.1368,39.9445],[-76.1741,39.9306],[-76.1769,39.9177],[-76.1907,39.9203],[-76.1925,39.9235],[-76.1997,39.9281],[-76.2021,39.9315],[-76.2021,39.9335],[-76.2058,39.9375],[-76.2143,39.9359],[-76.2181,39.9375],[-76.2217,39.9421],[-76.2251,39.9415],[-76.2251,39.9385],[-76.2315,39.9402],[-76.2331,39.9396],[-76.2336,39.936],[-76.2375,39.9358],[-76.2429,39.9442],[-76.2499,39.9434],[-76.2491,39.9455],[-76.25,39.9478],[-76.2521,39.9479],[-76.3047,40.0016],[-76.3025,40.0075],[-76.3054,40.0156],[-76.3055,40.0197]]]}},{"type":"Feature","properties":{"geoid":"4209240","name":"Ellwood City Area School District"},"geometry":{"type":"Polygon","coordinates":[[[-80.3545,40.9075],[-80.2176,40.9098],[-80.2164,40.9149],[-80.2088,40.9204],[-80.2015,40.9205],[-80.1893,40.9252],[-80.19,40.9312],[-80.1837,40.9373],[-80.1789,40.9388],[-80.1761,40.9348],[-80.1728,40.9344],[-80.163,40.9379],[-80.1585,40.8551],[-80.2717,40.8538],[-80.2786,40.8523],[-80.2783,40.8496],[-80.2822,40.8489],[-80.2821,40.8458],[-80.285,40.8422],[-80.2854,40.8457],[-80.2887,40.8455],[-80.2889,40.847],[-80.285,40.8495],[-80.2851,40.8513],[-80.2936,40.8519],[-80.2928,40.8507],[-80.2961,40.851],[-80.2962,40.8522],[-80.2982,40.8523],[-80.2987,40.8535],[-80.3224,40.8532],[-80.3176,40.8606],[-80.3179,40.8693],[-80.3209,40.8782],[-80.3355,40.8781],[-80.3355,40.8799],[-80.3484,40.8799],[-80.349,40.8976],[-80.3444,40.8993],[-80.3545,40.9075]]]}},{"type":"Feature","properties":{"geoid":"4216620","name":"New Castle Area School District"},"geometry":{"type":"Polygon","coordinates":[[[-80.3975,40.9857],[-80.3538,40.9864],[-80.3547,40.9936],[-80.3531,40.995],[-80.3632,40.9956],[-80.3638,40.9972],[-80.3659,40.9973],[-80.3673,41.0128],[-80.3567,41.0152],[-80.3462,41.0156],[-80.3466,41.0275],[-80.3384,41.0277],[-80.3383,41.0262],[-80.3293,41.0266],[-80.328,41.0247],[-80.3321,41.0256],[-80.332,41.0238],[-80.3278,41.0239],[-80.327,41.0209],[-80.3289,41.0208],[-80.3289,41.0196],[-80.3187,41.02],[-80.3154,41.0185],[-80.3183,41.0153],[-80.3167,40.9804],[-80.3337,40.9798],[-80.3336,40.977],[-80.3258,40.977],[-80.3258,40.9785],[-80.3238,40.9785],[-80.3238,40.9801],[-80.3209,40.9802],[-80.3182,40.9771],[-80.3216,40.976],[-80.3249,40.9727],[-80.3358,40.9727],[-80.3364,40.9796],[-80.3523,40.9796],[-80.3495,40.9075],[-80.3545,40.9075],[-80.3573,40.9116],[-80.3647,40.9085],[-80.3685,40.9107],[-80.3649,40.9187],[-80.366,40.9224],[-80.3751,40.9232],[-80.3788,40.928],[-80.3721,40.933],[-80.3703,40.9366],[-80.3713,40.9393],[-80.3765,40.9431],[-80.3757,40.9481],[-80.3778,40.9559],[-80.3815,40.9628],[-80.3889,40.9659],[-80.3908,40.9684],[-80.3904,40.9696],[-80.3826,40.9719],[-80.3814,40.9752],[-80.3842,40.9799],[-80.3975,40.9857]]]}},{"type":"Feature","properties":{"geoid":"4203570","name":"Bethlehem Area School District"},"geometry":{"type":"Polygon","coordinates":[[[-75.4303,40.6472],[-75.4288,40.655],[-75.4227,40.657],[-75.4231,40.658],[-75.4191,40.6583],[-75.4301,40.6684],[-75.4304,40.6742],[-75.3766,40.6938],[-75.3748,40.6814],[-75.277,40.6924],[-75.2701,40.6462],[-75.2837,40.6422],[-75.2822,40.6411],[-75.2948,40.6401],[-75.3018,40.6347],[-75.3108,40.6304],[-75.3267,40.6336],[-75.3304,40.6332],[-75.3326,40.631],[-75.334,40.6222],[-75.3276,40.6223],[-75.3263,40.6164],[-75.3123,40.6201],[-75.3112,40.6197],[-75.312,40.6163],[-75.3089,40.6161],[-75.3075,40.6148],[-75.3057,40.6151],[-75.3061,40.6169],[-75.3034,40.6173],[-75.303,40.6062],[-75.3195,40.6014],[-75.3308,40.5938],[-75.3401,40.5932],[-75.3404,40.5962],[-75.3436,40.5964],[-75.3442,40.588],[-75.3482,40.5858],[-75.3441,40.5823],[-75.345,40.579],[-75.3588,40.578],[-75.3637,40.5802],[-75.3643,40.585],[-75.3617,40.5853],[-75.3631,40.5928],[-75.3675,40.6007],[-75.3906,40.6007],[-75.3913,40.5966],[-75.3943,40.593],[-75.4054,40.5963],[-75.4054,40.5983],[-75.4037,40.5989],[-75.4064,40.6035],[-75.401,40.6039],[-75.3974,40.6067],[-75.3991,40.6076],[-75.3967,40.6087],[-75.3953,40.6135],[-75.4066,40.6122],[-75.4115,40.6164],[-75.4196,40.6161],[-75.4221,40.6343],[-75.4256,40.638],[-75.4265,40.6426],[-75.4313,40.6442],[-75.4303,40.6472]]]}},{"type":"Feature","properties":{"geoid":"4204320","name":"Brookville Area School District"},"geometry":{"type":"Polygon","coordinates":[[[-79.2152,41.0505],[-79.2145,41.0788],[-79.2113,41.0787],[-79.2104,41.1612],[-79.1342,41.1596],[-79.125,41.2004],[-79.1357,41.2071],[-79.139,41.2076],[-79.1428,41.2116],[-79.1511,41.2164],[-79.1544,41.2169],[-79.1563,41.2193],[-79.161,41.2204],[-79.1631,41.223],[-79.1654,41.2228],[-79.1697,41.2271],[-79.1802,41.2281],[-79.1837,41.2269],[-79.1886,41.2308],[-79.193,41.2305],[-79.1998,41.2324],[-79.2009,41.2347],[-79.2097,41.2349],[-79.2089,41.3319],[-79.2061,41.3309],[-79.2025,41.3268],[-79.1925,41.3242],[-79.1862,41.3285],[-79.187,41.3373],[-79.1847,41.339],[-79.1796,41.3392],[-79.1751,41.336],[-79.1762,41.3322],[-79.1756,41.327],[-79.1743,41.3254],[-79.1717,41.3259],[-79.1669,41.3305],[-79.1692,41.3396],[-79.1686,41.3424],[-79.1664,41.3439],[-79.1606,41.3418],[-79.1599,41.3399],[-79.1631,41.3334],[-79.1624,41.3318],[-79.1571,41.3286],[-79.1482,41.3317],[-79.1398,41.3414],[-79.1385,41.3416],[-79.1322,41.339],[-79.1239,41.331],[-79.1153,41.3258],[-79.1119,41.325],[-79.1059,41.3267],[-79.1045,41.3313],[-79.1072,41.3364],[-79.105,41.3415],[-79.0997,41.3426],[-79.0936,41.3403],[-79.0916,41.341],[-79.0811,41.3527],[-79.0784,41.3538],[-79.0754,41.3543],[-79.063,41.3502],[-79.0485,41.3521],[-79.037,41.3576],[-79.0281,41.3574],[-79.0221,41.3514],[-79.0178,41.35],[-79.0164,41.351],[-79.0145,41.3572],[-79.013,41.3582],[-79.0023,41.3597],[-78.9985,41.3645],[-78.9927,41.3686],[-78.985,41.367],[-78.9815,41.3678],[-78.9745,41.3755],[-78.9719,41.3766],[-78.9698,41.3759],[-78.9665,41.3709],[-78.9642,41.3698],[-78.9595,41.3715],[-78.9593,41.3622],[-78.9363,41.3521],[-78.9528,41.3383],[-78.9514,41.314],[-79.0167,41.3149],[-79.0146,41.2687],[-78.9503,41.2685],[-78.95,41.2576],[-78.9258,41.2579],[-78.9255,41.2481],[-78.8891,41.2479],[-78.8888,41.228],[-78.8993,41.2215],[-78.8989,41.2165],[-78.9007,41.2146],[-78.9002,41.2124],[-78.9025,41.2099],[-78.9015,41.2087],[-78.9055,41.2043],[-78.9058,41.2004],[-78.9068,41.2003],[-78.9056,41.1975],[-78.912,41.1969],[-78.918,41.1931],[-78.9308,41.1926],[-78.9332,41.1911],[-78.9363,41.1825],[-78.9417,41.1752],[-78.9471,41.1727],[-78.9448,41.071],[-79.0011,41.0706],[-79.0012,41.0506],[-79.0552,41.0509],[-79.0555,41.0555],[-79.0788,41.056],[-79.0861,41.0721],[-79.1187,41.0716],[-79.1187,41.0478],[-79.1255,41.0396],[-79.1256,41.0273],[-79.1339,41.0248],[-79.1402,41.0294],[-79.1445,41.0265],[-79.1439,41.025],[-79.1456,41.0233],[-79.1505,41.0218],[-79.1535,41.023],[-79.1528,41.0244],[-79.1589,41.031],[-79.1666,41.0304],[-79.1689,41.0319],[-79.1689,41.0346],[-79.1734,41.0369],[-79.177,41.0339],[-79.1842,41.0329],[-79.1873,41.0343],[-79.1894,41.0338],[-79.1927,41.0365],[-79.2012,41.04],[-79.2072,41.0387],[-79.2105,41.0405],[-79.2102,41.0491],[-79.2152,41.0489],[-79.2152,41.0505]]]}},{"type":"Feature","properties":{"geoid":"4220130","name":"Redbank Valley School District"},"geometry":{"type":"Polygon","coordinates":[[[-79.5513,40.9805],[-79.5413,40.9846],[-79.5394,40.9843],[-79.5358,40.9801],[-79.5286,40.9784],[-79.5224,40.975],[-79.5163,40.9771],[-79.5147,40.979],[-79.5178,40.984],[-79.5162,40.9867],[-79.514,40.9868],[-79.508,40.9845],[-79.5067,40.9831],[-79.5059,40.9777],[-79.5036,40.9764],[-79.4937,40.9779],[-79.4928,40.9809],[-79.4948,40.9862],[-79.4875,40.9955],[-79.4817,40.9941],[-79.4756,40.9949],[-79.4695,40.9935],[-79.4647,40.9903],[-79.4566,40.9911],[-79.4559,40.9882],[-79.4607,40.9861],[-79.4622,40.9831],[-79.4517,40.9817],[-79.4532,41.0097],[-79.4514,41.081],[-79.407,41.0864],[-79.4071,41.0989],[-79.4028,41.0989],[-79.4035,41.1004],[-79.3945,41.1003],[-79.3908,41.102],[-79.3833,41.1019],[-79.3833,41.1032],[-79.3773,41.1039],[-79.3773,41.1008],[-79.3752,41.1008],[-79.3752,41.1024],[-79.3709,41.1015],[-79.3681,41.1029],[-79.3717,41.1067],[-79.3644,41.1068],[-79.365,41.0916],[-79.275,41.1028],[-79.2112,41.1126],[-79.2113,41.0787],[-79.2145,41.0788],[-79.2152,41.0505],[-79.2152,41.0489],[-79.2102,41.0491],[-79.2125,40.9609],[-79.2157,40.94],[-79.2153,40.9125],[-79.2244,40.9135],[-79.2249,40.917],[-79.2331,40.918],[-79.2369,40.921],[-79.2461,40.9178],[-79.2478,40.9188],[-79.2442,40.9218],[-79.2434,40.9273],[-79.2497,40.9298],[-79.2557,40.9275],[-79.2642,40.9189],[-79.2684,40.9172],[-79.2727,40.9185],[-79.2758,40.9215],[-79.2835,40.922],[-79.2893,40.9244],[-79.2937,40.9294],[-79.2963,40.9293],[-79.2994,40.927],[-79.366,40.928],[-79.3831,40.921],[-79.3856,40.9168],[-79.3961,40.9178],[-79.3963,40.929],[-79.3986,40.9298],[-79.402,40.9267],[-79.405,40.9273],[-79.4056,40.9307],[-79.4132,40.9375],[-79.418,40.9391],[-79.4209,40.9377],[-79.4226,40.9351],[-79.4213,40.9292],[-79.424,40.9264],[-79.4273,40.9256],[-79.4323,40.9278],[-79.4323,40.932],[-79.4407,40.9376],[-79.4442,40.9374],[-79.4446,40.9332],[-79.4476,40.9316],[-79.449,40.9298],[-79.449,40.9269],[-79.4508,40.9261],[-79.4561,40.9327],[-79.4586,40.9339],[-79.4637,40.9324],[-79.4694,40.938],[-79.4778,40.9402],[-79.4845,40.937],[-79.4867,40.9252],[-79.4904,40.9221],[-79.4968,40.922],[-79.5115,40.9273],[-79.5417,40.941],[-79.5457,40.9447],[-79.5492,40.9563],[-79.5462,40.9704],[-79.5473,40.9748],[-79.5513,40.9805]]]}},{"type":"Feature","properties":{"geoid":"4217610","name":"Northern Cambria School District"},"geometry":{"type":"Polygon","coordinates":[[[-78.8666,40.5928],[-78.8089,40.721],[-78.7992,40.7171],[-78.8017,40.7246],[-78.7141,40.7244],[-78.7133,40.6688],[-78.7186,40.6669],[-78.7185,40.6648],[-78.7167,40.6631],[-78.7181,40.6615],[-78.7152,40.6608],[-78.7164,40.6581],[-78.713,40.6592],[-78.7129,40.6368],[-78.7596,40.6362],[-78.7595,40.6095],[-78.7615,40.5731],[-78.7741,40.5692],[-78.7909,40.5745],[-78.7909,40.5779],[-78.7976,40.5778],[-78.7998,40.5447],[-78.8532,40.5646],[-78.8501,40.5702],[-78.8511,40.5737],[-78.8489,40.5735],[-78.8478,40.5768],[-78.8747,40.5767],[-78.8666,40.5928]]]}},{"type":"Feature","properties":{"geoid":"4224750","name":"Wallenpaupack Area School District"},"geometry":{"type":"Polygon","coordinates":[[[-75.3901,41.296],[-75.382,41.3018],[-75.3672,41.3071],[-75.3621,41.3118],[-75.3561,41.3148],[-75.3533,41.3181],[-75.3528,41.325],[-75.3425,41.336],[-75.3443,41.3374],[-75.3445,41.3408],[-75.3366,41.3451],[-75.339,41.3474],[-75.3378,41.3486],[-75.3391,41.3508],[-75.3421,41.3519],[-75.3417,41.355],[-75.3464,41.3573],[-75.3488,41.3627],[-75.3482,41.3642],[-75.3513,41.3637],[-75.3497,41.3665],[-75.3506,41.3677],[-75.3485,41.3706],[-75.3444,41.3715],[-75.3378,41.3763],[-75.3355,41.3757],[-75.3307,41.3696],[-75.3237,41.366],[-75.3143,41.3686],[-75.3091,41.3747],[-75.3061,41.3742],[-75.2983,41.3674],[-75.3002,41.4842],[-75.2478,41.5039],[-75.2214,41.5163],[-75.2366,41.5294],[-75.2334,41.5313],[-75.2348,41.533],[-75.2294,41.5351],[-75.2318,41.5386],[-75.2194,41.5428],[-75.2151,41.5362],[-75.217,41.5354],[-75.2156,41.5333],[-75.2117,41.5354],[-75.2125,41.5366],[-75.2099,41.5369],[-75.2122,41.5338],[-75.2079,41.5353],[-75.2095,41.5422],[-75.1959,41.5461],[-75.1941,41.545],[-75.1868,41.5318],[-75.122,41.535],[-75.0697,41.6017],[-75.06,41.5908],[-75.0529,41.5878],[-75.0468,41.5833],[-75.0439,41.5751],[-75.0405,41.5697],[-75.0332,41.5651],[-75.0273,41.5635],[-75.0185,41.5518],[-75.0161,41.5442],[-75.0248,41.5398],[-75.0248,41.5351],[-75.023,41.5331],[-75.0149,41.5314],[-75.0038,41.5241],[-75.0009,41.5193],[-75.0037,41.5111],[-75.0032,41.5081],[-74.9996,41.5074],[-74.9876,41.5087],[-74.9844,41.5066],[-74.9822,41.4985],[-74.9856,41.4859],[-74.9833,41.4809],[-74.9659,41.4771],[-74.9903,41.3927],[-74.9816,41.3894],[-74.9713,41.3896],[-74.9711,41.3876],[-74.9736,41.3858],[-74.9737,41.3818],[-74.9761,41.3794],[-74.9862,41.3785],[-74.9868,41.3771],[-74.9932,41.3738],[-74.9968,41.3738],[-74.997,41.3725],[-75.0001,41.3719],[-75.0069,41.3672],[-75.0068,41.3647],[-75.0031,41.3617],[-75.0019,41.3585],[-75.0021,41.3541],[-75.0067,41.3499],[-75.0109,41.3479],[-75.0141,41.3432],[-75.0179,41.3422],[-75.045,41.2899],[-75.1157,41.2937],[-75.1297,41.2521],[-75.3599,41.2387],[-75.3628,41.2394],[-75.3722,41.238],[-75.3874,41.2916],[-75.3901,41.296]]]}},{"type":"Feature","properties":{"geoid":"4210230","name":"Franklin Regional School District"},"geometry":{"type":"Polygon","coordinates":[[[-79.7276,40.4129],[-79.7268,40.4145],[-79.7223,40.4149],[-79.7172,40.4138],[-79.716,40.4174],[-79.7069,40.4223],[-79.707,40.424],[-79.7048,40.4263],[-79.7025,40.4773],[-79.702,40.5238],[-79.7016,40.5254],[-79.6991,40.5255],[-79.6941,40.5209],[-79.692,40.5163],[-79.6902,40.5161],[-79.6854,40.5112],[-79.6763,40.5048],[-79.6716,40.4981],[-79.6611,40.4974],[-79.6437,40.4897],[-79.6366,40.4881],[-79.6339,40.483],[-79.6148,40.476],[-79.6132,40.4697],[-79.616,40.4682],[-79.6152,40.4654],[-79.6085,40.4558],[-79.601,40.4506],[-79.6013,40.4468],[-79.5989,40.4462],[-79.5988,40.4451],[-79.6007,40.4426],[-79.5941,40.438],[-79.5942,40.4342],[-79.5889,40.4291],[-79.5822,40.4304],[-79.576,40.4272],[-79.5708,40.4204],[-79.5697,40.4134],[-79.5665,40.4124],[-79.5692,40.407],[-79.5699,40.4088],[-79.5751,40.4112],[-79.578,40.4102],[-79.5785,40.4089],[-79.5764,40.4077],[-79.5923,40.3982],[-79.6048,40.402],[-79.6096,40.4057],[-79.6243,40.4023],[-79.6557,40.3994],[-79.6722,40.4011],[-79.6773,40.4033],[-79.6871,40.4026],[-79.6914,40.3976],[-79.6937,40.3972],[-79.6969,40.3978],[-79.7021,40.4016],[-79.7085,40.4033],[-79.7106,40.4056],[-79.7156,40.4056],[-79.7276,40.4129]]]}},{"type":"Feature","properties":{"geoid":"4217940","name":"Norwin School District"},"geometry":{"type":"Polygon","coordinates":[[[-79.788,40.3153],[-79.7877,40.3166],[-79.7833,40.3173],[-79.7711,40.3754],[-79.7683,40.3742],[-79.7674,40.3721],[-79.7692,40.3714],[-79.7673,40.3696],[-79.7646,40.3701],[-79.7629,40.3717],[-79.7646,40.3742],[-79.763,40.3746],[-79.7638,40.3766],[-79.7584,40.3765],[-79.7547,40.3779],[-79.7546,40.3807],[-79.7487,40.387],[-79.7449,40.3853],[-79.7081,40.3542],[-79.7013,40.3575],[-79.7004,40.3553],[-79.6974,40.3554],[-79.6951,40.3515],[-79.6955,40.35],[-79.6933,40.3482],[-79.6893,40.3503],[-79.6817,40.3465],[-79.6756,40.3379],[-79.6718,40.3356],[-79.6714,40.3338],[-79.674,40.3336],[-79.671,40.3298],[-79.6658,40.329],[-79.6651,40.3209],[-79.6676,40.3128],[-79.6739,40.313],[-79.6744,40.3108],[-79.6802,40.3067],[-79.6951,40.2918],[-79.7044,40.2913],[-79.7165,40.2932],[-79.7241,40.293],[-79.7255,40.2914],[-79.7311,40.291],[-79.7537,40.2916],[-79.7722,40.2875],[-79.7752,40.2879],[-79.781,40.2936],[-79.7886,40.2977],[-79.7859,40.3076],[-79.7892,40.3091],[-79.788,40.3153]]]}},{"type":"Feature","properties":{"geoid":"4213500","name":"Lehighton Area School District"},"geometry":{"type":"Polygon","coordinates":[[[-75.8584,40.7988],[-75.7534,40.8447],[-75.7346,40.8563],[-75.7384,40.8601],[-75.7335,40.8597],[-75.7241,40.8642],[-75.7206,40.8644],[-75.718,40.8629],[-75.7144,40.8579],[-75.633,40.8946],[-75.6175,40.8277],[-75.6735,40.8153],[-75.6706,40.8116],[-75.671,40.8051],[-75.6722,40.8033],[-75.668,40.7977],[-75.6498,40.7892],[-75.6285,40.7938],[-75.624,40.7954],[-75.6223,40.7975],[-75.6185,40.7977],[-75.6181,40.795],[-75.6115,40.7909],[-75.6091,40.7875],[-75.6768,40.7749],[-75.6947,40.7701],[-75.7024,40.7622],[-75.7286,40.7539],[-75.7393,40.7442],[-75.7436,40.7435],[-75.7449,40.7403],[-75.7578,40.7354],[-75.8584,40.7988]]]}},{"type":"Feature","properties":{"geoid":"4223850","name":"Tunkhannock Area School District"},"geometry":{"type":"Polygon","coordinates":[[[-76.2828,41.3772],[-76.2281,41.5111],[-76.2239,41.5245],[-76.2135,41.5706],[-76.1897,41.5745],[-76.1936,41.5746],[-76.1941,41.5827],[-76.1975,41.585],[-76.1872,41.6045],[-76.177,41.6019],[-76.1769,41.5991],[-76.1681,41.5983],[-76.1659,41.5968],[-76.1678,41.596],[-76.1651,41.5935],[-76.1673,41.5922],[-76.163,41.5926],[-76.1632,41.594],[-76.1606,41.5943],[-76.1586,41.5924],[-76.1558,41.5962],[-76.1531,41.5935],[-76.1477,41.5958],[-76.1414,41.5944],[-76.146,41.5888],[-76.1392,41.595],[-76.1313,41.5905],[-76.1258,41.5936],[-76.1236,41.592],[-76.1273,41.5889],[-76.1211,41.5775],[-76.1203,41.5784],[-76.1057,41.5745],[-76.1019,41.5776],[-76.0965,41.5779],[-76.094,41.5833],[-76.0951,41.5862],[-76.0891,41.5975],[-76.0835,41.5963],[-76.0794,41.5974],[-76.0763,41.5998],[-76.0686,41.6121],[-76.0626,41.615],[-76.0527,41.6131],[-76.049,41.6084],[-76.048,41.6036],[-76.0496,41.5961],[-76.0323,41.597],[-76.032,41.5978],[-76.0099,41.5971],[-76.009,41.6119],[-76.0054,41.6122],[-76.0051,41.6207],[-76.0014,41.6224],[-76.0005,41.6244],[-76.0006,41.6264],[-76.0021,41.6272],[-76.0021,41.6302],[-75.9994,41.6337],[-75.9931,41.6381],[-75.9942,41.6396],[-75.9839,41.6447],[-75.8896,41.6436],[-75.8884,41.6423],[-75.8878,41.637],[-75.8827,41.6317],[-75.8824,41.6281],[-75.8793,41.6239],[-75.8811,41.6177],[-75.8799,41.6169],[-75.8796,41.6144],[-75.8755,41.6144],[-75.8728,41.6075],[-75.8742,41.6074],[-75.8743,41.6044],[-75.8556,41.6055],[-75.8538,41.604],[-75.8539,41.6008],[-75.8457,41.5994],[-75.8431,41.5952],[-75.8452,41.5948],[-75.8456,41.5887],[-75.8488,41.5889],[-75.8567,41.5927],[-75.8581,41.5927],[-75.8611,41.5896],[-75.8602,41.5842],[-75.8573,41.584],[-75.8606,41.5749],[-75.8439,41.5701],[-75.8394,41.5415],[-75.7893,41.5413],[-75.8032,41.5242],[-75.7716,41.5058],[-75.8346,41.4269],[-75.8487,41.4339],[-75.8514,41.4366],[-75.8539,41.4444],[-75.8512,41.4573],[-75.8541,41.462],[-75.8595,41.4644],[-75.8623,41.4644],[-75.8698,41.4605],[-75.8671,41.4426],[-75.8787,41.4151],[-75.9833,41.3911],[-76.0051,41.3846],[-76.0422,41.3831],[-76.0471,41.4714],[-76.0532,41.4711],[-76.0527,41.468],[-76.0939,41.4662],[-76.0924,41.4454],[-76.1142,41.4445],[-76.1138,41.4384],[-76.136,41.4376],[-76.1358,41.4328],[-76.1622,41.4321],[-76.1589,41.3799],[-76.2828,41.3772]]]}},{"type":"Feature","properties":{"geoid":"4207710","name":"Downingtown Area School District"},"geometry":{"type":"Polygon","coordinates":[[[-75.8225,40.0821],[-75.7795,40.1159],[-75.7803,40.1207],[-75.7778,40.1234],[-75.7653,40.1243],[-75.7641,40.1191],[-75.759,40.1135],[-75.7536,40.1046],[-75.7506,40.1024],[-75.7502,40.1001],[-75.7351,40.0987],[-75.7331,40.1033],[-75.7302,40.1061],[-75.7233,40.1063],[-75.7197,40.1082],[-75.7151,40.1188],[-75.7044,40.1119],[-75.7064,40.1071],[-75.6974,40.1016],[-75.6732,40.1123],[-75.6685,40.1036],[-75.6762,40.1003],[-75.6778,40.1022],[-75.6857,40.095],[-75.6638,40.0824],[-75.6275,40.1208],[-75.5812,40.094],[-75.6185,40.0561],[-75.6133,40.0505],[-75.6281,40.0459],[-75.6274,40.0449],[-75.6311,40.0449],[-75.6737,40.0319],[-75.6563,40.0081],[-75.6638,40.0054],[-75.6631,40.0018],[-75.6841,39.9996],[-75.6836,39.9968],[-75.6953,39.9946],[-75.6913,39.9909],[-75.6875,39.9819],[-75.6829,39.976],[-75.673,39.9684],[-75.665,39.9673],[-75.6551,39.9543],[-75.6762,39.9447],[-75.6679,39.9344],[-75.68,39.9338],[-75.6799,39.9285],[-75.6868,39.9231],[-75.6899,39.9235],[-75.6884,39.9213],[-75.6899,39.9205],[-75.6944,39.9343],[-75.7758,39.9504],[-75.7728,39.9591],[-75.7693,39.9582],[-75.7662,39.9655],[-75.7685,39.9853],[-75.7498,39.9868],[-75.7501,39.9906],[-75.7281,39.9925],[-75.7153,39.9954],[-75.7155,39.997],[-75.7237,39.9968],[-75.724,39.9988],[-75.727,39.9988],[-75.7269,40.001],[-75.7246,40.0031],[-75.7166,40.0043],[-75.7172,40.0096],[-75.7194,40.0105],[-75.7185,40.0124],[-75.7058,40.0134],[-75.7041,40.0151],[-75.7069,40.0178],[-75.706,40.0223],[-75.7331,40.0166],[-75.7647,40.0155],[-75.7649,40.0141],[-75.7797,40.0128],[-75.7795,40.0116],[-75.784,40.0112],[-75.7845,40.0228],[-75.7896,40.0224],[-75.7854,40.0478],[-75.7748,40.0486],[-75.7744,40.0632],[-75.7909,40.0618],[-75.8113,40.0793],[-75.8225,40.0821]]]}},{"type":"Feature","properties":{"geoid":"4218030","name":"Octorara Area School District"},"geometry":{"type":"Polygon","coordinates":[[[-76.0713,39.9687],[-75.9827,39.9885],[-75.9724,39.9875],[-75.9514,40.0164],[-75.9379,40.0087],[-75.9371,39.9993],[-75.9328,39.9865],[-75.929,39.9637],[-75.9257,39.963],[-75.9202,39.9672],[-75.9203,39.9683],[-75.9078,39.9692],[-75.9064,39.9555],[-75.8904,39.9586],[-75.8906,39.9575],[-75.8817,39.95],[-75.8737,39.9496],[-75.8721,39.9438],[-75.8692,39.942],[-75.8594,39.9427],[-75.8538,39.9328],[-75.8566,39.9317],[-75.8567,39.9277],[-75.8522,39.9236],[-75.8465,39.9222],[-75.8421,39.9096],[-75.84,39.9066],[-75.8373,39.9074],[-75.8353,39.9008],[-75.8531,39.8892],[-75.848,39.8591],[-75.8535,39.8587],[-75.8521,39.8507],[-75.8764,39.8496],[-75.9017,39.8431],[-75.9012,39.8454],[-75.9057,39.8458],[-75.9072,39.856],[-75.9128,39.8584],[-75.915,39.8644],[-75.965,39.8596],[-75.9869,39.8735],[-75.9905,39.8709],[-75.9913,39.8687],[-75.9984,39.872],[-75.9975,39.8736],[-76.0017,39.8747],[-76.0191,39.8942],[-76.0389,39.9229],[-76.0547,39.9322],[-76.0592,39.9516],[-76.0713,39.9687]]]}},{"type":"Feature","properties":{"geoid":"4219050","name":"Phoenixville Area School District"},"geometry":{"type":"Polygon","coordinates":[[[-75.6063,40.1082],[-75.5456,40.1701],[-75.5414,40.1662],[-75.5393,40.1684],[-75.536,40.1694],[-75.5338,40.1687],[-75.5318,40.1706],[-75.5292,40.1687],[-75.5271,40.1623],[-75.5276,40.1509],[-75.5243,40.1477],[-75.5192,40.148],[-75.5132,40.1583],[-75.509,40.1601],[-75.5038,40.1597],[-75.5011,40.1574],[-75.501,40.1545],[-75.5093,40.1456],[-75.5108,40.1405],[-75.5097,40.1371],[-75.5056,40.1326],[-75.4926,40.1261],[-75.4811,40.1268],[-75.4724,40.1293],[-75.4621,40.1253],[-75.4617,40.1208],[-75.4694,40.1167],[-75.4716,40.1119],[-75.4692,40.1074],[-75.4617,40.103],[-75.4629,40.0973],[-75.4566,40.0939],[-75.4964,40.0836],[-75.5022,40.0851],[-75.5153,40.0946],[-75.5255,40.1044],[-75.554,40.1218],[-75.5812,40.094],[-75.6063,40.1082]]]}},{"type":"Feature","properties":{"geoid":"4224210","name":"Unionville-Chadds Ford School District"},"geometry":{"type":"Polygon","coordinates":[[[-75.8531,39.8892],[-75.8353,39.9008],[-75.8373,39.9074],[-75.84,39.9066],[-75.8421,39.9096],[-75.8468,39.9235],[-75.8359,39.9279],[-75.8345,39.9303],[-75.8316,39.9304],[-75.8265,39.9334],[-75.8239,39.9295],[-75.8138,39.9319],[-75.8079,39.924],[-75.7988,39.9188],[-75.7876,39.9161],[-75.7758,39.9504],[-75.6944,39.9343],[-75.6899,39.9205],[-75.6884,39.9213],[-75.6899,39.9235],[-75.6868,39.9231],[-75.6819,39.9265],[-75.6792,39.9299],[-75.68,39.9338],[-75.6765,39.9346],[-75.6751,39.9335],[-75.6679,39.9344],[-75.6601,39.9248],[-75.6504,39.9232],[-75.6448,39.9195],[-75.6336,39.9167],[-75.6334,39.9149],[-75.6146,39.9237],[-75.6108,39.9287],[-75.5968,39.9108],[-75.5945,39.9119],[-75.5879,39.9036],[-75.5703,39.9118],[-75.5351,39.8659],[-75.548,39.8659],[-75.5433,39.8567],[-75.5591,39.8498],[-75.5513,39.8385],[-75.5705,39.839],[-75.5937,39.8375],[-75.6348,39.8301],[-75.6397,39.8703],[-75.6532,39.8782],[-75.6645,39.8759],[-75.6641,39.8746],[-75.6688,39.8737],[-75.6684,39.869],[-75.6923,39.8678],[-75.6929,39.873],[-75.6997,39.8724],[-75.7019,39.8669],[-75.7046,39.8665],[-75.7035,39.8572],[-75.7805,39.8493],[-75.7812,39.8553],[-75.7835,39.8551],[-75.7858,39.8717],[-75.849,39.8665],[-75.8531,39.8892]]]}},{"type":"Feature","properties":{"geoid":"4212720","name":"Keystone School District"},"geometry":{"type":"Polygon","coordinates":[[[-79.6689,41.1991],[-79.6496,41.2179],[-79.6504,41.2537],[-79.6329,41.2536],[-79.6327,41.2669],[-79.6277,41.2669],[-79.6276,41.2772],[-79.6046,41.2771],[-79.6042,41.3215],[-79.5415,41.321],[-79.5414,41.336],[-79.4781,41.3357],[-79.4783,41.3153],[-79.4389,41.3151],[-79.4415,41.2121],[-79.4406,41.2082],[-79.4421,41.1925],[-79.4467,41.19],[-79.4477,41.1872],[-79.4516,41.1839],[-79.4618,41.1791],[-79.4725,41.1703],[-79.478,41.1699],[-79.4813,41.1722],[-79.4854,41.1731],[-79.4872,41.1722],[-79.4909,41.162],[-79.5141,41.1566],[-79.5133,41.1409],[-79.5098,41.141],[-79.5103,41.1164],[-79.5482,41.0964],[-79.5712,41.0949],[-79.5846,41.1171],[-79.5965,41.1326],[-79.5963,41.1348],[-79.5941,41.1372],[-79.5853,41.1396],[-79.5826,41.1415],[-79.5839,41.1435],[-79.5856,41.1436],[-79.5974,41.1417],[-79.5992,41.1429],[-79.5995,41.1453],[-79.5961,41.1522],[-79.598,41.1546],[-79.6006,41.1555],[-79.6049,41.1545],[-79.6057,41.1985],[-79.6663,41.1971],[-79.6689,41.1991]]]}},{"type":"Feature","properties":{"geoid":"4222860","name":"Stroudsburg Area School District"},"geometry":{"type":"MultiPolygon","coordinates":[[[[-75.1564,40.9881],[-75.1497,40.9919],[-75.1442,40.9884],[-75.1376,40.9904],[-75.1315,40.9892],[-75.1321,40.9826],[-75.1355,40.9769],[-75.1355,40.9738],[-75.1314,40.9693],[-75.1226,40.9702],[-75.1202,40.9687],[-75.1292,40.9589],[-75.139,40.9544],[-75.1457,40.9745],[-75.1508,40.9763],[-75.1564,40.9881]]],[[[-75.3458,40.9501],[-75.2751,41.0069],[-75.2235,41.0734],[-75.1929,41.0661],[-75.1812,41.0209],[-75.1844,41.0158],[-75.1898,41.0144],[-75.1939,41.0189],[-75.1957,41.0179],[-75.1923,41.0114],[-75.1934,41.0074],[-75.1955,41.0076],[-75.1923,41.0052],[-75.1912,41.0032],[-75.1919,40.9993],[-75.1876,40.9958],[-75.187,40.992],[-75.1815,40.9843],[-75.1733,40.9862],[-75.1604,40.9485],[-75.1695,40.948],[-75.1768,40.9455],[-75.1781,40.9403],[-75.1875,40.9371],[-75.1955,40.9363],[-75.2182,40.9279],[-75.2218,40.9196],[-75.2411,40.9094],[-75.2325,40.8998],[-75.2672,40.8825],[-75.2735,40.8732],[-75.284,40.866],[-75.2948,40.8622],[-75.3554,40.9425],[-75.3458,40.9501]]]]}},{"type":"Feature","properties":{"geoid":"4202130","name":"Aliquippa School District"},"geometry":{"type":"Polygon","coordinates":[[[-80.2925,40.6082],[-80.2879,40.6101],[-80.2855,40.613],[-80.2899,40.6174],[-80.2878,40.6202],[-80.2856,40.617],[-80.2826,40.6181],[-80.2817,40.6164],[-80.2783,40.6181],[-80.2716,40.6174],[-80.2629,40.6201],[-80.2626,40.6216],[-80.2537,40.6239],[-80.2521,40.6259],[-80.2529,40.6307],[-80.2521,40.6313],[-80.247,40.63],[-80.2457,40.632],[-80.2469,40.6339],[-80.2472,40.6446],[-80.2504,40.6494],[-80.247,40.6507],[-80.243,40.6458],[-80.2405,40.6378],[-80.2331,40.6318],[-80.2366,40.5989],[-80.235,40.5852],[-80.2378,40.5848],[-80.2413,40.5948],[-80.2425,40.6099],[-80.2443,40.6099],[-80.247,40.6066],[-80.2524,40.6058],[-80.2517,40.6032],[-80.2532,40.5978],[-80.2549,40.5978],[-80.2573,40.6031],[-80.2621,40.6031],[-80.2623,40.6043],[-80.2708,40.6035],[-80.2748,40.6009],[-80.2823,40.6059],[-80.2848,40.6052],[-80.2858,40.6069],[-80.2891,40.6038],[-80.2925,40.6082]]]}},{"type":"Feature","properties":{"geoid":"4203630","name":"Big Beaver Falls Area School District"},"geometry":{"type":"Polygon","coordinates":[[[-80.4085,40.8524],[-80.3226,40.8532],[-80.3241,40.848],[-80.3144,40.8385],[-80.3114,40.8283],[-80.3118,40.8254],[-80.3181,40.8113],[-80.3233,40.8038],[-80.3319,40.7968],[-80.3262,40.7849],[-80.3191,40.7791],[-80.3176,40.7721],[-80.315,40.7724],[-80.3147,40.7685],[-80.3122,40.7677],[-80.3118,40.7646],[-80.3134,40.7645],[-80.3133,40.7612],[-80.3098,40.7577],[-80.3086,40.7532],[-80.3193,40.7391],[-80.3318,40.7491],[-80.3321,40.7618],[-80.3366,40.7624],[-80.3424,40.7599],[-80.3445,40.7651],[-80.3448,40.7723],[-80.3306,40.7728],[-80.3313,40.7826],[-80.3352,40.7883],[-80.3453,40.7893],[-80.3644,40.7948],[-80.3801,40.7936],[-80.383,40.7959],[-80.3829,40.7977],[-80.4089,40.7995],[-80.4085,40.8524]]]}},{"type":"Feature","properties":{"geoid":"4217580","name":"Northern Bedford County School District"},"geometry":{"type":"Polygon","coordinates":[[[-78.4898,40.1623],[-78.4849,40.1698],[-78.4723,40.1992],[-78.4562,40.2261],[-78.4471,40.2458],[-78.4428,40.2596],[-78.4422,40.2774],[-78.4343,40.3023],[-78.3735,40.2765],[-78.3239,40.2573],[-78.3067,40.2481],[-78.2888,40.2421],[-78.2882,40.2436],[-78.2932,40.2287],[-78.3036,40.2187],[-78.3096,40.2102],[-78.3551,40.1691],[-78.2575,40.1625],[-78.2671,40.138],[-78.2691,40.138],[-78.2704,40.1363],[-78.2699,40.1348],[-78.2687,40.1375],[-78.2647,40.1369],[-78.2633,40.1355],[-78.2635,40.1325],[-78.2663,40.1315],[-78.269,40.1324],[-78.2674,40.1285],[-78.2697,40.1234],[-78.2767,40.1206],[-78.2761,40.1155],[-78.2776,40.1126],[-78.2762,40.1075],[-78.2777,40.1064],[-78.2829,40.1064],[-78.2903,40.0966],[-78.2972,40.0974],[-78.298,40.0955],[-78.2935,40.091],[-78.2921,40.0872],[-78.2952,40.0853],[-78.3071,40.0835],[-78.3092,40.0816],[-78.3078,40.0793],[-78.3022,40.0771],[-78.3011,40.0757],[-78.3018,40.0746],[-78.3115,40.0769],[-78.3138,40.0756],[-78.311,40.0715],[-78.3063,40.0688],[-78.3057,40.0671],[-78.3071,40.0652],[-78.3196,40.0665],[-78.323,40.0633],[-78.312,40.0568],[-78.3116,40.0523],[-78.3194,40.0552],[-78.3224,40.0551],[-78.3247,40.053],[-78.3377,40.0573],[-78.3423,40.0561],[-78.3451,40.0568],[-78.3508,40.0533],[-78.3541,40.0531],[-78.3735,40.0553],[-78.3655,40.0789],[-78.3644,40.0899],[-78.367,40.1098],[-78.3744,40.1088],[-78.376,40.1057],[-78.3781,40.106],[-78.3863,40.1012],[-78.3917,40.1008],[-78.3994,40.1023],[-78.4007,40.1061],[-78.404,40.1077],[-78.4218,40.112],[-78.4324,40.1173],[-78.4372,40.1221],[-78.4401,40.1292],[-78.4429,40.1315],[-78.445,40.136],[-78.451,40.141],[-78.4576,40.1489],[-78.4718,40.1543],[-78.4781,40.152],[-78.4839,40.1519],[-78.4876,40.154],[-78.4899,40.1583],[-78.4898,40.1623]]]}},{"type":"Feature","properties":{"geoid":"4207590","name":"Derry Township School District"},"geometry":{"type":"MultiPolygon","coordinates":[[[[-76.7075,40.2623],[-76.7055,40.2612],[-76.7014,40.2615],[-76.7003,40.2598],[-76.7022,40.2592],[-76.7056,40.2612],[-76.7072,40.2604],[-76.7075,40.2623]]],[[[-76.7368,40.2528],[-76.7347,40.2556],[-76.7257,40.2619],[-76.7164,40.2595],[-76.7162,40.2614],[-76.7159,40.2594],[-76.7069,40.2581],[-76.6974,40.2597],[-76.6978,40.2658],[-76.6936,40.2661],[-76.694,40.2695],[-76.6974,40.2684],[-76.6975,40.2705],[-76.6938,40.2763],[-76.7016,40.2841],[-76.7012,40.287],[-76.6965,40.2886],[-76.6791,40.2869],[-76.6757,40.2885],[-76.6748,40.2933],[-76.6677,40.2991],[-76.667,40.3075],[-76.6652,40.3107],[-76.6593,40.3175],[-76.6585,40.3213],[-76.654,40.3236],[-76.6464,40.3237],[-76.6437,40.3226],[-76.6396,40.3123],[-76.6365,40.3103],[-76.6351,40.3109],[-76.6292,40.3169],[-76.63,40.321],[-76.6261,40.3269],[-76.6246,40.3324],[-76.6255,40.3393],[-76.5922,40.2543],[-76.6617,40.2379],[-76.6593,40.2314],[-76.7265,40.2285],[-76.7256,40.235],[-76.7271,40.2426],[-76.7235,40.2483],[-76.7176,40.2492],[-76.7169,40.2518],[-76.7232,40.257],[-76.7268,40.2558],[-76.7316,40.2502],[-76.7362,40.2499],[-76.7368,40.2528]]]]}},{"type":"Feature","properties":{"geoid":"4215360","name":"Millersburg Area School District"},"geometry":{"type":"Polygon","coordinates":[[[-76.9924,40.5679],[-76.99,40.5724],[-76.9837,40.5783],[-76.9653,40.587],[-76.9574,40.5947],[-76.9539,40.6014],[-76.9529,40.6198],[-76.9508,40.627],[-76.9491,40.6282],[-76.937,40.6128],[-76.9255,40.6089],[-76.9187,40.6035],[-76.9178,40.6048],[-76.9208,40.6083],[-76.921,40.6096],[-76.9199,40.6101],[-76.9033,40.6119],[-76.8989,40.6105],[-76.89,40.6103],[-76.8897,40.6129],[-76.8915,40.6143],[-76.8903,40.6163],[-76.8864,40.6178],[-76.8733,40.5645],[-76.8701,40.5299],[-76.9089,40.5267],[-76.9421,40.5274],[-76.953,40.5245],[-76.9722,40.5218],[-76.9844,40.5146],[-76.9857,40.525],[-76.9815,40.5319],[-76.9805,40.5383],[-76.9872,40.5534],[-76.9868,40.5548],[-76.993,40.564],[-76.9924,40.5679]]]}},{"type":"Feature","properties":{"geoid":"4212030","name":"Hopewell Area School District"},"geometry":{"type":"Polygon","coordinates":[[[-80.4169,40.6203],[-80.4152,40.6191],[-80.4121,40.6194],[-80.4121,40.6206],[-80.4053,40.6257],[-80.4065,40.6267],[-80.4042,40.627],[-80.3982,40.6324],[-80.4021,40.6396],[-80.3947,40.641],[-80.392,40.6395],[-80.39,40.6345],[-80.3867,40.6307],[-80.3787,40.6333],[-80.3702,40.6319],[-80.3563,40.6335],[-80.3509,40.6372],[-80.3441,40.6377],[-80.3383,40.6352],[-80.3339,40.6353],[-80.3405,40.6301],[-80.3351,40.6264],[-80.3366,40.625],[-80.3407,40.6257],[-80.3441,40.6244],[-80.3425,40.619],[-80.3449,40.6148],[-80.3401,40.6143],[-80.3342,40.6205],[-80.332,40.6209],[-80.3293,40.617],[-80.3246,40.6142],[-80.3193,40.6061],[-80.3165,40.6041],[-80.2448,40.656],[-80.2395,40.6495],[-80.2331,40.6318],[-80.2405,40.6378],[-80.243,40.6458],[-80.247,40.6507],[-80.2504,40.6494],[-80.2472,40.6446],[-80.2469,40.6339],[-80.2457,40.632],[-80.247,40.63],[-80.2521,40.6313],[-80.2529,40.6307],[-80.2521,40.6259],[-80.2537,40.6239],[-80.2626,40.6216],[-80.2629,40.6201],[-80.2716,40.6174],[-80.2783,40.6181],[-80.2817,40.6164],[-80.2826,40.6181],[-80.2856,40.617],[-80.2878,40.6202],[-80.2899,40.6174],[-80.2855,40.613],[-80.2879,40.6101],[-80.2925,40.6082],[-80.2891,40.6038],[-80.2858,40.6069],[-80.2848,40.6052],[-80.2823,40.6059],[-80.2748,40.6009],[-80.2708,40.6035],[-80.2623,40.6043],[-80.2621,40.6031],[-80.2573,40.6031],[-80.2549,40.5978],[-80.2532,40.5978],[-80.2517,40.6032],[-80.2524,40.6058],[-80.247,40.6066],[-80.2443,40.6099],[-80.2425,40.6099],[-80.2413,40.5948],[-80.2378,40.5848],[-80.235,40.5852],[-80.2334,40.5806],[-80.2391,40.5812],[-80.2378,40.5776],[-80.2439,40.575],[-80.2431,40.5705],[-80.2334,40.5696],[-80.3608,40.4777],[-80.3726,40.5598],[-80.4111,40.5593],[-80.4165,40.6149],[-80.4182,40.6195],[-80.4169,40.6203]]]}},{"type":"Feature","properties":{"geoid":"4210650","name":"General McLane School District"},"geometry":{"type":"Polygon","coordinates":[[[-80.2654,41.94],[-80.2645,41.9703],[-80.2043,41.9698],[-80.2023,42.0219],[-80.1775,42.0305],[-80.1764,42.0287],[-80.1402,42.0414],[-80.1408,42.0424],[-80.126,42.0478],[-80.1148,42.0299],[-80.1044,42.034],[-80.1047,42.0194],[-80.0838,42.0193],[-80.0837,42.0156],[-80.0746,42.0157],[-80.0645,41.9989],[-80.0449,41.9991],[-80.0455,41.9687],[-80.0746,41.9687],[-80.0744,41.9406],[-80.0701,41.9407],[-80.0689,41.9251],[-80.0662,41.9251],[-80.0663,41.9149],[-80.0346,41.9147],[-80.0352,41.85],[-80.2065,41.849],[-80.206,41.89],[-80.2662,41.8905],[-80.2654,41.94]]]}},{"type":"Feature","properties":{"geoid":"4217880","name":"Northwestern School District"},"geometry":{"type":"Polygon","coordinates":[[[-80.5194,41.9772],[-80.4942,41.9869],[-80.489,41.9874],[-80.4576,41.9969],[-80.4369,42.0056],[-80.4342,42.0054],[-80.4024,42.0131],[-80.3859,42.019],[-80.3858,41.9997],[-80.3878,41.9997],[-80.3888,41.9403],[-80.3483,41.9401],[-80.348,41.9505],[-80.3583,41.9504],[-80.3581,41.9601],[-80.3324,41.96],[-80.3324,41.9651],[-80.3253,41.9652],[-80.3254,41.9599],[-80.311,41.9599],[-80.3111,41.9554],[-80.3058,41.9554],[-80.3057,41.9426],[-80.3101,41.9427],[-80.3102,41.9402],[-80.2654,41.94],[-80.2662,41.8905],[-80.206,41.89],[-80.2065,41.849],[-80.5193,41.8496],[-80.5194,41.9772]]]}},{"type":"Feature","properties":{"geoid":"4212330","name":"Jeannette City School District"},"geometry":{"type":"Polygon","coordinates":[[[-79.6362,40.3303],[-79.6296,40.3315],[-79.6296,40.3335],[-79.6266,40.3329],[-79.6259,40.3344],[-79.6295,40.3351],[-79.6295,40.3363],[-79.6179,40.3373],[-79.6163,40.3395],[-79.6129,40.3393],[-79.6133,40.3418],[-79.6101,40.3421],[-79.6098,40.3401],[-79.5993,40.3419],[-79.5971,40.3372],[-79.5997,40.3332],[-79.5993,40.3283],[-79.601,40.3274],[-79.6072,40.3281],[-79.6114,40.3254],[-79.6085,40.322],[-79.6036,40.3197],[-79.6075,40.3175],[-79.6026,40.316],[-79.6019,40.3132],[-79.605,40.3114],[-79.6129,40.3104],[-79.6143,40.3125],[-79.6193,40.3129],[-79.6186,40.3157],[-79.6239,40.316],[-79.6208,40.3193],[-79.6299,40.3241],[-79.6288,40.3254],[-79.6306,40.3266],[-79.6303,40.3286],[-79.6327,40.33],[-79.6364,40.3287],[-79.6362,40.3303]]]}},{"type":"Feature","properties":{"geoid":"4221150","name":"Yough School District"},"geometry":{"type":"MultiPolygon","coordinates":[[[[-79.6642,40.2747],[-79.6579,40.2758],[-79.6484,40.2637],[-79.6503,40.2616],[-79.6641,40.2639],[-79.6631,40.2694],[-79.6662,40.2739],[-79.6642,40.2747]]],[[[-79.8074,40.2369],[-79.8051,40.2412],[-79.7991,40.247],[-79.7967,40.2528],[-79.7877,40.2618],[-79.7888,40.2653],[-79.7951,40.2722],[-79.7961,40.2752],[-79.7965,40.2794],[-79.7947,40.2817],[-79.7796,40.2823],[-79.7758,40.285],[-79.7752,40.2879],[-79.7684,40.288],[-79.7537,40.2916],[-79.7311,40.291],[-79.7255,40.2914],[-79.7241,40.293],[-79.7165,40.2932],[-79.7044,40.2913],[-79.6951,40.2918],[-79.6977,40.2807],[-79.6965,40.2781],[-79.7001,40.273],[-79.6933,40.2647],[-79.6835,40.2488],[-79.6803,40.2521],[-79.6788,40.2504],[-79.674,40.2504],[-79.6682,40.247],[-79.6679,40.2408],[-79.6701,40.2388],[-79.6615,40.2332],[-79.6537,40.2182],[-79.6588,40.2137],[-79.6573,40.2108],[-79.6633,40.2096],[-79.6587,40.2079],[-79.6539,40.2081],[-79.6516,40.2085],[-79.6515,40.2101],[-79.6424,40.2111],[-79.6373,40.2062],[-79.6272,40.2015],[-79.637,40.1647],[-79.6416,40.1591],[-79.6498,40.1193],[-79.6493,40.1125],[-79.6617,40.0945],[-79.6633,40.0946],[-79.6639,40.0967],[-79.6685,40.0973],[-79.6662,40.1027],[-79.6676,40.1045],[-79.6718,40.1062],[-79.6757,40.1057],[-79.6838,40.1086],[-79.6851,40.1136],[-79.6917,40.1131],[-79.6987,40.1096],[-79.7021,40.1104],[-79.7064,40.1076],[-79.7113,40.1087],[-79.7173,40.1129],[-79.7232,40.1137],[-79.719,40.1164],[-79.7188,40.1176],[-79.7244,40.1231],[-79.7276,40.1206],[-79.7349,40.121],[-79.7444,40.1281],[-79.7432,40.1398],[-79.7467,40.1507],[-79.7447,40.1563],[-79.7461,40.1592],[-79.7555,40.1588],[-79.7606,40.1644],[-79.7624,40.1728],[-79.7646,40.1765],[-79.7758,40.1781],[-79.7781,40.1807],[-79.7771,40.1839],[-79.768,40.1872],[-79.7612,40.1878],[-79.7581,40.189],[-79.7572,40.1913],[-79.7587,40.1952],[-79.7683,40.2001],[-79.7688,40.1992],[-79.7707,40.2019],[-79.7778,40.2027],[-79.782,40.2014],[-79.7826,40.2054],[-79.7811,40.213],[-79.7826,40.2123],[-79.7821,40.2136],[-79.7718,40.2128],[-79.7684,40.2186],[-79.7662,40.2189],[-79.7657,40.2261],[-79.7727,40.2283],[-79.7874,40.2281],[-79.8044,40.2319],[-79.8071,40.2345],[-79.8074,40.2369]]]]}},{"type":"Feature","properties":{"geoid":"4205040","name":"Carlynton School District"},"geometry":{"type":"Polygon","coordinates":[[[-80.1,40.4116],[-80.0979,40.4151],[-80.0994,40.4213],[-80.0965,40.4213],[-80.0953,40.43],[-80.0923,40.4285],[-80.0904,40.4309],[-80.0863,40.4284],[-80.0804,40.4321],[-80.0764,40.4317],[-80.0754,40.4342],[-80.0781,40.4386],[-80.0807,40.4397],[-80.0801,40.4407],[-80.0764,40.4418],[-80.0741,40.4403],[-80.0627,40.4419],[-80.0576,40.4375],[-80.0591,40.4371],[-80.0573,40.4316],[-80.0598,40.4283],[-80.0622,40.429],[-80.0632,40.4279],[-80.0686,40.4314],[-80.0739,40.4255],[-80.0805,40.4237],[-80.0855,40.4238],[-80.0845,40.4205],[-80.0749,40.4206],[-80.076,40.4179],[-80.0793,40.4161],[-80.0805,40.4129],[-80.0703,40.4064],[-80.0674,40.401],[-80.0697,40.3986],[-80.0799,40.3999],[-80.0867,40.3987],[-80.087,40.4033],[-80.0985,40.4],[-80.1,40.4116]]]}},{"type":"Feature","properties":{"geoid":"4208060","name":"East Allegheny School District"},"geometry":{"type":"Polygon","coordinates":[[[-79.852,40.3902],[-79.8523,40.3943],[-79.8371,40.391],[-79.8356,40.3943],[-79.8311,40.3976],[-79.8277,40.4043],[-79.8267,40.4042],[-79.8187,40.4005],[-79.817,40.4023],[-79.8136,40.401],[-79.8092,40.397],[-79.8065,40.3968],[-79.8054,40.3986],[-79.8044,40.3984],[-79.8045,40.3968],[-79.8014,40.3941],[-79.7972,40.3941],[-79.792,40.3979],[-79.784,40.3963],[-79.7771,40.3989],[-79.7682,40.3866],[-79.7654,40.3853],[-79.7681,40.3843],[-79.772,40.3856],[-79.775,40.3791],[-79.7711,40.3754],[-79.7744,40.3597],[-79.8292,40.3612],[-79.8332,40.3627],[-79.8342,40.3615],[-79.8364,40.365],[-79.8388,40.3751],[-79.8412,40.3784],[-79.8534,40.3884],[-79.852,40.3902]]]}},{"type":"Feature","properties":{"geoid":"4210070","name":"Fox Chapel Area School District"},"geometry":{"type":"Polygon","coordinates":[[[-79.9405,40.4964],[-79.9361,40.4972],[-79.9387,40.554],[-79.9151,40.5549],[-79.9159,40.5964],[-79.8126,40.5991],[-79.8114,40.5665],[-79.8222,40.5663],[-79.8236,40.5617],[-79.869,40.5604],[-79.8677,40.5359],[-79.8555,40.5364],[-79.8549,40.5209],[-79.8505,40.5205],[-79.851,40.5159],[-79.8489,40.5037],[-79.8497,40.4976],[-79.8511,40.4936],[-79.8565,40.489],[-79.8655,40.4851],[-79.8838,40.4832],[-79.8882,40.4839],[-79.8882,40.4864],[-79.8846,40.4873],[-79.8846,40.4909],[-79.8969,40.4926],[-79.8976,40.4879],[-79.9016,40.489],[-79.9014,40.4862],[-79.9279,40.4915],[-79.9384,40.491],[-79.9386,40.4952],[-79.9405,40.4964]]]}},{"type":"Feature","properties":{"geoid":"4212750","name":"Keystone Oaks School District"},"geometry":{"type":"MultiPolygon","coordinates":[[[[-80.0384,40.3688],[-80.0319,40.3704],[-80.0279,40.368],[-80.0217,40.3696],[-80.0185,40.3717],[-80.0225,40.3752],[-80.0212,40.3766],[-80.014,40.3723],[-80.0108,40.3754],[-80.0168,40.3768],[-80.0127,40.3795],[-80.0079,40.3782],[-80.0067,40.3749],[-80.0016,40.3748],[-80.0011,40.3709],[-80.0079,40.3666],[-80.0049,40.3648],[-80.0088,40.361],[-80.0127,40.362],[-80.0164,40.359],[-80.0228,40.3586],[-80.0237,40.3606],[-80.028,40.3619],[-80.0282,40.3559],[-80.0367,40.3549],[-80.0357,40.3608],[-80.0336,40.3626],[-80.031,40.3612],[-80.0304,40.3622],[-80.0384,40.3688]]],[[[-80.0465,40.3957],[-80.0449,40.3991],[-80.0419,40.3994],[-80.0356,40.4043],[-80.0366,40.4008],[-80.0325,40.4017],[-80.0294,40.3972],[-80.0311,40.3966],[-80.0287,40.3913],[-80.0336,40.3898],[-80.0328,40.3882],[-80.0345,40.3884],[-80.0368,40.3843],[-80.0389,40.383],[-80.0406,40.3867],[-80.0429,40.3884],[-80.0416,40.3895],[-80.0463,40.3938],[-80.0465,40.3957]]],[[[-80.0739,40.4134],[-80.0715,40.4158],[-80.0664,40.4168],[-80.0672,40.4229],[-80.0637,40.4264],[-80.0572,40.4264],[-80.0538,40.4279],[-80.0474,40.426],[-80.0466,40.4294],[-80.0431,40.428],[-80.0417,40.429],[-80.0384,40.4278],[-80.0348,40.4284],[-80.0512,40.4019],[-80.0739,40.4134]]]]}},{"type":"Feature","properties":{"geoid":"4215830","name":"Moon Area School District"},"geometry":{"type":"Polygon","coordinates":[[[-80.2743,40.5393],[-80.229,40.5728],[-80.22,40.5616],[-80.2136,40.5558],[-80.2008,40.5474],[-80.191,40.5345],[-80.1713,40.5274],[-80.1781,40.5179],[-80.1763,40.5176],[-80.1734,40.5119],[-80.1744,40.5105],[-80.1716,40.5097],[-80.1722,40.5108],[-80.1611,40.5062],[-80.1503,40.5036],[-80.1463,40.5069],[-80.1442,40.5038],[-80.1416,40.5029],[-80.1413,40.4998],[-80.1423,40.4991],[-80.1449,40.5013],[-80.147,40.4995],[-80.1527,40.4994],[-80.1552,40.4968],[-80.1546,40.4954],[-80.1497,40.4933],[-80.1492,40.4914],[-80.1531,40.49],[-80.1525,40.4866],[-80.1567,40.4756],[-80.1518,40.4727],[-80.1567,40.4708],[-80.1559,40.4664],[-80.1613,40.4659],[-80.1623,40.464],[-80.1595,40.4606],[-80.1611,40.4585],[-80.1617,40.4613],[-80.1676,40.4624],[-80.1691,40.4616],[-80.1675,40.4603],[-80.1687,40.459],[-80.1783,40.4556],[-80.1833,40.4559],[-80.1929,40.46],[-80.1929,40.4615],[-80.1964,40.4653],[-80.2186,40.4783],[-80.2206,40.4809],[-80.2228,40.481],[-80.2221,40.4817],[-80.2242,40.4845],[-80.2255,40.491],[-80.228,40.4952],[-80.2594,40.5116],[-80.2743,40.5393]]]}},{"type":"Feature","properties":{"geoid":"4219860","name":"Quaker Valley School District"},"geometry":{"type":"Polygon","coordinates":[[[-80.2286,40.5731],[-80.2241,40.5753],[-80.224,40.5773],[-80.2201,40.5799],[-80.2192,40.5795],[-80.219,40.582],[-80.2144,40.581],[-80.2118,40.5825],[-80.2112,40.585],[-80.208,40.5881],[-80.2042,40.5886],[-80.195,40.5967],[-80.1845,40.5968],[-80.1885,40.6],[-80.184,40.6011],[-80.1848,40.6036],[-80.1805,40.6076],[-80.1808,40.6091],[-80.1779,40.6095],[-80.176,40.6081],[-80.172,40.6082],[-80.1658,40.606],[-80.1608,40.6095],[-80.1587,40.6092],[-80.1586,40.6052],[-80.1139,40.5755],[-80.1139,40.5705],[-80.1167,40.5705],[-80.114,40.5668],[-80.1135,40.5623],[-80.1157,40.5529],[-80.1221,40.5491],[-80.1203,40.5131],[-80.1377,40.5163],[-80.1473,40.5204],[-80.1598,40.5232],[-80.19,40.5338],[-80.2008,40.5474],[-80.2136,40.5558],[-80.22,40.5616],[-80.2286,40.5731]]]}},{"type":"Feature","properties":{"geoid":"4221910","name":"South Allegheny School District"},"geometry":{"type":"Polygon","coordinates":[[[-79.8976,40.3218],[-79.8958,40.3328],[-79.8919,40.339],[-79.8856,40.3452],[-79.8818,40.3434],[-79.881,40.3418],[-79.8734,40.3476],[-79.87,40.3488],[-79.8669,40.3422],[-79.8445,40.3265],[-79.8356,40.309],[-79.8395,40.3027],[-79.8293,40.2983],[-79.83,40.2962],[-79.8342,40.2913],[-79.8384,40.2896],[-79.8413,40.2854],[-79.8463,40.2842],[-79.8519,40.2794],[-79.8622,40.2775],[-79.8664,40.2792],[-79.8718,40.2764],[-79.8753,40.2789],[-79.8745,40.2796],[-79.8778,40.2826],[-79.8707,40.2879],[-79.8683,40.2911],[-79.8671,40.296],[-79.8685,40.302],[-79.8769,40.3091],[-79.8914,40.3147],[-79.8976,40.3218]]]}},{"type":"Feature","properties":{"geoid":"4225200","name":"West Allegheny School District"},"geometry":{"type":"Polygon","coordinates":[[[-80.3608,40.4777],[-80.2743,40.5393],[-80.2594,40.5116],[-80.228,40.4952],[-80.2255,40.491],[-80.2242,40.4845],[-80.2221,40.4817],[-80.2228,40.481],[-80.2206,40.4809],[-80.2186,40.4783],[-80.1964,40.4653],[-80.1929,40.4615],[-80.1929,40.46],[-80.1884,40.4578],[-80.1783,40.4556],[-80.1723,40.4583],[-80.1723,40.4437],[-80.1711,40.4399],[-80.1727,40.4355],[-80.1686,40.4277],[-80.1675,40.4183],[-80.1696,40.3989],[-80.171,40.3978],[-80.1721,40.3983],[-80.1725,40.4009],[-80.1755,40.4009],[-80.1821,40.3977],[-80.1811,40.3964],[-80.19,40.3923],[-80.1918,40.3941],[-80.1895,40.396],[-80.1983,40.3896],[-80.2018,40.3892],[-80.2112,40.3836],[-80.2148,40.3807],[-80.2152,40.3768],[-80.2172,40.3741],[-80.2271,40.3714],[-80.2306,40.3766],[-80.2343,40.3775],[-80.2347,40.3755],[-80.3608,40.4777]]]}},{"type":"Feature","properties":{"geoid":"4203480","name":"Berwick Area School District"},"geometry":{"type":"Polygon","coordinates":[[[-76.3267,41.1033],[-76.3239,41.1064],[-76.3101,41.1134],[-76.247,41.1315],[-76.1786,41.1607],[-76.1574,41.1551],[-76.16,41.1531],[-76.1477,41.1446],[-76.1472,41.1497],[-76.1453,41.1534],[-76.1462,41.1442],[-76.1437,41.1383],[-76.1435,41.1317],[-76.1429,41.13],[-76.1361,41.125],[-76.1345,41.1177],[-76.1298,41.1091],[-76.1277,41.099],[-76.1295,41.0912],[-76.1297,41.0799],[-76.1307,41.0773],[-76.1363,41.0737],[-76.1343,41.0719],[-76.1292,41.0693],[-76.1263,41.0697],[-76.1173,41.0815],[-76.0639,41.1084],[-76.0267,41.0554],[-76.0401,41.0509],[-76.0419,41.0543],[-76.044,41.0537],[-76.0463,41.0573],[-76.0611,41.0513],[-76.0614,41.0447],[-76.0735,41.0402],[-76.1798,41.0126],[-76.2217,41.0043],[-76.2312,41.0503],[-76.2281,41.0519],[-76.2285,41.0536],[-76.2577,41.0396],[-76.3035,41.0379],[-76.3262,41.0996],[-76.3267,41.1033]]]}},{"type":"Feature","properties":{"geoid":"4215990","name":"Mount Carmel Area School District"},"geometry":{"type":"MultiPolygon","coordinates":[[[[-76.3502,40.8076],[-76.3401,40.8085],[-76.3393,40.8028],[-76.338,40.8029],[-76.3388,40.7996],[-76.3431,40.801],[-76.3434,40.803],[-76.3495,40.8025],[-76.3502,40.8076]]],[[[-76.4932,40.8247],[-76.4872,40.8263],[-76.4734,40.8272],[-76.4707,40.8287],[-76.4676,40.8279],[-76.4615,40.8288],[-76.4546,40.8308],[-76.4115,40.8335],[-76.3803,40.7754],[-76.4101,40.7649],[-76.424,40.7619],[-76.4609,40.7564],[-76.4613,40.76],[-76.4849,40.7589],[-76.4932,40.8247]]]]}}]}